household_id,case,year,month,elec_units,water_units
case1_0000,bangkok_normal,2024,3,287.1,16.1
case1_0000,bangkok_normal,2024,4,337.5,17.9
case1_0000,bangkok_normal,2024,5,248.5,16.1
case1_0000,bangkok_normal,2024,6,222.8,14.0
case1_0000,bangkok_normal,2024,7,241.1,13.3
case1_0000,bangkok_normal,2024,8,233.7,15.1
case1_0000,bangkok_normal,2024,9,226.5,15.4
case1_0000,bangkok_normal,2024,10,203.7,15.2
case1_0000,bangkok_normal,2024,11,232.2,13.5
case1_0000,bangkok_normal,2024,12,200.6,13.4
case1_0000,bangkok_normal,2025,1,197.5,13.6
case1_0000,bangkok_normal,2025,2,257.8,14.6
case1_0000,bangkok_normal,2025,3,291.9,16.3
case1_0000,bangkok_normal,2025,4,288.7,16.4
case1_0000,bangkok_normal,2025,5,301.2,16.6
case1_0000,bangkok_normal,2025,6,247.6,15.4
case1_0000,bangkok_normal,2025,7,267.8,15.1
case1_0000,bangkok_normal,2025,8,249.2,15.4
case1_0000,bangkok_normal,2025,9,228.7,12.4
case1_0000,bangkok_normal,2025,10,209.3,13.0
case1_0000,bangkok_normal,2025,11,242.6,12.9
case1_0000,bangkok_normal,2025,12,188.0,12.1
case1_0000,bangkok_normal,2026,1,185.7,12.6
case1_0000,bangkok_normal,2026,2,222.4,15.8
case1_0000,bangkok_normal,2026,3,283.0,14.1
case1_0000,bangkok_normal,2026,4,323.5,16.6
case1_0000,bangkok_normal,2026,5,314.5,13.1
case1_0000,bangkok_normal,2026,6,289.0,13.6
case1_0000,bangkok_normal,2026,7,312.0,14.2
case1_0000,bangkok_normal,2026,8,255.3,14.9
case1_0001,bangkok_normal,2024,3,292.6,22.5
case1_0001,bangkok_normal,2024,4,324.9,20.9
case1_0001,bangkok_normal,2024,5,353.7,20.9
case1_0001,bangkok_normal,2024,6,304.7,23.7
case1_0001,bangkok_normal,2024,7,250.0,20.8
case1_0001,bangkok_normal,2024,8,236.9,22.0
case1_0001,bangkok_normal,2024,9,226.9,18.7
case1_0001,bangkok_normal,2024,10,255.5,19.1
case1_0001,bangkok_normal,2024,11,253.9,17.7
case1_0001,bangkok_normal,2024,12,224.2,17.4
case1_0001,bangkok_normal,2025,1,213.7,19.9
case1_0001,bangkok_normal,2025,2,265.9,16.9
case1_0001,bangkok_normal,2025,3,328.4,20.7
case1_0001,bangkok_normal,2025,4,347.0,22.2
case1_0001,bangkok_normal,2025,5,352.7,20.3
case1_0001,bangkok_normal,2025,6,294.9,17.4
case1_0001,bangkok_normal,2025,7,276.1,19.2
case1_0001,bangkok_normal,2025,8,268.3,18.5
case1_0001,bangkok_normal,2025,9,232.2,19.4
case1_0001,bangkok_normal,2025,10,260.9,19.1
case1_0001,bangkok_normal,2025,11,244.3,21.8
case1_0001,bangkok_normal,2025,12,211.4,18.3
case1_0001,bangkok_normal,2026,1,232.1,16.4
case1_0001,bangkok_normal,2026,2,284.0,18.8
case1_0001,bangkok_normal,2026,3,341.0,20.3
case1_0001,bangkok_normal,2026,4,363.5,23.7
case1_0001,bangkok_normal,2026,5,333.8,23.0
case1_0001,bangkok_normal,2026,6,311.5,21.2
case1_0001,bangkok_normal,2026,7,247.4,22.3
case1_0001,bangkok_normal,2026,8,234.6,17.7
case1_0002,bangkok_normal,2024,3,523.0,13.2
case1_0002,bangkok_normal,2024,4,526.9,11.3
case1_0002,bangkok_normal,2024,5,602.4,12.1
case1_0002,bangkok_normal,2024,6,532.0,10.2
case1_0002,bangkok_normal,2024,7,430.8,11.4
case1_0002,bangkok_normal,2024,8,420.1,11.1
case1_0002,bangkok_normal,2024,9,453.8,10.3
case1_0002,bangkok_normal,2024,10,478.3,10.1
case1_0002,bangkok_normal,2024,11,529.7,9.4
case1_0002,bangkok_normal,2024,12,489.4,9.7
case1_0002,bangkok_normal,2025,1,432.1,9.3
case1_0002,bangkok_normal,2025,2,432.1,8.8
case1_0002,bangkok_normal,2025,3,416.2,9.0
case1_0002,bangkok_normal,2025,4,578.4,10.8
case1_0002,bangkok_normal,2025,5,528.5,12.5
case1_0002,bangkok_normal,2025,6,495.0,11.2
case1_0002,bangkok_normal,2025,7,455.5,10.4
case1_0002,bangkok_normal,2025,8,461.7,10.5
case1_0002,bangkok_normal,2025,9,491.4,11.3
case1_0002,bangkok_normal,2025,10,454.2,10.4
case1_0002,bangkok_normal,2025,11,427.1,9.6
case1_0002,bangkok_normal,2025,12,322.1,10.2
case1_0002,bangkok_normal,2026,1,300.7,10.0
case1_0002,bangkok_normal,2026,2,400.8,11.5
case1_0002,bangkok_normal,2026,3,503.7,11.1
case1_0002,bangkok_normal,2026,4,684.3,9.8
case1_0002,bangkok_normal,2026,5,603.4,9.0
case1_0002,bangkok_normal,2026,6,578.1,11.4
case1_0002,bangkok_normal,2026,7,477.9,12.0
case1_0002,bangkok_normal,2026,8,415.0,10.3
case1_0003,bangkok_normal,2024,3,457.1,23.0
case1_0003,bangkok_normal,2024,4,510.8,24.3
case1_0003,bangkok_normal,2024,5,572.2,19.1
case1_0003,bangkok_normal,2024,6,494.5,18.0
case1_0003,bangkok_normal,2024,7,470.9,15.4
case1_0003,bangkok_normal,2024,8,452.9,16.2
case1_0003,bangkok_normal,2024,9,445.5,17.6
case1_0003,bangkok_normal,2024,10,479.8,19.4
case1_0003,bangkok_normal,2024,11,434.0,16.7
case1_0003,bangkok_normal,2024,12,371.7,15.3
case1_0003,bangkok_normal,2025,1,296.5,12.9
case1_0003,bangkok_normal,2025,2,407.5,16.2
case1_0003,bangkok_normal,2025,3,456.0,16.3
case1_0003,bangkok_normal,2025,4,488.6,17.8
case1_0003,bangkok_normal,2025,5,480.9,17.1
case1_0003,bangkok_normal,2025,6,468.5,17.8
case1_0003,bangkok_normal,2025,7,501.0,14.9
case1_0003,bangkok_normal,2025,8,407.4,14.5
case1_0003,bangkok_normal,2025,9,416.5,20.2
case1_0003,bangkok_normal,2025,10,392.4,16.1
case1_0003,bangkok_normal,2025,11,388.6,15.2
case1_0003,bangkok_normal,2025,12,368.9,18.8
case1_0003,bangkok_normal,2026,1,381.0,22.0
case1_0003,bangkok_normal,2026,2,491.0,17.4
case1_0003,bangkok_normal,2026,3,514.6,17.9
case1_0003,bangkok_normal,2026,4,532.8,20.0
case1_0003,bangkok_normal,2026,5,523.8,22.6
case1_0003,bangkok_normal,2026,6,503.7,17.9
case1_0003,bangkok_normal,2026,7,473.9,17.6
case1_0003,bangkok_normal,2026,8,406.9,19.2
case1_0004,bangkok_normal,2024,3,380.6,14.7
case1_0004,bangkok_normal,2024,4,378.2,10.8
case1_0004,bangkok_normal,2024,5,395.6,12.2
case1_0004,bangkok_normal,2024,6,369.6,12.8
case1_0004,bangkok_normal,2024,7,364.7,12.9
case1_0004,bangkok_normal,2024,8,333.9,12.1
case1_0004,bangkok_normal,2024,9,341.2,10.0
case1_0004,bangkok_normal,2024,10,355.3,11.8
case1_0004,bangkok_normal,2024,11,331.3,13.9
case1_0004,bangkok_normal,2024,12,277.8,10.2
case1_0004,bangkok_normal,2025,1,281.1,12.1
case1_0004,bangkok_normal,2025,2,335.0,11.9
case1_0004,bangkok_normal,2025,3,364.3,12.7
case1_0004,bangkok_normal,2025,4,447.3,12.0
case1_0004,bangkok_normal,2025,5,425.1,12.4
case1_0004,bangkok_normal,2025,6,469.3,14.1
case1_0004,bangkok_normal,2025,7,442.9,13.5
case1_0004,bangkok_normal,2025,8,391.6,14.7
case1_0004,bangkok_normal,2025,9,321.2,14.1
case1_0004,bangkok_normal,2025,10,286.8,13.1
case1_0004,bangkok_normal,2025,11,345.7,14.2
case1_0004,bangkok_normal,2025,12,281.6,12.4
case1_0004,bangkok_normal,2026,1,296.3,12.6
case1_0004,bangkok_normal,2026,2,287.4,14.5
case1_0004,bangkok_normal,2026,3,413.0,15.4
case1_0004,bangkok_normal,2026,4,474.0,14.9
case1_0004,bangkok_normal,2026,5,394.8,16.9
case1_0004,bangkok_normal,2026,6,368.5,13.9
case1_0004,bangkok_normal,2026,7,372.3,15.6
case1_0004,bangkok_normal,2026,8,363.0,14.6
case1_0005,bangkok_normal,2024,3,349.4,10.8
case1_0005,bangkok_normal,2024,4,442.9,11.9
case1_0005,bangkok_normal,2024,5,394.3,11.9
case1_0005,bangkok_normal,2024,6,378.2,12.2
case1_0005,bangkok_normal,2024,7,433.9,12.7
case1_0005,bangkok_normal,2024,8,414.5,10.6
case1_0005,bangkok_normal,2024,9,343.5,10.8
case1_0005,bangkok_normal,2024,10,309.4,12.6
case1_0005,bangkok_normal,2024,11,332.3,10.7
case1_0005,bangkok_normal,2024,12,251.4,9.6
case1_0005,bangkok_normal,2025,1,269.0,10.5
case1_0005,bangkok_normal,2025,2,362.0,12.1
case1_0005,bangkok_normal,2025,3,472.2,12.2
case1_0005,bangkok_normal,2025,4,527.3,14.1
case1_0005,bangkok_normal,2025,5,378.2,13.8
case1_0005,bangkok_normal,2025,6,417.0,13.3
case1_0005,bangkok_normal,2025,7,401.1,12.6
case1_0005,bangkok_normal,2025,8,406.7,14.4
case1_0005,bangkok_normal,2025,9,430.9,11.9
case1_0005,bangkok_normal,2025,10,342.1,9.2
case1_0005,bangkok_normal,2025,11,356.0,12.3
case1_0005,bangkok_normal,2025,12,340.9,10.4
case1_0005,bangkok_normal,2026,1,296.6,10.8
case1_0005,bangkok_normal,2026,2,459.8,12.8
case1_0005,bangkok_normal,2026,3,523.6,10.6
case1_0005,bangkok_normal,2026,4,614.7,10.6
case1_0005,bangkok_normal,2026,5,527.5,9.9
case1_0005,bangkok_normal,2026,6,531.0,10.4
case1_0005,bangkok_normal,2026,7,521.6,11.7
case1_0005,bangkok_normal,2026,8,479.3,12.2
case1_0006,bangkok_normal,2024,3,660.2,13.7
case1_0006,bangkok_normal,2024,4,807.4,14.7
case1_0006,bangkok_normal,2024,5,814.1,16.3
case1_0006,bangkok_normal,2024,6,717.6,17.6
case1_0006,bangkok_normal,2024,7,701.0,13.4
case1_0006,bangkok_normal,2024,8,658.6,14.6
case1_0006,bangkok_normal,2024,9,631.0,12.7
case1_0006,bangkok_normal,2024,10,547.2,14.1
case1_0006,bangkok_normal,2024,11,548.0,13.7
case1_0006,bangkok_normal,2024,12,478.2,10.8
case1_0006,bangkok_normal,2025,1,532.6,13.7
case1_0006,bangkok_normal,2025,2,586.9,13.3
case1_0006,bangkok_normal,2025,3,728.9,13.7
case1_0006,bangkok_normal,2025,4,780.9,13.5
case1_0006,bangkok_normal,2025,5,959.0,13.6
case1_0006,bangkok_normal,2025,6,957.7,14.8
case1_0006,bangkok_normal,2025,7,692.9,14.0
case1_0006,bangkok_normal,2025,8,668.5,14.5
case1_0006,bangkok_normal,2025,9,614.8,14.4
case1_0006,bangkok_normal,2025,10,531.7,15.5
case1_0006,bangkok_normal,2025,11,619.5,13.7
case1_0006,bangkok_normal,2025,12,625.8,11.1
case1_0006,bangkok_normal,2026,1,621.6,13.7
case1_0006,bangkok_normal,2026,2,775.1,13.5
case1_0006,bangkok_normal,2026,3,993.3,15.9
case1_0006,bangkok_normal,2026,4,1178.0,16.1
case1_0006,bangkok_normal,2026,5,1021.7,15.0
case1_0006,bangkok_normal,2026,6,1025.6,14.9
case1_0006,bangkok_normal,2026,7,882.4,16.8
case1_0006,bangkok_normal,2026,8,763.4,17.4
case1_0007,bangkok_normal,2024,3,328.5,9.9
case1_0007,bangkok_normal,2024,4,320.7,11.7
case1_0007,bangkok_normal,2024,5,331.2,12.4
case1_0007,bangkok_normal,2024,6,298.9,11.5
case1_0007,bangkok_normal,2024,7,286.9,10.4
case1_0007,bangkok_normal,2024,8,251.4,10.8
case1_0007,bangkok_normal,2024,9,210.7,9.9
case1_0007,bangkok_normal,2024,10,185.2,10.8
case1_0007,bangkok_normal,2024,11,198.8,8.4
case1_0007,bangkok_normal,2024,12,183.3,8.7
case1_0007,bangkok_normal,2025,1,199.1,7.5
case1_0007,bangkok_normal,2025,2,297.6,8.0
case1_0007,bangkok_normal,2025,3,345.1,11.3
case1_0007,bangkok_normal,2025,4,323.0,12.2
case1_0007,bangkok_normal,2025,5,332.8,10.5
case1_0007,bangkok_normal,2025,6,288.9,8.9
case1_0007,bangkok_normal,2025,7,268.6,6.9
case1_0007,bangkok_normal,2025,8,272.8,8.6
case1_0007,bangkok_normal,2025,9,270.8,11.7
case1_0007,bangkok_normal,2025,10,243.8,10.7
case1_0007,bangkok_normal,2025,11,267.0,9.5
case1_0007,bangkok_normal,2025,12,187.4,9.5
case1_0007,bangkok_normal,2026,1,206.7,8.0
case1_0007,bangkok_normal,2026,2,316.9,9.1
case1_0007,bangkok_normal,2026,3,327.1,10.2
case1_0007,bangkok_normal,2026,4,394.8,10.6
case1_0007,bangkok_normal,2026,5,346.1,11.4
case1_0007,bangkok_normal,2026,6,321.1,10.8
case1_0007,bangkok_normal,2026,7,284.1,10.8
case1_0007,bangkok_normal,2026,8,268.5,9.5
case1_0008,bangkok_normal,2024,3,452.2,13.2
case1_0008,bangkok_normal,2024,4,502.2,16.2
case1_0008,bangkok_normal,2024,5,598.4,14.0
case1_0008,bangkok_normal,2024,6,506.6,12.7
case1_0008,bangkok_normal,2024,7,533.6,11.6
case1_0008,bangkok_normal,2024,8,456.5,10.9
case1_0008,bangkok_normal,2024,9,490.9,10.3
case1_0008,bangkok_normal,2024,10,441.4,10.5
case1_0008,bangkok_normal,2024,11,429.8,11.5
case1_0008,bangkok_normal,2024,12,402.2,11.7
case1_0008,bangkok_normal,2025,1,365.6,11.7
case1_0008,bangkok_normal,2025,2,398.7,11.4
case1_0008,bangkok_normal,2025,3,476.7,13.8
case1_0008,bangkok_normal,2025,4,594.2,14.8
case1_0008,bangkok_normal,2025,5,481.7,13.6
case1_0008,bangkok_normal,2025,6,524.5,12.2
case1_0008,bangkok_normal,2025,7,459.9,13.2
case1_0008,bangkok_normal,2025,8,514.3,13.0
case1_0008,bangkok_normal,2025,9,354.4,10.8
case1_0008,bangkok_normal,2025,10,372.0,11.7
case1_0008,bangkok_normal,2025,11,338.7,12.3
case1_0008,bangkok_normal,2025,12,306.1,10.6
case1_0008,bangkok_normal,2026,1,363.6,11.7
case1_0008,bangkok_normal,2026,2,437.7,10.7
case1_0008,bangkok_normal,2026,3,509.3,14.2
case1_0008,bangkok_normal,2026,4,582.1,15.7
case1_0008,bangkok_normal,2026,5,583.9,13.8
case1_0008,bangkok_normal,2026,6,480.1,13.7
case1_0008,bangkok_normal,2026,7,514.6,10.1
case1_0008,bangkok_normal,2026,8,518.2,10.5
case1_0009,bangkok_normal,2024,3,378.8,10.9
case1_0009,bangkok_normal,2024,4,486.2,11.1
case1_0009,bangkok_normal,2024,5,368.1,10.0
case1_0009,bangkok_normal,2024,6,320.4,11.4
case1_0009,bangkok_normal,2024,7,328.2,9.8
case1_0009,bangkok_normal,2024,8,369.2,9.8
case1_0009,bangkok_normal,2024,9,280.1,9.8
case1_0009,bangkok_normal,2024,10,292.6,9.0
case1_0009,bangkok_normal,2024,11,337.1,9.7
case1_0009,bangkok_normal,2024,12,214.7,8.5
case1_0009,bangkok_normal,2025,1,210.9,8.5
case1_0009,bangkok_normal,2025,2,274.4,10.5
case1_0009,bangkok_normal,2025,3,324.9,9.3
case1_0009,bangkok_normal,2025,4,419.8,7.8
case1_0009,bangkok_normal,2025,5,398.8,11.1
case1_0009,bangkok_normal,2025,6,295.5,12.5
case1_0009,bangkok_normal,2025,7,327.8,10.0
case1_0009,bangkok_normal,2025,8,300.4,7.9
case1_0009,bangkok_normal,2025,9,330.3,8.6
case1_0009,bangkok_normal,2025,10,281.1,8.7
case1_0009,bangkok_normal,2025,11,264.8,8.8
case1_0009,bangkok_normal,2025,12,245.2,7.7
case1_0009,bangkok_normal,2026,1,267.2,8.9
case1_0009,bangkok_normal,2026,2,317.8,9.7
case1_0009,bangkok_normal,2026,3,299.4,8.5
case1_0009,bangkok_normal,2026,4,398.0,10.5
case1_0009,bangkok_normal,2026,5,343.8,12.0
case1_0009,bangkok_normal,2026,6,345.5,10.4
case1_0009,bangkok_normal,2026,7,279.7,9.3
case1_0009,bangkok_normal,2026,8,315.3,9.1
case1_0010,bangkok_normal,2024,3,310.2,32.3
case1_0010,bangkok_normal,2024,4,319.8,32.6
case1_0010,bangkok_normal,2024,5,369.7,35.0
case1_0010,bangkok_normal,2024,6,336.6,34.3
case1_0010,bangkok_normal,2024,7,385.0,35.6
case1_0010,bangkok_normal,2024,8,332.8,30.8
case1_0010,bangkok_normal,2024,9,355.5,29.2
case1_0010,bangkok_normal,2024,10,279.0,28.6
case1_0010,bangkok_normal,2024,11,302.4,32.2
case1_0010,bangkok_normal,2024,12,254.1,33.7
case1_0010,bangkok_normal,2025,1,235.9,29.6
case1_0010,bangkok_normal,2025,2,305.2,30.2
case1_0010,bangkok_normal,2025,3,400.6,33.9
case1_0010,bangkok_normal,2025,4,409.3,34.5
case1_0010,bangkok_normal,2025,5,330.9,37.8
case1_0010,bangkok_normal,2025,6,343.2,27.5
case1_0010,bangkok_normal,2025,7,303.6,28.8
case1_0010,bangkok_normal,2025,8,307.9,29.3
case1_0010,bangkok_normal,2025,9,301.5,24.3
case1_0010,bangkok_normal,2025,10,249.3,27.1
case1_0010,bangkok_normal,2025,11,235.4,28.1
case1_0010,bangkok_normal,2025,12,244.4,29.2
case1_0010,bangkok_normal,2026,1,244.3,34.4
case1_0010,bangkok_normal,2026,2,230.7,33.8
case1_0010,bangkok_normal,2026,3,364.9,32.2
case1_0010,bangkok_normal,2026,4,425.8,36.3
case1_0010,bangkok_normal,2026,5,377.1,40.7
case1_0010,bangkok_normal,2026,6,314.9,33.9
case1_0010,bangkok_normal,2026,7,356.5,31.9
case1_0010,bangkok_normal,2026,8,349.5,36.3
case1_0011,bangkok_normal,2024,3,636.2,14.2
case1_0011,bangkok_normal,2024,4,769.2,13.2
case1_0011,bangkok_normal,2024,5,640.7,15.5
case1_0011,bangkok_normal,2024,6,620.2,17.1
case1_0011,bangkok_normal,2024,7,577.0,18.6
case1_0011,bangkok_normal,2024,8,504.6,17.1
case1_0011,bangkok_normal,2024,9,441.1,15.1
case1_0011,bangkok_normal,2024,10,529.9,13.8
case1_0011,bangkok_normal,2024,11,500.4,14.7
case1_0011,bangkok_normal,2024,12,385.7,13.8
case1_0011,bangkok_normal,2025,1,429.9,12.9
case1_0011,bangkok_normal,2025,2,592.1,17.9
case1_0011,bangkok_normal,2025,3,513.2,19.8
case1_0011,bangkok_normal,2025,4,573.5,20.0
case1_0011,bangkok_normal,2025,5,588.7,16.3
case1_0011,bangkok_normal,2025,6,691.7,17.5
case1_0011,bangkok_normal,2025,7,622.1,17.4
case1_0011,bangkok_normal,2025,8,623.8,17.0
case1_0011,bangkok_normal,2025,9,494.5,17.8
case1_0011,bangkok_normal,2025,10,453.0,17.1
case1_0011,bangkok_normal,2025,11,514.5,17.1
case1_0011,bangkok_normal,2025,12,431.7,16.1
case1_0011,bangkok_normal,2026,1,469.6,15.8
case1_0011,bangkok_normal,2026,2,536.2,13.4
case1_0011,bangkok_normal,2026,3,644.9,16.1
case1_0011,bangkok_normal,2026,4,728.0,16.5
case1_0011,bangkok_normal,2026,5,741.9,14.9
case1_0011,bangkok_normal,2026,6,691.1,18.9
case1_0011,bangkok_normal,2026,7,512.8,19.8
case1_0011,bangkok_normal,2026,8,425.5,19.5
case1_0012,bangkok_normal,2024,3,564.6,12.1
case1_0012,bangkok_normal,2024,4,651.9,11.3
case1_0012,bangkok_normal,2024,5,556.4,11.8
case1_0012,bangkok_normal,2024,6,569.7,12.3
case1_0012,bangkok_normal,2024,7,532.2,11.8
case1_0012,bangkok_normal,2024,8,450.6,11.3
case1_0012,bangkok_normal,2024,9,463.4,11.9
case1_0012,bangkok_normal,2024,10,459.2,11.2
case1_0012,bangkok_normal,2024,11,537.8,10.8
case1_0012,bangkok_normal,2024,12,438.5,11.2
case1_0012,bangkok_normal,2025,1,418.4,10.9
case1_0012,bangkok_normal,2025,2,502.5,12.1
case1_0012,bangkok_normal,2025,3,576.8,13.1
case1_0012,bangkok_normal,2025,4,634.6,12.0
case1_0012,bangkok_normal,2025,5,554.9,12.2
case1_0012,bangkok_normal,2025,6,542.7,14.3
case1_0012,bangkok_normal,2025,7,486.6,11.6
case1_0012,bangkok_normal,2025,8,442.2,9.7
case1_0012,bangkok_normal,2025,9,489.7,9.3
case1_0012,bangkok_normal,2025,10,490.6,11.3
case1_0012,bangkok_normal,2025,11,391.1,11.9
case1_0012,bangkok_normal,2025,12,366.2,11.4
case1_0012,bangkok_normal,2026,1,436.0,13.0
case1_0012,bangkok_normal,2026,2,549.3,9.7
case1_0012,bangkok_normal,2026,3,650.0,12.8
case1_0012,bangkok_normal,2026,4,677.8,15.8
case1_0012,bangkok_normal,2026,5,584.5,12.8
case1_0012,bangkok_normal,2026,6,502.8,12.6
case1_0012,bangkok_normal,2026,7,533.7,11.9
case1_0012,bangkok_normal,2026,8,539.2,11.5
case1_0013,bangkok_normal,2024,3,658.3,17.2
case1_0013,bangkok_normal,2024,4,647.0,16.0
case1_0013,bangkok_normal,2024,5,726.0,18.0
case1_0013,bangkok_normal,2024,6,592.1,17.0
case1_0013,bangkok_normal,2024,7,617.7,13.4
case1_0013,bangkok_normal,2024,8,529.6,12.2
case1_0013,bangkok_normal,2024,9,488.5,14.6
case1_0013,bangkok_normal,2024,10,480.5,14.9
case1_0013,bangkok_normal,2024,11,596.1,15.1
case1_0013,bangkok_normal,2024,12,445.4,14.5
case1_0013,bangkok_normal,2025,1,387.4,15.0
case1_0013,bangkok_normal,2025,2,515.7,17.1
case1_0013,bangkok_normal,2025,3,550.1,15.2
case1_0013,bangkok_normal,2025,4,596.9,14.9
case1_0013,bangkok_normal,2025,5,648.7,14.5
case1_0013,bangkok_normal,2025,6,566.9,16.1
case1_0013,bangkok_normal,2025,7,533.6,17.8
case1_0013,bangkok_normal,2025,8,506.8,15.7
case1_0013,bangkok_normal,2025,9,488.0,11.7
case1_0013,bangkok_normal,2025,10,479.6,11.7
case1_0013,bangkok_normal,2025,11,372.5,12.9
case1_0013,bangkok_normal,2025,12,379.8,13.0
case1_0013,bangkok_normal,2026,1,354.4,13.5
case1_0013,bangkok_normal,2026,2,392.1,15.1
case1_0013,bangkok_normal,2026,3,519.0,15.6
case1_0013,bangkok_normal,2026,4,616.4,18.4
case1_0013,bangkok_normal,2026,5,558.1,16.0
case1_0013,bangkok_normal,2026,6,580.0,14.6
case1_0013,bangkok_normal,2026,7,454.6,16.0
case1_0013,bangkok_normal,2026,8,460.4,13.3
case1_0014,bangkok_normal,2024,3,690.3,15.4
case1_0014,bangkok_normal,2024,4,910.9,16.8
case1_0014,bangkok_normal,2024,5,755.1,14.2
case1_0014,bangkok_normal,2024,6,837.0,14.6
case1_0014,bangkok_normal,2024,7,679.9,16.0
case1_0014,bangkok_normal,2024,8,567.3,16.3
case1_0014,bangkok_normal,2024,9,585.3,15.2
case1_0014,bangkok_normal,2024,10,518.7,15.8
case1_0014,bangkok_normal,2024,11,514.1,15.4
case1_0014,bangkok_normal,2024,12,484.2,15.5
case1_0014,bangkok_normal,2025,1,527.8,14.8
case1_0014,bangkok_normal,2025,2,578.4,14.5
case1_0014,bangkok_normal,2025,3,766.0,16.0
case1_0014,bangkok_normal,2025,4,911.5,11.9
case1_0014,bangkok_normal,2025,5,913.4,15.4
case1_0014,bangkok_normal,2025,6,784.1,10.0
case1_0014,bangkok_normal,2025,7,770.9,11.1
case1_0014,bangkok_normal,2025,8,561.0,14.6
case1_0014,bangkok_normal,2025,9,566.0,15.5
case1_0014,bangkok_normal,2025,10,528.9,13.4
case1_0014,bangkok_normal,2025,11,569.6,13.4
case1_0014,bangkok_normal,2025,12,457.3,15.5
case1_0014,bangkok_normal,2026,1,489.0,14.1
case1_0014,bangkok_normal,2026,2,714.9,18.4
case1_0014,bangkok_normal,2026,3,741.4,17.1
case1_0014,bangkok_normal,2026,4,853.1,17.8
case1_0014,bangkok_normal,2026,5,779.1,19.6
case1_0014,bangkok_normal,2026,6,722.4,17.2
case1_0014,bangkok_normal,2026,7,673.0,14.7
case1_0014,bangkok_normal,2026,8,681.5,15.2
case1_0015,bangkok_normal,2024,3,382.8,14.6
case1_0015,bangkok_normal,2024,4,409.7,16.4
case1_0015,bangkok_normal,2024,5,456.6,15.2
case1_0015,bangkok_normal,2024,6,401.2,13.6
case1_0015,bangkok_normal,2024,7,358.8,13.4
case1_0015,bangkok_normal,2024,8,350.0,14.7
case1_0015,bangkok_normal,2024,9,340.4,14.0
case1_0015,bangkok_normal,2024,10,345.1,14.2
case1_0015,bangkok_normal,2024,11,294.9,14.7
case1_0015,bangkok_normal,2024,12,234.4,12.8
case1_0015,bangkok_normal,2025,1,296.5,14.1
case1_0015,bangkok_normal,2025,2,328.5,14.7
case1_0015,bangkok_normal,2025,3,336.8,13.3
case1_0015,bangkok_normal,2025,4,444.0,17.1
case1_0015,bangkok_normal,2025,5,447.3,15.1
case1_0015,bangkok_normal,2025,6,339.8,12.4
case1_0015,bangkok_normal,2025,7,359.2,12.4
case1_0015,bangkok_normal,2025,8,378.4,12.4
case1_0015,bangkok_normal,2025,9,353.0,13.6
case1_0015,bangkok_normal,2025,10,349.0,13.5
case1_0015,bangkok_normal,2025,11,283.5,13.4
case1_0015,bangkok_normal,2025,12,266.3,13.9
case1_0015,bangkok_normal,2026,1,269.0,14.1
case1_0015,bangkok_normal,2026,2,316.0,14.9
case1_0015,bangkok_normal,2026,3,417.6,15.9
case1_0015,bangkok_normal,2026,4,515.0,17.0
case1_0015,bangkok_normal,2026,5,521.8,12.9
case1_0015,bangkok_normal,2026,6,466.3,13.8
case1_0015,bangkok_normal,2026,7,382.6,11.4
case1_0015,bangkok_normal,2026,8,371.9,13.7
case1_0016,bangkok_normal,2024,3,588.2,18.4
case1_0016,bangkok_normal,2024,4,630.4,22.1
case1_0016,bangkok_normal,2024,5,559.1,19.2
case1_0016,bangkok_normal,2024,6,547.7,19.0
case1_0016,bangkok_normal,2024,7,473.8,16.8
case1_0016,bangkok_normal,2024,8,473.5,18.8
case1_0016,bangkok_normal,2024,9,491.9,20.8
case1_0016,bangkok_normal,2024,10,425.7,18.7
case1_0016,bangkok_normal,2024,11,459.7,17.8
case1_0016,bangkok_normal,2024,12,390.6,15.2
case1_0016,bangkok_normal,2025,1,349.4,16.3
case1_0016,bangkok_normal,2025,2,484.1,15.1
case1_0016,bangkok_normal,2025,3,575.1,16.5
case1_0016,bangkok_normal,2025,4,620.2,19.7
case1_0016,bangkok_normal,2025,5,541.7,22.2
case1_0016,bangkok_normal,2025,6,475.2,25.0
case1_0016,bangkok_normal,2025,7,453.0,19.4
case1_0016,bangkok_normal,2025,8,492.2,21.2
case1_0016,bangkok_normal,2025,9,413.6,19.4
case1_0016,bangkok_normal,2025,10,444.4,18.1
case1_0016,bangkok_normal,2025,11,381.2,18.6
case1_0016,bangkok_normal,2025,12,340.6,17.3
case1_0016,bangkok_normal,2026,1,371.8,17.4
case1_0016,bangkok_normal,2026,2,555.5,17.5
case1_0016,bangkok_normal,2026,3,495.5,16.4
case1_0016,bangkok_normal,2026,4,671.3,16.2
case1_0016,bangkok_normal,2026,5,606.7,19.8
case1_0016,bangkok_normal,2026,6,557.0,18.6
case1_0016,bangkok_normal,2026,7,506.7,17.4
case1_0016,bangkok_normal,2026,8,503.3,18.1
case1_0017,bangkok_normal,2024,3,317.5,23.7
case1_0017,bangkok_normal,2024,4,422.3,22.1
case1_0017,bangkok_normal,2024,5,438.6,20.7
case1_0017,bangkok_normal,2024,6,375.2,16.1
case1_0017,bangkok_normal,2024,7,358.0,16.9
case1_0017,bangkok_normal,2024,8,358.5,18.2
case1_0017,bangkok_normal,2024,9,337.9,17.5
case1_0017,bangkok_normal,2024,10,313.9,21.0
case1_0017,bangkok_normal,2024,11,304.9,19.2
case1_0017,bangkok_normal,2024,12,252.7,20.2
case1_0017,bangkok_normal,2025,1,224.5,18.9
case1_0017,bangkok_normal,2025,2,308.1,19.4
case1_0017,bangkok_normal,2025,3,306.4,20.1
case1_0017,bangkok_normal,2025,4,350.0,21.1
case1_0017,bangkok_normal,2025,5,415.2,24.2
case1_0017,bangkok_normal,2025,6,386.4,16.7
case1_0017,bangkok_normal,2025,7,383.2,14.9
case1_0017,bangkok_normal,2025,8,326.0,17.0
case1_0017,bangkok_normal,2025,9,269.1,18.4
case1_0017,bangkok_normal,2025,10,275.3,19.9
case1_0017,bangkok_normal,2025,11,285.0,19.9
case1_0017,bangkok_normal,2025,12,241.8,17.5
case1_0017,bangkok_normal,2026,1,277.8,19.6
case1_0017,bangkok_normal,2026,2,302.1,21.4
case1_0017,bangkok_normal,2026,3,366.9,21.2
case1_0017,bangkok_normal,2026,4,369.0,23.3
case1_0017,bangkok_normal,2026,5,396.5,21.9
case1_0017,bangkok_normal,2026,6,359.2,19.3
case1_0017,bangkok_normal,2026,7,310.8,20.6
case1_0017,bangkok_normal,2026,8,311.1,19.9
case1_0018,bangkok_normal,2024,3,344.6,14.8
case1_0018,bangkok_normal,2024,4,404.9,15.5
case1_0018,bangkok_normal,2024,5,405.7,13.6
case1_0018,bangkok_normal,2024,6,410.6,14.0
case1_0018,bangkok_normal,2024,7,398.7,15.3
case1_0018,bangkok_normal,2024,8,343.1,15.7
case1_0018,bangkok_normal,2024,9,329.7,11.9
case1_0018,bangkok_normal,2024,10,325.7,11.0
case1_0018,bangkok_normal,2024,11,438.3,13.6
case1_0018,bangkok_normal,2024,12,377.2,10.8
case1_0018,bangkok_normal,2025,1,327.9,10.0
case1_0018,bangkok_normal,2025,2,374.2,11.3
case1_0018,bangkok_normal,2025,3,397.0,13.3
case1_0018,bangkok_normal,2025,4,398.9,13.7
case1_0018,bangkok_normal,2025,5,454.1,12.8
case1_0018,bangkok_normal,2025,6,396.7,12.1
case1_0018,bangkok_normal,2025,7,401.7,11.7
case1_0018,bangkok_normal,2025,8,340.4,11.4
case1_0018,bangkok_normal,2025,9,337.1,14.9
case1_0018,bangkok_normal,2025,10,363.7,13.5
case1_0018,bangkok_normal,2025,11,376.5,13.8
case1_0018,bangkok_normal,2025,12,321.2,11.7
case1_0018,bangkok_normal,2026,1,282.9,11.7
case1_0018,bangkok_normal,2026,2,402.6,11.8
case1_0018,bangkok_normal,2026,3,422.0,9.7
case1_0018,bangkok_normal,2026,4,530.9,11.1
case1_0018,bangkok_normal,2026,5,497.3,10.6
case1_0018,bangkok_normal,2026,6,392.3,9.6
case1_0018,bangkok_normal,2026,7,391.2,10.5
case1_0018,bangkok_normal,2026,8,413.8,13.9
case1_0019,bangkok_normal,2024,3,380.9,11.8
case1_0019,bangkok_normal,2024,4,451.1,12.2
case1_0019,bangkok_normal,2024,5,376.5,13.7
case1_0019,bangkok_normal,2024,6,378.2,12.8
case1_0019,bangkok_normal,2024,7,369.1,14.4
case1_0019,bangkok_normal,2024,8,321.9,12.2
case1_0019,bangkok_normal,2024,9,326.6,13.0
case1_0019,bangkok_normal,2024,10,323.4,12.2
case1_0019,bangkok_normal,2024,11,288.5,12.7
case1_0019,bangkok_normal,2024,12,220.3,10.9
case1_0019,bangkok_normal,2025,1,220.8,11.0
case1_0019,bangkok_normal,2025,2,301.3,11.6
case1_0019,bangkok_normal,2025,3,373.5,11.3
case1_0019,bangkok_normal,2025,4,385.9,13.4
case1_0019,bangkok_normal,2025,5,392.7,13.7
case1_0019,bangkok_normal,2025,6,383.9,13.3
case1_0019,bangkok_normal,2025,7,366.8,14.0
case1_0019,bangkok_normal,2025,8,388.3,14.1
case1_0019,bangkok_normal,2025,9,366.4,11.8
case1_0019,bangkok_normal,2025,10,289.4,11.9
case1_0019,bangkok_normal,2025,11,341.7,10.8
case1_0019,bangkok_normal,2025,12,247.5,10.7
case1_0019,bangkok_normal,2026,1,284.1,10.2
case1_0019,bangkok_normal,2026,2,323.4,13.0
case1_0019,bangkok_normal,2026,3,355.2,13.0
case1_0019,bangkok_normal,2026,4,339.2,12.7
case1_0019,bangkok_normal,2026,5,371.3,13.9
case1_0019,bangkok_normal,2026,6,303.4,9.9
case1_0019,bangkok_normal,2026,7,355.3,8.9
case1_0019,bangkok_normal,2026,8,383.5,11.6
case1_0020,bangkok_normal,2024,3,354.7,12.1
case1_0020,bangkok_normal,2024,4,441.7,15.8
case1_0020,bangkok_normal,2024,5,523.5,13.8
case1_0020,bangkok_normal,2024,6,460.1,13.1
case1_0020,bangkok_normal,2024,7,400.6,13.4
case1_0020,bangkok_normal,2024,8,359.4,11.5
case1_0020,bangkok_normal,2024,9,331.4,13.0
case1_0020,bangkok_normal,2024,10,263.5,14.3
case1_0020,bangkok_normal,2024,11,317.6,13.8
case1_0020,bangkok_normal,2024,12,296.0,10.8
case1_0020,bangkok_normal,2025,1,250.5,11.9
case1_0020,bangkok_normal,2025,2,311.9,14.0
case1_0020,bangkok_normal,2025,3,349.5,11.8
case1_0020,bangkok_normal,2025,4,399.0,12.5
case1_0020,bangkok_normal,2025,5,429.2,15.0
case1_0020,bangkok_normal,2025,6,321.8,14.5
case1_0020,bangkok_normal,2025,7,378.5,14.4
case1_0020,bangkok_normal,2025,8,395.4,16.1
case1_0020,bangkok_normal,2025,9,346.8,14.6
case1_0020,bangkok_normal,2025,10,256.9,14.3
case1_0020,bangkok_normal,2025,11,276.5,16.8
case1_0020,bangkok_normal,2025,12,296.3,13.2
case1_0020,bangkok_normal,2026,1,217.8,11.8
case1_0020,bangkok_normal,2026,2,310.9,13.5
case1_0020,bangkok_normal,2026,3,348.7,14.6
case1_0020,bangkok_normal,2026,4,477.2,14.1
case1_0020,bangkok_normal,2026,5,421.4,12.8
case1_0020,bangkok_normal,2026,6,416.9,16.5
case1_0020,bangkok_normal,2026,7,403.8,14.8
case1_0020,bangkok_normal,2026,8,441.5,12.9
case1_0021,bangkok_normal,2024,3,497.0,6.8
case1_0021,bangkok_normal,2024,4,605.0,7.1
case1_0021,bangkok_normal,2024,5,498.0,6.0
case1_0021,bangkok_normal,2024,6,513.2,6.7
case1_0021,bangkok_normal,2024,7,567.4,7.6
case1_0021,bangkok_normal,2024,8,513.5,6.3
case1_0021,bangkok_normal,2024,9,438.1,6.8
case1_0021,bangkok_normal,2024,10,406.5,6.1
case1_0021,bangkok_normal,2024,11,399.2,6.1
case1_0021,bangkok_normal,2024,12,339.7,7.1
case1_0021,bangkok_normal,2025,1,350.9,6.3
case1_0021,bangkok_normal,2025,2,478.3,7.1
case1_0021,bangkok_normal,2025,3,448.2,6.0
case1_0021,bangkok_normal,2025,4,617.4,8.6
case1_0021,bangkok_normal,2025,5,560.4,8.2
case1_0021,bangkok_normal,2025,6,541.9,7.4
case1_0021,bangkok_normal,2025,7,444.2,7.6
case1_0021,bangkok_normal,2025,8,526.6,6.3
case1_0021,bangkok_normal,2025,9,519.9,7.5
case1_0021,bangkok_normal,2025,10,499.6,6.9
case1_0021,bangkok_normal,2025,11,388.7,6.8
case1_0021,bangkok_normal,2025,12,381.2,6.2
case1_0021,bangkok_normal,2026,1,398.9,6.2
case1_0021,bangkok_normal,2026,2,395.2,7.4
case1_0021,bangkok_normal,2026,3,514.3,7.8
case1_0021,bangkok_normal,2026,4,623.7,8.4
case1_0021,bangkok_normal,2026,5,625.4,8.0
case1_0021,bangkok_normal,2026,6,560.1,8.0
case1_0021,bangkok_normal,2026,7,525.8,7.2
case1_0021,bangkok_normal,2026,8,568.2,8.9
case1_0022,bangkok_normal,2024,3,302.9,8.9
case1_0022,bangkok_normal,2024,4,289.5,9.0
case1_0022,bangkok_normal,2024,5,348.6,9.0
case1_0022,bangkok_normal,2024,6,305.7,9.4
case1_0022,bangkok_normal,2024,7,280.4,8.9
case1_0022,bangkok_normal,2024,8,248.7,8.5
case1_0022,bangkok_normal,2024,9,221.7,9.8
case1_0022,bangkok_normal,2024,10,210.7,8.8
case1_0022,bangkok_normal,2024,11,217.7,10.5
case1_0022,bangkok_normal,2024,12,201.2,8.7
case1_0022,bangkok_normal,2025,1,193.1,9.7
case1_0022,bangkok_normal,2025,2,203.8,9.4
case1_0022,bangkok_normal,2025,3,270.1,10.2
case1_0022,bangkok_normal,2025,4,318.4,9.2
case1_0022,bangkok_normal,2025,5,302.9,8.5
case1_0022,bangkok_normal,2025,6,277.3,9.2
case1_0022,bangkok_normal,2025,7,235.5,9.8
case1_0022,bangkok_normal,2025,8,207.1,9.1
case1_0022,bangkok_normal,2025,9,189.6,9.1
case1_0022,bangkok_normal,2025,10,166.6,8.5
case1_0022,bangkok_normal,2025,11,194.4,8.2
case1_0022,bangkok_normal,2025,12,164.7,7.5
case1_0022,bangkok_normal,2026,1,165.4,9.2
case1_0022,bangkok_normal,2026,2,146.8,11.2
case1_0022,bangkok_normal,2026,3,192.7,11.1
case1_0022,bangkok_normal,2026,4,286.8,9.0
case1_0022,bangkok_normal,2026,5,250.6,10.3
case1_0022,bangkok_normal,2026,6,245.1,10.4
case1_0022,bangkok_normal,2026,7,195.2,12.5
case1_0022,bangkok_normal,2026,8,237.7,9.6
case1_0023,bangkok_normal,2024,3,1038.5,27.2
case1_0023,bangkok_normal,2024,4,1202.0,22.0
case1_0023,bangkok_normal,2024,5,1119.8,20.5
case1_0023,bangkok_normal,2024,6,1033.3,24.0
case1_0023,bangkok_normal,2024,7,1006.0,22.5
case1_0023,bangkok_normal,2024,8,852.6,26.7
case1_0023,bangkok_normal,2024,9,903.0,23.8
case1_0023,bangkok_normal,2024,10,727.8,19.2
case1_0023,bangkok_normal,2024,11,802.7,19.3
case1_0023,bangkok_normal,2024,12,683.4,15.3
case1_0023,bangkok_normal,2025,1,660.3,19.9
case1_0023,bangkok_normal,2025,2,825.7,22.6
case1_0023,bangkok_normal,2025,3,920.2,23.7
case1_0023,bangkok_normal,2025,4,978.2,28.6
case1_0023,bangkok_normal,2025,5,998.1,29.6
case1_0023,bangkok_normal,2025,6,857.2,25.8
case1_0023,bangkok_normal,2025,7,908.6,19.8
case1_0023,bangkok_normal,2025,8,788.8,24.3
case1_0023,bangkok_normal,2025,9,864.0,25.1
case1_0023,bangkok_normal,2025,10,725.7,24.7
case1_0023,bangkok_normal,2025,11,727.4,26.0
case1_0023,bangkok_normal,2025,12,607.9,20.6
case1_0023,bangkok_normal,2026,1,759.3,26.4
case1_0023,bangkok_normal,2026,2,882.6,22.9
case1_0023,bangkok_normal,2026,3,970.9,26.7
case1_0023,bangkok_normal,2026,4,1152.4,22.6
case1_0023,bangkok_normal,2026,5,862.6,22.6
case1_0023,bangkok_normal,2026,6,911.3,27.9
case1_0023,bangkok_normal,2026,7,1060.4,24.8
case1_0023,bangkok_normal,2026,8,934.3,26.4
case1_0024,bangkok_normal,2024,3,279.5,27.6
case1_0024,bangkok_normal,2024,4,285.0,31.6
case1_0024,bangkok_normal,2024,5,226.0,23.1
case1_0024,bangkok_normal,2024,6,216.5,26.7
case1_0024,bangkok_normal,2024,7,234.9,29.3
case1_0024,bangkok_normal,2024,8,234.5,26.6
case1_0024,bangkok_normal,2024,9,182.9,27.0
case1_0024,bangkok_normal,2024,10,182.8,23.9
case1_0024,bangkok_normal,2024,11,184.4,24.3
case1_0024,bangkok_normal,2024,12,159.0,19.8
case1_0024,bangkok_normal,2025,1,149.7,17.3
case1_0024,bangkok_normal,2025,2,190.3,25.3
case1_0024,bangkok_normal,2025,3,224.0,23.9
case1_0024,bangkok_normal,2025,4,294.6,25.6
case1_0024,bangkok_normal,2025,5,297.2,22.9
case1_0024,bangkok_normal,2025,6,252.8,21.4
case1_0024,bangkok_normal,2025,7,225.3,23.6
case1_0024,bangkok_normal,2025,8,227.4,22.7
case1_0024,bangkok_normal,2025,9,197.0,24.6
case1_0024,bangkok_normal,2025,10,179.5,25.2
case1_0024,bangkok_normal,2025,11,177.4,24.9
case1_0024,bangkok_normal,2025,12,153.6,23.4
case1_0024,bangkok_normal,2026,1,152.4,26.4
case1_0024,bangkok_normal,2026,2,208.4,22.7
case1_0024,bangkok_normal,2026,3,266.3,24.7
case1_0024,bangkok_normal,2026,4,246.6,29.0
case1_0024,bangkok_normal,2026,5,264.2,29.8
case1_0024,bangkok_normal,2026,6,243.2,22.7
case1_0024,bangkok_normal,2026,7,240.1,22.9
case1_0024,bangkok_normal,2026,8,229.5,26.6
case1_0025,bangkok_normal,2024,3,220.7,12.3
case1_0025,bangkok_normal,2024,4,244.7,15.0
case1_0025,bangkok_normal,2024,5,250.6,11.4
case1_0025,bangkok_normal,2024,6,221.8,14.2
case1_0025,bangkok_normal,2024,7,209.4,11.9
case1_0025,bangkok_normal,2024,8,206.6,13.3
case1_0025,bangkok_normal,2024,9,181.6,13.2
case1_0025,bangkok_normal,2024,10,194.1,14.8
case1_0025,bangkok_normal,2024,11,238.6,13.5
case1_0025,bangkok_normal,2024,12,142.3,11.9
case1_0025,bangkok_normal,2025,1,162.5,11.9
case1_0025,bangkok_normal,2025,2,181.3,14.9
case1_0025,bangkok_normal,2025,3,236.6,15.4
case1_0025,bangkok_normal,2025,4,263.3,14.8
case1_0025,bangkok_normal,2025,5,270.0,14.3
case1_0025,bangkok_normal,2025,6,260.7,12.0
case1_0025,bangkok_normal,2025,7,227.3,13.8
case1_0025,bangkok_normal,2025,8,235.1,11.4
case1_0025,bangkok_normal,2025,9,160.3,13.8
case1_0025,bangkok_normal,2025,10,209.3,13.6
case1_0025,bangkok_normal,2025,11,200.3,16.4
case1_0025,bangkok_normal,2025,12,176.9,12.2
case1_0025,bangkok_normal,2026,1,150.9,12.5
case1_0025,bangkok_normal,2026,2,177.7,15.8
case1_0025,bangkok_normal,2026,3,228.3,16.6
case1_0025,bangkok_normal,2026,4,261.7,14.7
case1_0025,bangkok_normal,2026,5,260.9,15.0
case1_0025,bangkok_normal,2026,6,259.0,14.3
case1_0025,bangkok_normal,2026,7,188.5,14.3
case1_0025,bangkok_normal,2026,8,223.1,13.0
case1_0026,bangkok_normal,2024,3,662.9,19.5
case1_0026,bangkok_normal,2024,4,775.9,23.7
case1_0026,bangkok_normal,2024,5,709.5,19.9
case1_0026,bangkok_normal,2024,6,551.8,19.6
case1_0026,bangkok_normal,2024,7,639.4,20.6
case1_0026,bangkok_normal,2024,8,622.0,18.7
case1_0026,bangkok_normal,2024,9,527.6,17.2
case1_0026,bangkok_normal,2024,10,517.3,13.7
case1_0026,bangkok_normal,2024,11,448.8,17.7
case1_0026,bangkok_normal,2024,12,380.6,16.7
case1_0026,bangkok_normal,2025,1,418.4,15.4
case1_0026,bangkok_normal,2025,2,606.9,17.8
case1_0026,bangkok_normal,2025,3,630.3,18.0
case1_0026,bangkok_normal,2025,4,776.8,18.7
case1_0026,bangkok_normal,2025,5,687.3,20.5
case1_0026,bangkok_normal,2025,6,660.6,16.9
case1_0026,bangkok_normal,2025,7,602.9,19.9
case1_0026,bangkok_normal,2025,8,638.9,16.4
case1_0026,bangkok_normal,2025,9,541.6,16.4
case1_0026,bangkok_normal,2025,10,453.9,20.8
case1_0026,bangkok_normal,2025,11,435.3,20.7
case1_0026,bangkok_normal,2025,12,397.3,17.9
case1_0026,bangkok_normal,2026,1,391.5,15.9
case1_0026,bangkok_normal,2026,2,552.6,16.9
case1_0026,bangkok_normal,2026,3,620.9,18.9
case1_0026,bangkok_normal,2026,4,894.0,20.1
case1_0026,bangkok_normal,2026,5,638.7,19.7
case1_0026,bangkok_normal,2026,6,643.3,19.1
case1_0026,bangkok_normal,2026,7,539.8,18.4
case1_0026,bangkok_normal,2026,8,542.4,15.9
case1_0027,bangkok_normal,2024,3,482.0,15.8
case1_0027,bangkok_normal,2024,4,591.3,22.4
case1_0027,bangkok_normal,2024,5,546.7,18.3
case1_0027,bangkok_normal,2024,6,542.3,17.4
case1_0027,bangkok_normal,2024,7,493.0,14.7
case1_0027,bangkok_normal,2024,8,563.6,18.6
case1_0027,bangkok_normal,2024,9,510.4,18.4
case1_0027,bangkok_normal,2024,10,409.4,17.0
case1_0027,bangkok_normal,2024,11,461.9,14.1
case1_0027,bangkok_normal,2024,12,349.5,14.7
case1_0027,bangkok_normal,2025,1,358.6,13.4
case1_0027,bangkok_normal,2025,2,470.2,17.5
case1_0027,bangkok_normal,2025,3,521.4,18.5
case1_0027,bangkok_normal,2025,4,661.8,18.1
case1_0027,bangkok_normal,2025,5,563.8,13.3
case1_0027,bangkok_normal,2025,6,503.0,13.9
case1_0027,bangkok_normal,2025,7,463.8,16.3
case1_0027,bangkok_normal,2025,8,452.7,17.8
case1_0027,bangkok_normal,2025,9,499.9,17.7
case1_0027,bangkok_normal,2025,10,485.1,13.6
case1_0027,bangkok_normal,2025,11,522.5,15.1
case1_0027,bangkok_normal,2025,12,467.7,15.7
case1_0027,bangkok_normal,2026,1,375.0,12.6
case1_0027,bangkok_normal,2026,2,460.2,14.7
case1_0027,bangkok_normal,2026,3,477.3,16.3
case1_0027,bangkok_normal,2026,4,542.4,16.4
case1_0027,bangkok_normal,2026,5,531.6,13.4
case1_0027,bangkok_normal,2026,6,466.4,14.5
case1_0027,bangkok_normal,2026,7,429.7,14.6
case1_0027,bangkok_normal,2026,8,457.4,14.8
case1_0028,bangkok_normal,2024,3,499.1,48.1
case1_0028,bangkok_normal,2024,4,553.7,48.8
case1_0028,bangkok_normal,2024,5,557.2,48.1
case1_0028,bangkok_normal,2024,6,417.2,44.4
case1_0028,bangkok_normal,2024,7,472.4,50.0
case1_0028,bangkok_normal,2024,8,461.5,41.5
case1_0028,bangkok_normal,2024,9,436.5,39.5
case1_0028,bangkok_normal,2024,10,460.0,41.1
case1_0028,bangkok_normal,2024,11,348.1,44.8
case1_0028,bangkok_normal,2024,12,264.2,34.7
case1_0028,bangkok_normal,2025,1,342.7,33.3
case1_0028,bangkok_normal,2025,2,426.0,31.7
case1_0028,bangkok_normal,2025,3,511.4,41.0
case1_0028,bangkok_normal,2025,4,548.5,40.1
case1_0028,bangkok_normal,2025,5,674.7,41.8
case1_0028,bangkok_normal,2025,6,647.5,45.4
case1_0028,bangkok_normal,2025,7,589.0,40.4
case1_0028,bangkok_normal,2025,8,529.5,42.3
case1_0028,bangkok_normal,2025,9,398.1,39.9
case1_0028,bangkok_normal,2025,10,488.6,42.8
case1_0028,bangkok_normal,2025,11,531.0,42.7
case1_0028,bangkok_normal,2025,12,434.7,36.2
case1_0028,bangkok_normal,2026,1,388.4,37.2
case1_0028,bangkok_normal,2026,2,518.7,44.1
case1_0028,bangkok_normal,2026,3,634.8,45.3
case1_0028,bangkok_normal,2026,4,771.2,39.4
case1_0028,bangkok_normal,2026,5,611.8,45.0
case1_0028,bangkok_normal,2026,6,558.8,38.2
case1_0028,bangkok_normal,2026,7,570.8,45.4
case1_0028,bangkok_normal,2026,8,533.9,45.8
case1_0029,bangkok_normal,2024,3,497.9,21.8
case1_0029,bangkok_normal,2024,4,592.1,26.1
case1_0029,bangkok_normal,2024,5,613.9,25.7
case1_0029,bangkok_normal,2024,6,503.0,23.2
case1_0029,bangkok_normal,2024,7,450.8,23.7
case1_0029,bangkok_normal,2024,8,406.8,20.1
case1_0029,bangkok_normal,2024,9,379.9,21.1
case1_0029,bangkok_normal,2024,10,336.1,21.5
case1_0029,bangkok_normal,2024,11,424.5,20.4
case1_0029,bangkok_normal,2024,12,415.4,20.7
case1_0029,bangkok_normal,2025,1,437.2,19.0
case1_0029,bangkok_normal,2025,2,400.4,22.1
case1_0029,bangkok_normal,2025,3,541.2,24.1
case1_0029,bangkok_normal,2025,4,677.3,17.6
case1_0029,bangkok_normal,2025,5,570.2,24.2
case1_0029,bangkok_normal,2025,6,526.9,16.3
case1_0029,bangkok_normal,2025,7,395.5,18.9
case1_0029,bangkok_normal,2025,8,330.2,23.0
case1_0029,bangkok_normal,2025,9,285.5,21.1
case1_0029,bangkok_normal,2025,10,306.9,18.1
case1_0029,bangkok_normal,2025,11,259.6,17.9
case1_0029,bangkok_normal,2025,12,258.2,21.0
case1_0029,bangkok_normal,2026,1,293.5,16.7
case1_0029,bangkok_normal,2026,2,307.8,22.5
case1_0029,bangkok_normal,2026,3,331.6,22.6
case1_0029,bangkok_normal,2026,4,324.5,20.8
case1_0029,bangkok_normal,2026,5,372.9,21.0
case1_0029,bangkok_normal,2026,6,346.4,19.5
case1_0029,bangkok_normal,2026,7,292.3,22.7
case1_0029,bangkok_normal,2026,8,340.8,23.3
case1_0030,bangkok_normal,2024,3,353.2,15.2
case1_0030,bangkok_normal,2024,4,476.9,15.5
case1_0030,bangkok_normal,2024,5,375.6,14.7
case1_0030,bangkok_normal,2024,6,426.7,15.8
case1_0030,bangkok_normal,2024,7,365.0,14.4
case1_0030,bangkok_normal,2024,8,307.1,13.9
case1_0030,bangkok_normal,2024,9,289.7,14.0
case1_0030,bangkok_normal,2024,10,276.3,16.1
case1_0030,bangkok_normal,2024,11,256.1,12.7
case1_0030,bangkok_normal,2024,12,242.7,15.2
case1_0030,bangkok_normal,2025,1,227.2,12.2
case1_0030,bangkok_normal,2025,2,235.9,15.1
case1_0030,bangkok_normal,2025,3,324.8,18.7
case1_0030,bangkok_normal,2025,4,327.3,18.6
case1_0030,bangkok_normal,2025,5,342.8,17.6
case1_0030,bangkok_normal,2025,6,314.6,15.7
case1_0030,bangkok_normal,2025,7,294.3,15.8
case1_0030,bangkok_normal,2025,8,373.9,15.3
case1_0030,bangkok_normal,2025,9,319.3,14.2
case1_0030,bangkok_normal,2025,10,304.2,14.5
case1_0030,bangkok_normal,2025,11,241.6,15.2
case1_0030,bangkok_normal,2025,12,212.8,13.4
case1_0030,bangkok_normal,2026,1,244.1,13.1
case1_0030,bangkok_normal,2026,2,266.8,12.9
case1_0030,bangkok_normal,2026,3,365.7,16.1
case1_0030,bangkok_normal,2026,4,352.3,17.8
case1_0030,bangkok_normal,2026,5,353.8,17.4
case1_0030,bangkok_normal,2026,6,316.8,17.9
case1_0030,bangkok_normal,2026,7,315.6,16.4
case1_0030,bangkok_normal,2026,8,287.8,16.4
case1_0031,bangkok_normal,2024,3,246.6,12.5
case1_0031,bangkok_normal,2024,4,352.3,11.6
case1_0031,bangkok_normal,2024,5,288.8,12.2
case1_0031,bangkok_normal,2024,6,245.1,10.9
case1_0031,bangkok_normal,2024,7,249.0,10.9
case1_0031,bangkok_normal,2024,8,243.9,11.6
case1_0031,bangkok_normal,2024,9,195.1,10.3
case1_0031,bangkok_normal,2024,10,231.1,11.4
case1_0031,bangkok_normal,2024,11,215.3,9.7
case1_0031,bangkok_normal,2024,12,159.9,10.0
case1_0031,bangkok_normal,2025,1,200.6,10.9
case1_0031,bangkok_normal,2025,2,242.6,11.6
case1_0031,bangkok_normal,2025,3,237.2,13.6
case1_0031,bangkok_normal,2025,4,339.1,11.6
case1_0031,bangkok_normal,2025,5,317.1,10.0
case1_0031,bangkok_normal,2025,6,270.8,9.7
case1_0031,bangkok_normal,2025,7,285.0,11.2
case1_0031,bangkok_normal,2025,8,253.8,11.5
case1_0031,bangkok_normal,2025,9,228.5,10.9
case1_0031,bangkok_normal,2025,10,205.4,9.5
case1_0031,bangkok_normal,2025,11,222.9,11.0
case1_0031,bangkok_normal,2025,12,190.0,8.9
case1_0031,bangkok_normal,2026,1,190.4,10.9
case1_0031,bangkok_normal,2026,2,210.0,13.8
case1_0031,bangkok_normal,2026,3,262.3,12.7
case1_0031,bangkok_normal,2026,4,297.2,12.9
case1_0031,bangkok_normal,2026,5,251.9,11.4
case1_0031,bangkok_normal,2026,6,217.6,9.3
case1_0031,bangkok_normal,2026,7,247.7,9.8
case1_0031,bangkok_normal,2026,8,181.1,9.4
case1_0032,bangkok_normal,2024,3,411.2,8.9
case1_0032,bangkok_normal,2024,4,472.2,10.0
case1_0032,bangkok_normal,2024,5,427.7,10.1
case1_0032,bangkok_normal,2024,6,387.8,8.5
case1_0032,bangkok_normal,2024,7,400.2,7.1
case1_0032,bangkok_normal,2024,8,364.9,9.4
case1_0032,bangkok_normal,2024,9,353.9,8.9
case1_0032,bangkok_normal,2024,10,322.6,7.1
case1_0032,bangkok_normal,2024,11,306.2,7.4
case1_0032,bangkok_normal,2024,12,226.0,8.2
case1_0032,bangkok_normal,2025,1,209.9,7.9
case1_0032,bangkok_normal,2025,2,297.5,8.0
case1_0032,bangkok_normal,2025,3,374.5,9.9
case1_0032,bangkok_normal,2025,4,376.6,8.7
case1_0032,bangkok_normal,2025,5,398.4,8.3
case1_0032,bangkok_normal,2025,6,376.3,8.8
case1_0032,bangkok_normal,2025,7,279.3,9.0
case1_0032,bangkok_normal,2025,8,290.2,9.1
case1_0032,bangkok_normal,2025,9,318.2,9.3
case1_0032,bangkok_normal,2025,10,319.9,8.8
case1_0032,bangkok_normal,2025,11,272.8,8.8
case1_0032,bangkok_normal,2025,12,248.9,7.9
case1_0032,bangkok_normal,2026,1,285.8,8.0
case1_0032,bangkok_normal,2026,2,346.3,8.6
case1_0032,bangkok_normal,2026,3,374.6,9.2
case1_0032,bangkok_normal,2026,4,398.1,10.1
case1_0032,bangkok_normal,2026,5,369.4,10.0
case1_0032,bangkok_normal,2026,6,371.1,9.2
case1_0032,bangkok_normal,2026,7,345.9,8.1
case1_0032,bangkok_normal,2026,8,348.6,8.5
case1_0033,bangkok_normal,2024,3,298.1,15.9
case1_0033,bangkok_normal,2024,4,361.7,15.7
case1_0033,bangkok_normal,2024,5,326.8,18.9
case1_0033,bangkok_normal,2024,6,354.2,18.3
case1_0033,bangkok_normal,2024,7,276.8,17.8
case1_0033,bangkok_normal,2024,8,270.6,18.7
case1_0033,bangkok_normal,2024,9,229.0,21.0
case1_0033,bangkok_normal,2024,10,224.5,14.8
case1_0033,bangkok_normal,2024,11,235.0,14.4
case1_0033,bangkok_normal,2024,12,211.3,13.8
case1_0033,bangkok_normal,2025,1,213.9,13.6
case1_0033,bangkok_normal,2025,2,278.0,14.0
case1_0033,bangkok_normal,2025,3,295.5,15.9
case1_0033,bangkok_normal,2025,4,317.2,15.5
case1_0033,bangkok_normal,2025,5,391.6,17.5
case1_0033,bangkok_normal,2025,6,318.7,17.2
case1_0033,bangkok_normal,2025,7,258.0,17.6
case1_0033,bangkok_normal,2025,8,239.7,17.7
case1_0033,bangkok_normal,2025,9,216.8,17.6
case1_0033,bangkok_normal,2025,10,249.9,16.0
case1_0033,bangkok_normal,2025,11,228.8,19.4
case1_0033,bangkok_normal,2025,12,196.2,16.6
case1_0033,bangkok_normal,2026,1,158.7,13.2
case1_0033,bangkok_normal,2026,2,205.4,14.1
case1_0033,bangkok_normal,2026,3,211.6,13.8
case1_0033,bangkok_normal,2026,4,224.2,17.2
case1_0033,bangkok_normal,2026,5,242.4,17.5
case1_0033,bangkok_normal,2026,6,237.0,16.6
case1_0033,bangkok_normal,2026,7,220.1,20.1
case1_0033,bangkok_normal,2026,8,191.3,18.8
case1_0034,bangkok_normal,2024,3,613.9,14.4
case1_0034,bangkok_normal,2024,4,567.4,13.5
case1_0034,bangkok_normal,2024,5,616.9,13.1
case1_0034,bangkok_normal,2024,6,595.5,10.8
case1_0034,bangkok_normal,2024,7,553.0,9.8
case1_0034,bangkok_normal,2024,8,505.5,12.6
case1_0034,bangkok_normal,2024,9,481.1,10.5
case1_0034,bangkok_normal,2024,10,485.7,9.7
case1_0034,bangkok_normal,2024,11,497.1,11.9
case1_0034,bangkok_normal,2024,12,441.8,11.5
case1_0034,bangkok_normal,2025,1,487.5,10.8
case1_0034,bangkok_normal,2025,2,530.2,11.8
case1_0034,bangkok_normal,2025,3,591.7,14.5
case1_0034,bangkok_normal,2025,4,720.9,13.1
case1_0034,bangkok_normal,2025,5,722.3,11.5
case1_0034,bangkok_normal,2025,6,515.6,13.6
case1_0034,bangkok_normal,2025,7,526.7,13.5
case1_0034,bangkok_normal,2025,8,534.3,12.0
case1_0034,bangkok_normal,2025,9,523.5,10.3
case1_0034,bangkok_normal,2025,10,534.2,10.7
case1_0034,bangkok_normal,2025,11,425.1,11.5
case1_0034,bangkok_normal,2025,12,361.3,12.5
case1_0034,bangkok_normal,2026,1,377.5,10.7
case1_0034,bangkok_normal,2026,2,452.0,11.7
case1_0034,bangkok_normal,2026,3,500.7,13.4
case1_0034,bangkok_normal,2026,4,509.7,10.5
case1_0034,bangkok_normal,2026,5,564.1,13.5
case1_0034,bangkok_normal,2026,6,492.4,11.3
case1_0034,bangkok_normal,2026,7,494.7,12.3
case1_0034,bangkok_normal,2026,8,450.3,12.4
case1_0035,bangkok_normal,2024,3,282.1,10.5
case1_0035,bangkok_normal,2024,4,355.2,11.1
case1_0035,bangkok_normal,2024,5,389.0,12.6
case1_0035,bangkok_normal,2024,6,357.6,9.6
case1_0035,bangkok_normal,2024,7,357.1,8.9
case1_0035,bangkok_normal,2024,8,364.3,8.8
case1_0035,bangkok_normal,2024,9,343.1,8.5
case1_0035,bangkok_normal,2024,10,309.0,8.0
case1_0035,bangkok_normal,2024,11,250.4,6.3
case1_0035,bangkok_normal,2024,12,230.1,7.4
case1_0035,bangkok_normal,2025,1,268.1,8.5
case1_0035,bangkok_normal,2025,2,288.5,8.6
case1_0035,bangkok_normal,2025,3,388.0,11.2
case1_0035,bangkok_normal,2025,4,468.8,10.6
case1_0035,bangkok_normal,2025,5,430.8,11.3
case1_0035,bangkok_normal,2025,6,273.4,10.3
case1_0035,bangkok_normal,2025,7,282.2,12.0
case1_0035,bangkok_normal,2025,8,387.2,11.4
case1_0035,bangkok_normal,2025,9,321.4,12.2
case1_0035,bangkok_normal,2025,10,255.8,11.0
case1_0035,bangkok_normal,2025,11,331.9,11.1
case1_0035,bangkok_normal,2025,12,267.9,10.5
case1_0035,bangkok_normal,2026,1,304.2,9.9
case1_0035,bangkok_normal,2026,2,351.0,11.0
case1_0035,bangkok_normal,2026,3,412.9,13.8
case1_0035,bangkok_normal,2026,4,465.3,12.3
case1_0035,bangkok_normal,2026,5,462.6,12.3
case1_0035,bangkok_normal,2026,6,486.9,12.8
case1_0035,bangkok_normal,2026,7,427.6,12.7
case1_0035,bangkok_normal,2026,8,321.3,11.4
case1_0036,bangkok_normal,2024,3,270.8,14.3
case1_0036,bangkok_normal,2024,4,330.1,12.4
case1_0036,bangkok_normal,2024,5,271.6,12.3
case1_0036,bangkok_normal,2024,6,218.4,12.9
case1_0036,bangkok_normal,2024,7,236.7,15.4
case1_0036,bangkok_normal,2024,8,231.8,14.8
case1_0036,bangkok_normal,2024,9,208.3,14.1
case1_0036,bangkok_normal,2024,10,209.6,12.1
case1_0036,bangkok_normal,2024,11,260.5,10.9
case1_0036,bangkok_normal,2024,12,198.8,11.9
case1_0036,bangkok_normal,2025,1,203.4,10.4
case1_0036,bangkok_normal,2025,2,239.1,11.6
case1_0036,bangkok_normal,2025,3,291.6,12.6
case1_0036,bangkok_normal,2025,4,288.4,15.5
case1_0036,bangkok_normal,2025,5,217.6,13.5
case1_0036,bangkok_normal,2025,6,225.0,10.0
case1_0036,bangkok_normal,2025,7,237.8,12.5
case1_0036,bangkok_normal,2025,8,201.1,11.7
case1_0036,bangkok_normal,2025,9,195.5,12.2
case1_0036,bangkok_normal,2025,10,180.8,12.2
case1_0036,bangkok_normal,2025,11,214.7,12.0
case1_0036,bangkok_normal,2025,12,176.5,12.5
case1_0036,bangkok_normal,2026,1,219.9,10.4
case1_0036,bangkok_normal,2026,2,262.0,11.5
case1_0036,bangkok_normal,2026,3,286.7,13.9
case1_0036,bangkok_normal,2026,4,323.7,13.4
case1_0036,bangkok_normal,2026,5,270.8,11.6
case1_0036,bangkok_normal,2026,6,209.1,13.7
case1_0036,bangkok_normal,2026,7,240.6,14.7
case1_0036,bangkok_normal,2026,8,249.9,13.5
case1_0037,bangkok_normal,2024,3,306.4,12.8
case1_0037,bangkok_normal,2024,4,325.9,11.2
case1_0037,bangkok_normal,2024,5,332.1,11.0
case1_0037,bangkok_normal,2024,6,315.7,12.5
case1_0037,bangkok_normal,2024,7,283.5,9.4
case1_0037,bangkok_normal,2024,8,306.0,11.0
case1_0037,bangkok_normal,2024,9,212.5,9.3
case1_0037,bangkok_normal,2024,10,229.4,9.9
case1_0037,bangkok_normal,2024,11,218.0,9.7
case1_0037,bangkok_normal,2024,12,163.8,8.5
case1_0037,bangkok_normal,2025,1,160.9,8.4
case1_0037,bangkok_normal,2025,2,174.2,10.0
case1_0037,bangkok_normal,2025,3,242.5,11.7
case1_0037,bangkok_normal,2025,4,269.3,11.4
case1_0037,bangkok_normal,2025,5,205.5,11.2
case1_0037,bangkok_normal,2025,6,215.6,11.3
case1_0037,bangkok_normal,2025,7,200.3,9.7
case1_0037,bangkok_normal,2025,8,245.7,10.8
case1_0037,bangkok_normal,2025,9,180.2,11.1
case1_0037,bangkok_normal,2025,10,164.2,12.8
case1_0037,bangkok_normal,2025,11,205.4,10.5
case1_0037,bangkok_normal,2025,12,186.0,9.2
case1_0037,bangkok_normal,2026,1,163.3,10.2
case1_0037,bangkok_normal,2026,2,187.7,11.1
case1_0037,bangkok_normal,2026,3,243.8,10.5
case1_0037,bangkok_normal,2026,4,209.0,10.7
case1_0037,bangkok_normal,2026,5,192.9,11.5
case1_0037,bangkok_normal,2026,6,208.4,10.0
case1_0037,bangkok_normal,2026,7,240.2,9.9
case1_0037,bangkok_normal,2026,8,206.4,10.3
case1_0038,bangkok_normal,2024,3,386.8,28.8
case1_0038,bangkok_normal,2024,4,407.4,29.8
case1_0038,bangkok_normal,2024,5,417.1,31.6
case1_0038,bangkok_normal,2024,6,386.4,27.2
case1_0038,bangkok_normal,2024,7,411.7,29.5
case1_0038,bangkok_normal,2024,8,373.0,26.2
case1_0038,bangkok_normal,2024,9,363.0,29.6
case1_0038,bangkok_normal,2024,10,353.1,33.5
case1_0038,bangkok_normal,2024,11,360.8,28.6
case1_0038,bangkok_normal,2024,12,360.8,20.8
case1_0038,bangkok_normal,2025,1,372.5,23.2
case1_0038,bangkok_normal,2025,2,423.9,30.1
case1_0038,bangkok_normal,2025,3,466.4,31.6
case1_0038,bangkok_normal,2025,4,520.4,32.3
case1_0038,bangkok_normal,2025,5,539.2,33.9
case1_0038,bangkok_normal,2025,6,516.3,32.0
case1_0038,bangkok_normal,2025,7,424.4,33.1
case1_0038,bangkok_normal,2025,8,436.2,32.6
case1_0038,bangkok_normal,2025,9,335.5,33.6
case1_0038,bangkok_normal,2025,10,390.7,30.7
case1_0038,bangkok_normal,2025,11,425.6,31.3
case1_0038,bangkok_normal,2025,12,333.7,26.9
case1_0038,bangkok_normal,2026,1,410.4,25.7
case1_0038,bangkok_normal,2026,2,410.0,33.1
case1_0038,bangkok_normal,2026,3,503.1,32.5
case1_0038,bangkok_normal,2026,4,565.1,35.2
case1_0038,bangkok_normal,2026,5,541.4,33.1
case1_0038,bangkok_normal,2026,6,494.5,29.5
case1_0038,bangkok_normal,2026,7,472.1,29.9
case1_0038,bangkok_normal,2026,8,494.8,34.0
case1_0039,bangkok_normal,2024,3,295.8,20.2
case1_0039,bangkok_normal,2024,4,398.8,17.3
case1_0039,bangkok_normal,2024,5,340.6,21.0
case1_0039,bangkok_normal,2024,6,253.8,19.9
case1_0039,bangkok_normal,2024,7,320.9,15.9
case1_0039,bangkok_normal,2024,8,304.7,20.3
case1_0039,bangkok_normal,2024,9,266.5,22.2
case1_0039,bangkok_normal,2024,10,245.2,22.7
case1_0039,bangkok_normal,2024,11,272.2,20.7
case1_0039,bangkok_normal,2024,12,203.5,18.5
case1_0039,bangkok_normal,2025,1,239.0,20.5
case1_0039,bangkok_normal,2025,2,283.4,22.9
case1_0039,bangkok_normal,2025,3,321.8,23.4
case1_0039,bangkok_normal,2025,4,358.2,20.1
case1_0039,bangkok_normal,2025,5,333.8,20.7
case1_0039,bangkok_normal,2025,6,338.3,20.6
case1_0039,bangkok_normal,2025,7,272.9,16.2
case1_0039,bangkok_normal,2025,8,232.6,18.9
case1_0039,bangkok_normal,2025,9,266.3,22.5
case1_0039,bangkok_normal,2025,10,272.5,20.5
case1_0039,bangkok_normal,2025,11,269.0,21.3
case1_0039,bangkok_normal,2025,12,224.1,18.3
case1_0039,bangkok_normal,2026,1,217.5,17.4
case1_0039,bangkok_normal,2026,2,285.2,18.8
case1_0039,bangkok_normal,2026,3,317.5,17.8
case1_0039,bangkok_normal,2026,4,339.5,17.6
case1_0039,bangkok_normal,2026,5,327.7,21.2
case1_0039,bangkok_normal,2026,6,369.9,21.7
case1_0039,bangkok_normal,2026,7,260.4,17.4
case1_0039,bangkok_normal,2026,8,289.2,19.4
case1_0040,bangkok_normal,2024,3,280.2,15.4
case1_0040,bangkok_normal,2024,4,336.9,17.5
case1_0040,bangkok_normal,2024,5,305.1,15.1
case1_0040,bangkok_normal,2024,6,307.6,17.4
case1_0040,bangkok_normal,2024,7,268.8,14.5
case1_0040,bangkok_normal,2024,8,263.1,13.5
case1_0040,bangkok_normal,2024,9,216.3,16.0
case1_0040,bangkok_normal,2024,10,263.8,14.8
case1_0040,bangkok_normal,2024,11,240.3,13.4
case1_0040,bangkok_normal,2024,12,200.5,12.8
case1_0040,bangkok_normal,2025,1,166.1,14.8
case1_0040,bangkok_normal,2025,2,202.2,16.3
case1_0040,bangkok_normal,2025,3,290.1,14.2
case1_0040,bangkok_normal,2025,4,319.1,15.0
case1_0040,bangkok_normal,2025,5,243.7,15.0
case1_0040,bangkok_normal,2025,6,280.7,13.0
case1_0040,bangkok_normal,2025,7,240.5,13.5
case1_0040,bangkok_normal,2025,8,272.5,13.6
case1_0040,bangkok_normal,2025,9,234.9,14.8
case1_0040,bangkok_normal,2025,10,227.4,15.2
case1_0040,bangkok_normal,2025,11,243.9,13.3
case1_0040,bangkok_normal,2025,12,173.0,12.2
case1_0040,bangkok_normal,2026,1,168.4,13.2
case1_0040,bangkok_normal,2026,2,216.3,12.6
case1_0040,bangkok_normal,2026,3,284.0,14.4
case1_0040,bangkok_normal,2026,4,269.8,14.4
case1_0040,bangkok_normal,2026,5,235.9,12.8
case1_0040,bangkok_normal,2026,6,272.5,12.0
case1_0040,bangkok_normal,2026,7,236.3,14.5
case1_0040,bangkok_normal,2026,8,229.2,13.2
case1_0041,bangkok_normal,2024,3,391.6,28.7
case1_0041,bangkok_normal,2024,4,390.7,26.5
case1_0041,bangkok_normal,2024,5,508.3,23.1
case1_0041,bangkok_normal,2024,6,413.9,25.6
case1_0041,bangkok_normal,2024,7,404.8,21.3
case1_0041,bangkok_normal,2024,8,378.0,23.7
case1_0041,bangkok_normal,2024,9,383.6,27.8
case1_0041,bangkok_normal,2024,10,337.7,21.3
case1_0041,bangkok_normal,2024,11,350.1,20.8
case1_0041,bangkok_normal,2024,12,316.7,20.3
case1_0041,bangkok_normal,2025,1,292.8,23.0
case1_0041,bangkok_normal,2025,2,352.5,24.4
case1_0041,bangkok_normal,2025,3,429.1,30.4
case1_0041,bangkok_normal,2025,4,439.4,32.1
case1_0041,bangkok_normal,2025,5,459.8,30.6
case1_0041,bangkok_normal,2025,6,455.7,28.5
case1_0041,bangkok_normal,2025,7,415.1,28.2
case1_0041,bangkok_normal,2025,8,526.2,24.9
case1_0041,bangkok_normal,2025,9,510.3,27.8
case1_0041,bangkok_normal,2025,10,469.7,23.7
case1_0041,bangkok_normal,2025,11,520.0,27.4
case1_0041,bangkok_normal,2025,12,480.7,27.9
case1_0041,bangkok_normal,2026,1,436.1,26.5
case1_0041,bangkok_normal,2026,2,552.4,26.6
case1_0041,bangkok_normal,2026,3,615.1,29.2
case1_0041,bangkok_normal,2026,4,728.6,21.9
case1_0041,bangkok_normal,2026,5,792.5,27.8
case1_0041,bangkok_normal,2026,6,688.5,27.7
case1_0041,bangkok_normal,2026,7,506.1,27.5
case1_0041,bangkok_normal,2026,8,575.0,29.4
case1_0042,bangkok_normal,2024,3,428.1,17.6
case1_0042,bangkok_normal,2024,4,492.7,16.6
case1_0042,bangkok_normal,2024,5,479.7,16.3
case1_0042,bangkok_normal,2024,6,441.9,17.2
case1_0042,bangkok_normal,2024,7,447.3,16.7
case1_0042,bangkok_normal,2024,8,364.9,15.4
case1_0042,bangkok_normal,2024,9,368.3,12.9
case1_0042,bangkok_normal,2024,10,402.1,14.7
case1_0042,bangkok_normal,2024,11,307.2,16.7
case1_0042,bangkok_normal,2024,12,288.7,13.3
case1_0042,bangkok_normal,2025,1,287.5,15.2
case1_0042,bangkok_normal,2025,2,349.8,16.3
case1_0042,bangkok_normal,2025,3,388.6,17.9
case1_0042,bangkok_normal,2025,4,467.4,19.2
case1_0042,bangkok_normal,2025,5,549.5,16.6
case1_0042,bangkok_normal,2025,6,401.5,13.9
case1_0042,bangkok_normal,2025,7,350.1,14.7
case1_0042,bangkok_normal,2025,8,327.9,17.0
case1_0042,bangkok_normal,2025,9,412.0,15.3
case1_0042,bangkok_normal,2025,10,354.4,14.6
case1_0042,bangkok_normal,2025,11,350.1,12.6
case1_0042,bangkok_normal,2025,12,282.7,16.6
case1_0042,bangkok_normal,2026,1,274.6,16.8
case1_0042,bangkok_normal,2026,2,349.4,17.8
case1_0042,bangkok_normal,2026,3,526.4,19.1
case1_0042,bangkok_normal,2026,4,586.4,19.5
case1_0042,bangkok_normal,2026,5,461.7,17.7
case1_0042,bangkok_normal,2026,6,455.6,16.9
case1_0042,bangkok_normal,2026,7,377.7,16.0
case1_0042,bangkok_normal,2026,8,317.8,20.6
case1_0043,bangkok_normal,2024,3,323.6,10.9
case1_0043,bangkok_normal,2024,4,322.3,11.1
case1_0043,bangkok_normal,2024,5,379.9,11.2
case1_0043,bangkok_normal,2024,6,302.6,10.9
case1_0043,bangkok_normal,2024,7,302.4,10.5
case1_0043,bangkok_normal,2024,8,315.1,10.9
case1_0043,bangkok_normal,2024,9,285.7,10.3
case1_0043,bangkok_normal,2024,10,266.7,9.2
case1_0043,bangkok_normal,2024,11,257.6,11.1
case1_0043,bangkok_normal,2024,12,213.2,11.1
case1_0043,bangkok_normal,2025,1,210.0,11.5
case1_0043,bangkok_normal,2025,2,252.6,9.7
case1_0043,bangkok_normal,2025,3,353.9,11.5
case1_0043,bangkok_normal,2025,4,366.9,12.9
case1_0043,bangkok_normal,2025,5,322.2,11.1
case1_0043,bangkok_normal,2025,6,294.4,11.4
case1_0043,bangkok_normal,2025,7,320.6,11.2
case1_0043,bangkok_normal,2025,8,313.5,13.2
case1_0043,bangkok_normal,2025,9,293.0,13.6
case1_0043,bangkok_normal,2025,10,263.0,10.0
case1_0043,bangkok_normal,2025,11,273.4,13.2
case1_0043,bangkok_normal,2025,12,207.5,10.1
case1_0043,bangkok_normal,2026,1,217.4,11.4
case1_0043,bangkok_normal,2026,2,295.2,12.4
case1_0043,bangkok_normal,2026,3,354.8,11.0
case1_0043,bangkok_normal,2026,4,341.0,12.6
case1_0043,bangkok_normal,2026,5,315.9,12.1
case1_0043,bangkok_normal,2026,6,315.3,12.3
case1_0043,bangkok_normal,2026,7,348.4,11.9
case1_0043,bangkok_normal,2026,8,253.0,12.8
case1_0044,bangkok_normal,2024,3,347.4,20.8
case1_0044,bangkok_normal,2024,4,387.3,22.4
case1_0044,bangkok_normal,2024,5,376.9,24.3
case1_0044,bangkok_normal,2024,6,303.8,23.4
case1_0044,bangkok_normal,2024,7,261.5,25.8
case1_0044,bangkok_normal,2024,8,260.7,26.1
case1_0044,bangkok_normal,2024,9,245.9,27.2
case1_0044,bangkok_normal,2024,10,273.4,27.0
case1_0044,bangkok_normal,2024,11,284.1,27.8
case1_0044,bangkok_normal,2024,12,218.4,24.0
case1_0044,bangkok_normal,2025,1,254.7,24.3
case1_0044,bangkok_normal,2025,2,315.7,26.1
case1_0044,bangkok_normal,2025,3,338.9,26.7
case1_0044,bangkok_normal,2025,4,337.2,26.3
case1_0044,bangkok_normal,2025,5,390.7,25.6
case1_0044,bangkok_normal,2025,6,326.2,23.5
case1_0044,bangkok_normal,2025,7,301.1,25.5
case1_0044,bangkok_normal,2025,8,278.8,24.7
case1_0044,bangkok_normal,2025,9,244.5,22.7
case1_0044,bangkok_normal,2025,10,217.3,22.0
case1_0044,bangkok_normal,2025,11,259.6,20.5
case1_0044,bangkok_normal,2025,12,199.7,23.8
case1_0044,bangkok_normal,2026,1,284.0,23.3
case1_0044,bangkok_normal,2026,2,263.7,22.3
case1_0044,bangkok_normal,2026,3,275.9,26.8
case1_0044,bangkok_normal,2026,4,361.8,23.0
case1_0044,bangkok_normal,2026,5,397.0,20.1
case1_0044,bangkok_normal,2026,6,332.2,23.9
case1_0044,bangkok_normal,2026,7,315.8,21.3
case1_0044,bangkok_normal,2026,8,242.4,20.8
case1_0045,bangkok_normal,2024,3,432.4,17.5
case1_0045,bangkok_normal,2024,4,433.3,22.5
case1_0045,bangkok_normal,2024,5,480.2,22.8
case1_0045,bangkok_normal,2024,6,414.0,20.0
case1_0045,bangkok_normal,2024,7,470.7,18.4
case1_0045,bangkok_normal,2024,8,411.3,18.2
case1_0045,bangkok_normal,2024,9,295.7,18.5
case1_0045,bangkok_normal,2024,10,348.2,21.0
case1_0045,bangkok_normal,2024,11,414.1,19.7
case1_0045,bangkok_normal,2024,12,354.2,18.9
case1_0045,bangkok_normal,2025,1,377.8,19.9
case1_0045,bangkok_normal,2025,2,359.1,17.3
case1_0045,bangkok_normal,2025,3,466.3,20.7
case1_0045,bangkok_normal,2025,4,467.4,20.4
case1_0045,bangkok_normal,2025,5,476.1,15.5
case1_0045,bangkok_normal,2025,6,380.8,14.4
case1_0045,bangkok_normal,2025,7,364.3,16.0
case1_0045,bangkok_normal,2025,8,355.4,19.3
case1_0045,bangkok_normal,2025,9,390.5,19.2
case1_0045,bangkok_normal,2025,10,391.2,19.3
case1_0045,bangkok_normal,2025,11,371.2,22.5
case1_0045,bangkok_normal,2025,12,261.5,16.8
case1_0045,bangkok_normal,2026,1,286.7,17.8
case1_0045,bangkok_normal,2026,2,336.0,19.8
case1_0045,bangkok_normal,2026,3,456.8,19.2
case1_0045,bangkok_normal,2026,4,553.5,21.2
case1_0045,bangkok_normal,2026,5,538.9,18.0
case1_0045,bangkok_normal,2026,6,419.7,22.5
case1_0045,bangkok_normal,2026,7,294.8,19.5
case1_0045,bangkok_normal,2026,8,294.6,23.8
case1_0046,bangkok_normal,2024,3,201.6,9.2
case1_0046,bangkok_normal,2024,4,228.5,10.6
case1_0046,bangkok_normal,2024,5,208.8,10.5
case1_0046,bangkok_normal,2024,6,201.4,8.6
case1_0046,bangkok_normal,2024,7,194.5,11.1
case1_0046,bangkok_normal,2024,8,171.5,10.4
case1_0046,bangkok_normal,2024,9,167.4,11.1
case1_0046,bangkok_normal,2024,10,156.2,12.8
case1_0046,bangkok_normal,2024,11,197.6,10.7
case1_0046,bangkok_normal,2024,12,145.0,9.5
case1_0046,bangkok_normal,2025,1,166.6,9.9
case1_0046,bangkok_normal,2025,2,178.0,11.5
case1_0046,bangkok_normal,2025,3,209.2,10.8
case1_0046,bangkok_normal,2025,4,202.7,10.8
case1_0046,bangkok_normal,2025,5,204.0,12.4
case1_0046,bangkok_normal,2025,6,201.7,11.8
case1_0046,bangkok_normal,2025,7,217.3,8.9
case1_0046,bangkok_normal,2025,8,195.7,9.0
case1_0046,bangkok_normal,2025,9,199.0,11.6
case1_0046,bangkok_normal,2025,10,185.2,11.2
case1_0046,bangkok_normal,2025,11,195.5,9.9
case1_0046,bangkok_normal,2025,12,144.7,9.6
case1_0046,bangkok_normal,2026,1,177.9,10.0
case1_0046,bangkok_normal,2026,2,177.3,11.4
case1_0046,bangkok_normal,2026,3,189.0,10.1
case1_0046,bangkok_normal,2026,4,198.1,10.5
case1_0046,bangkok_normal,2026,5,261.1,11.6
case1_0046,bangkok_normal,2026,6,229.0,11.2
case1_0046,bangkok_normal,2026,7,190.2,11.7
case1_0046,bangkok_normal,2026,8,205.6,9.9
case1_0047,bangkok_normal,2024,3,216.1,15.2
case1_0047,bangkok_normal,2024,4,240.5,18.5
case1_0047,bangkok_normal,2024,5,225.9,14.8
case1_0047,bangkok_normal,2024,6,190.5,15.7
case1_0047,bangkok_normal,2024,7,187.5,14.8
case1_0047,bangkok_normal,2024,8,209.0,12.1
case1_0047,bangkok_normal,2024,9,181.2,14.2
case1_0047,bangkok_normal,2024,10,158.5,15.4
case1_0047,bangkok_normal,2024,11,157.4,13.0
case1_0047,bangkok_normal,2024,12,141.5,12.7
case1_0047,bangkok_normal,2025,1,142.1,10.8
case1_0047,bangkok_normal,2025,2,184.4,11.4
case1_0047,bangkok_normal,2025,3,221.4,15.3
case1_0047,bangkok_normal,2025,4,261.0,14.8
case1_0047,bangkok_normal,2025,5,266.6,13.3
case1_0047,bangkok_normal,2025,6,239.6,14.4
case1_0047,bangkok_normal,2025,7,186.6,13.4
case1_0047,bangkok_normal,2025,8,171.2,13.2
case1_0047,bangkok_normal,2025,9,172.5,14.5
case1_0047,bangkok_normal,2025,10,164.3,12.4
case1_0047,bangkok_normal,2025,11,149.8,12.0
case1_0047,bangkok_normal,2025,12,131.9,12.6
case1_0047,bangkok_normal,2026,1,138.7,14.2
case1_0047,bangkok_normal,2026,2,164.7,15.8
case1_0047,bangkok_normal,2026,3,199.2,14.3
case1_0047,bangkok_normal,2026,4,262.1,16.5
case1_0047,bangkok_normal,2026,5,242.0,14.3
case1_0047,bangkok_normal,2026,6,264.4,16.9
case1_0047,bangkok_normal,2026,7,215.7,13.4
case1_0047,bangkok_normal,2026,8,192.2,15.6
case1_0048,bangkok_normal,2024,3,296.7,10.7
case1_0048,bangkok_normal,2024,4,292.3,11.8
case1_0048,bangkok_normal,2024,5,283.4,11.1
case1_0048,bangkok_normal,2024,6,294.1,10.7
case1_0048,bangkok_normal,2024,7,290.7,9.8
case1_0048,bangkok_normal,2024,8,259.8,12.0
case1_0048,bangkok_normal,2024,9,240.5,12.3
case1_0048,bangkok_normal,2024,10,247.2,11.8
case1_0048,bangkok_normal,2024,11,233.6,13.1
case1_0048,bangkok_normal,2024,12,167.2,10.7
case1_0048,bangkok_normal,2025,1,173.7,13.5
case1_0048,bangkok_normal,2025,2,232.9,11.7
case1_0048,bangkok_normal,2025,3,306.4,12.1
case1_0048,bangkok_normal,2025,4,369.9,11.8
case1_0048,bangkok_normal,2025,5,339.2,12.3
case1_0048,bangkok_normal,2025,6,292.2,12.6
case1_0048,bangkok_normal,2025,7,278.7,11.5
case1_0048,bangkok_normal,2025,8,238.7,13.2
case1_0048,bangkok_normal,2025,9,226.9,11.9
case1_0048,bangkok_normal,2025,10,205.7,11.5
case1_0048,bangkok_normal,2025,11,189.1,10.1
case1_0048,bangkok_normal,2025,12,182.6,10.5
case1_0048,bangkok_normal,2026,1,194.4,10.4
case1_0048,bangkok_normal,2026,2,247.0,10.4
case1_0048,bangkok_normal,2026,3,289.6,10.6
case1_0048,bangkok_normal,2026,4,319.0,15.1
case1_0048,bangkok_normal,2026,5,313.6,12.6
case1_0048,bangkok_normal,2026,6,272.9,10.3
case1_0048,bangkok_normal,2026,7,261.4,10.3
case1_0048,bangkok_normal,2026,8,229.2,11.0
case1_0049,bangkok_normal,2024,3,376.4,9.4
case1_0049,bangkok_normal,2024,4,384.2,10.9
case1_0049,bangkok_normal,2024,5,395.2,9.7
case1_0049,bangkok_normal,2024,6,327.5,8.9
case1_0049,bangkok_normal,2024,7,304.6,10.1
case1_0049,bangkok_normal,2024,8,286.7,9.1
case1_0049,bangkok_normal,2024,9,259.6,9.8
case1_0049,bangkok_normal,2024,10,312.3,9.4
case1_0049,bangkok_normal,2024,11,315.1,8.6
case1_0049,bangkok_normal,2024,12,272.6,8.6
case1_0049,bangkok_normal,2025,1,263.6,8.7
case1_0049,bangkok_normal,2025,2,332.8,9.7
case1_0049,bangkok_normal,2025,3,308.3,9.0
case1_0049,bangkok_normal,2025,4,423.9,9.6
case1_0049,bangkok_normal,2025,5,405.2,9.4
case1_0049,bangkok_normal,2025,6,385.6,9.7
case1_0049,bangkok_normal,2025,7,356.5,8.2
case1_0049,bangkok_normal,2025,8,302.9,9.4
case1_0049,bangkok_normal,2025,9,258.0,9.2
case1_0049,bangkok_normal,2025,10,264.8,7.6
case1_0049,bangkok_normal,2025,11,301.2,9.1
case1_0049,bangkok_normal,2025,12,265.5,9.8
case1_0049,bangkok_normal,2026,1,229.7,9.4
case1_0049,bangkok_normal,2026,2,272.2,10.0
case1_0049,bangkok_normal,2026,3,326.3,9.5
case1_0049,bangkok_normal,2026,4,387.0,9.7
case1_0049,bangkok_normal,2026,5,340.4,8.7
case1_0049,bangkok_normal,2026,6,300.6,10.3
case1_0049,bangkok_normal,2026,7,297.4,9.7
case1_0049,bangkok_normal,2026,8,323.1,9.2
case1_0050,bangkok_normal,2024,3,391.7,20.9
case1_0050,bangkok_normal,2024,4,517.3,22.7
case1_0050,bangkok_normal,2024,5,423.9,20.2
case1_0050,bangkok_normal,2024,6,410.0,21.9
case1_0050,bangkok_normal,2024,7,466.8,24.7
case1_0050,bangkok_normal,2024,8,378.1,21.3
case1_0050,bangkok_normal,2024,9,405.4,21.8
case1_0050,bangkok_normal,2024,10,359.3,15.6
case1_0050,bangkok_normal,2024,11,379.4,19.2
case1_0050,bangkok_normal,2024,12,339.9,18.8
case1_0050,bangkok_normal,2025,1,349.4,18.2
case1_0050,bangkok_normal,2025,2,426.2,23.0
case1_0050,bangkok_normal,2025,3,413.0,22.5
case1_0050,bangkok_normal,2025,4,547.8,23.4
case1_0050,bangkok_normal,2025,5,460.2,22.6
case1_0050,bangkok_normal,2025,6,449.5,18.5
case1_0050,bangkok_normal,2025,7,427.5,18.7
case1_0050,bangkok_normal,2025,8,426.4,23.3
case1_0050,bangkok_normal,2025,9,399.1,17.8
case1_0050,bangkok_normal,2025,10,344.4,19.0
case1_0050,bangkok_normal,2025,11,308.9,20.2
case1_0050,bangkok_normal,2025,12,315.2,23.8
case1_0050,bangkok_normal,2026,1,324.5,23.6
case1_0050,bangkok_normal,2026,2,425.4,22.0
case1_0050,bangkok_normal,2026,3,459.3,26.6
case1_0050,bangkok_normal,2026,4,441.5,24.1
case1_0050,bangkok_normal,2026,5,513.3,26.9
case1_0050,bangkok_normal,2026,6,436.7,21.6
case1_0050,bangkok_normal,2026,7,426.7,25.3
case1_0050,bangkok_normal,2026,8,382.0,23.0
case1_0051,bangkok_normal,2024,3,773.0,32.6
case1_0051,bangkok_normal,2024,4,817.5,35.2
case1_0051,bangkok_normal,2024,5,852.5,33.1
case1_0051,bangkok_normal,2024,6,714.9,32.5
case1_0051,bangkok_normal,2024,7,727.9,30.3
case1_0051,bangkok_normal,2024,8,712.0,27.6
case1_0051,bangkok_normal,2024,9,640.0,27.4
case1_0051,bangkok_normal,2024,10,588.0,28.0
case1_0051,bangkok_normal,2024,11,602.0,27.9
case1_0051,bangkok_normal,2024,12,527.8,21.8
case1_0051,bangkok_normal,2025,1,629.7,24.5
case1_0051,bangkok_normal,2025,2,720.7,27.9
case1_0051,bangkok_normal,2025,3,831.4,29.0
case1_0051,bangkok_normal,2025,4,1102.0,30.4
case1_0051,bangkok_normal,2025,5,912.7,32.1
case1_0051,bangkok_normal,2025,6,790.2,27.2
case1_0051,bangkok_normal,2025,7,738.0,23.9
case1_0051,bangkok_normal,2025,8,609.0,26.4
case1_0051,bangkok_normal,2025,9,575.0,29.6
case1_0051,bangkok_normal,2025,10,553.1,32.9
case1_0051,bangkok_normal,2025,11,606.1,31.4
case1_0051,bangkok_normal,2025,12,483.6,23.7
case1_0051,bangkok_normal,2026,1,509.2,25.3
case1_0051,bangkok_normal,2026,2,670.5,28.5
case1_0051,bangkok_normal,2026,3,788.3,30.3
case1_0051,bangkok_normal,2026,4,814.3,32.9
case1_0051,bangkok_normal,2026,5,724.3,28.5
case1_0051,bangkok_normal,2026,6,765.6,29.2
case1_0051,bangkok_normal,2026,7,719.5,30.0
case1_0051,bangkok_normal,2026,8,555.4,31.2
case1_0052,bangkok_normal,2024,3,423.5,9.1
case1_0052,bangkok_normal,2024,4,557.0,8.4
case1_0052,bangkok_normal,2024,5,564.6,8.9
case1_0052,bangkok_normal,2024,6,496.5,8.3
case1_0052,bangkok_normal,2024,7,517.0,7.4
case1_0052,bangkok_normal,2024,8,506.3,8.0
case1_0052,bangkok_normal,2024,9,375.9,7.8
case1_0052,bangkok_normal,2024,10,444.4,9.1
case1_0052,bangkok_normal,2024,11,410.3,9.5
case1_0052,bangkok_normal,2024,12,387.6,8.0
case1_0052,bangkok_normal,2025,1,349.2,8.2
case1_0052,bangkok_normal,2025,2,461.0,7.4
case1_0052,bangkok_normal,2025,3,536.4,8.7
case1_0052,bangkok_normal,2025,4,640.8,10.2
case1_0052,bangkok_normal,2025,5,616.6,10.8
case1_0052,bangkok_normal,2025,6,542.9,9.3
case1_0052,bangkok_normal,2025,7,437.1,10.3
case1_0052,bangkok_normal,2025,8,406.7,8.3
case1_0052,bangkok_normal,2025,9,417.3,7.8
case1_0052,bangkok_normal,2025,10,438.6,9.3
case1_0052,bangkok_normal,2025,11,415.5,10.6
case1_0052,bangkok_normal,2025,12,387.0,9.5
case1_0052,bangkok_normal,2026,1,380.4,9.0
case1_0052,bangkok_normal,2026,2,420.1,7.4
case1_0052,bangkok_normal,2026,3,513.3,7.3
case1_0052,bangkok_normal,2026,4,617.3,9.6
case1_0052,bangkok_normal,2026,5,610.7,9.6
case1_0052,bangkok_normal,2026,6,642.1,8.6
case1_0052,bangkok_normal,2026,7,499.6,9.3
case1_0052,bangkok_normal,2026,8,483.4,9.5
case1_0053,bangkok_normal,2024,3,405.1,20.2
case1_0053,bangkok_normal,2024,4,426.5,23.9
case1_0053,bangkok_normal,2024,5,398.1,22.1
case1_0053,bangkok_normal,2024,6,402.2,22.3
case1_0053,bangkok_normal,2024,7,320.2,18.0
case1_0053,bangkok_normal,2024,8,415.8,18.6
case1_0053,bangkok_normal,2024,9,348.7,16.4
case1_0053,bangkok_normal,2024,10,326.1,16.9
case1_0053,bangkok_normal,2024,11,322.0,18.7
case1_0053,bangkok_normal,2024,12,302.7,17.2
case1_0053,bangkok_normal,2025,1,298.3,14.8
case1_0053,bangkok_normal,2025,2,281.9,15.0
case1_0053,bangkok_normal,2025,3,410.2,15.5
case1_0053,bangkok_normal,2025,4,422.3,19.7
case1_0053,bangkok_normal,2025,5,413.3,23.3
case1_0053,bangkok_normal,2025,6,330.7,22.5
case1_0053,bangkok_normal,2025,7,356.4,16.2
case1_0053,bangkok_normal,2025,8,322.4,20.1
case1_0053,bangkok_normal,2025,9,320.3,20.0
case1_0053,bangkok_normal,2025,10,304.3,15.8
case1_0053,bangkok_normal,2025,11,363.3,16.5
case1_0053,bangkok_normal,2025,12,322.0,18.2
case1_0053,bangkok_normal,2026,1,290.9,18.3
case1_0053,bangkok_normal,2026,2,336.2,16.1
case1_0053,bangkok_normal,2026,3,373.1,19.4
case1_0053,bangkok_normal,2026,4,477.8,15.9
case1_0053,bangkok_normal,2026,5,420.1,18.0
case1_0053,bangkok_normal,2026,6,370.3,20.5
case1_0053,bangkok_normal,2026,7,390.6,18.9
case1_0053,bangkok_normal,2026,8,342.3,17.5
case1_0054,bangkok_normal,2024,3,434.5,12.3
case1_0054,bangkok_normal,2024,4,491.6,13.4
case1_0054,bangkok_normal,2024,5,483.2,12.6
case1_0054,bangkok_normal,2024,6,432.3,13.0
case1_0054,bangkok_normal,2024,7,385.2,12.3
case1_0054,bangkok_normal,2024,8,363.5,12.2
case1_0054,bangkok_normal,2024,9,329.3,12.7
case1_0054,bangkok_normal,2024,10,285.5,11.3
case1_0054,bangkok_normal,2024,11,279.3,11.7
case1_0054,bangkok_normal,2024,12,250.9,10.9
case1_0054,bangkok_normal,2025,1,280.4,9.6
case1_0054,bangkok_normal,2025,2,384.7,10.5
case1_0054,bangkok_normal,2025,3,411.5,14.2
case1_0054,bangkok_normal,2025,4,498.4,14.4
case1_0054,bangkok_normal,2025,5,494.2,11.9
case1_0054,bangkok_normal,2025,6,406.5,10.6
case1_0054,bangkok_normal,2025,7,396.7,11.8
case1_0054,bangkok_normal,2025,8,362.0,14.2
case1_0054,bangkok_normal,2025,9,385.9,12.6
case1_0054,bangkok_normal,2025,10,365.8,13.9
case1_0054,bangkok_normal,2025,11,300.9,13.1
case1_0054,bangkok_normal,2025,12,272.8,12.4
case1_0054,bangkok_normal,2026,1,331.2,10.5
case1_0054,bangkok_normal,2026,2,357.0,13.2
case1_0054,bangkok_normal,2026,3,428.1,13.0
case1_0054,bangkok_normal,2026,4,493.4,15.0
case1_0054,bangkok_normal,2026,5,411.8,13.0
case1_0054,bangkok_normal,2026,6,420.1,13.3
case1_0054,bangkok_normal,2026,7,335.4,13.5
case1_0054,bangkok_normal,2026,8,337.0,12.9
case1_0055,bangkok_normal,2024,3,232.5,13.3
case1_0055,bangkok_normal,2024,4,318.9,14.4
case1_0055,bangkok_normal,2024,5,309.5,11.9
case1_0055,bangkok_normal,2024,6,241.0,13.2
case1_0055,bangkok_normal,2024,7,242.8,15.1
case1_0055,bangkok_normal,2024,8,213.0,13.2
case1_0055,bangkok_normal,2024,9,185.2,12.2
case1_0055,bangkok_normal,2024,10,218.8,12.2
case1_0055,bangkok_normal,2024,11,173.9,14.1
case1_0055,bangkok_normal,2024,12,178.0,10.7
case1_0055,bangkok_normal,2025,1,175.3,11.2
case1_0055,bangkok_normal,2025,2,209.0,10.9
case1_0055,bangkok_normal,2025,3,258.9,11.4
case1_0055,bangkok_normal,2025,4,303.0,12.5
case1_0055,bangkok_normal,2025,5,258.4,14.1
case1_0055,bangkok_normal,2025,6,264.3,14.7
case1_0055,bangkok_normal,2025,7,241.2,13.0
case1_0055,bangkok_normal,2025,8,203.0,11.6
case1_0055,bangkok_normal,2025,9,204.7,14.0
case1_0055,bangkok_normal,2025,10,233.4,11.5
case1_0055,bangkok_normal,2025,11,246.0,10.5
case1_0055,bangkok_normal,2025,12,194.3,8.5
case1_0055,bangkok_normal,2026,1,165.8,11.3
case1_0055,bangkok_normal,2026,2,221.8,12.3
case1_0055,bangkok_normal,2026,3,276.3,14.7
case1_0055,bangkok_normal,2026,4,315.5,11.5
case1_0055,bangkok_normal,2026,5,306.9,13.3
case1_0055,bangkok_normal,2026,6,271.4,11.9
case1_0055,bangkok_normal,2026,7,241.0,12.1
case1_0055,bangkok_normal,2026,8,218.9,9.5
case1_0056,bangkok_normal,2024,3,385.5,14.6
case1_0056,bangkok_normal,2024,4,466.4,13.7
case1_0056,bangkok_normal,2024,5,402.5,12.3
case1_0056,bangkok_normal,2024,6,363.0,12.0
case1_0056,bangkok_normal,2024,7,342.3,10.3
case1_0056,bangkok_normal,2024,8,287.1,13.0
case1_0056,bangkok_normal,2024,9,345.4,11.6
case1_0056,bangkok_normal,2024,10,367.8,13.0
case1_0056,bangkok_normal,2024,11,314.2,11.9
case1_0056,bangkok_normal,2024,12,278.7,12.4
case1_0056,bangkok_normal,2025,1,278.7,11.7
case1_0056,bangkok_normal,2025,2,352.6,12.7
case1_0056,bangkok_normal,2025,3,382.9,13.3
case1_0056,bangkok_normal,2025,4,413.4,13.7
case1_0056,bangkok_normal,2025,5,476.0,13.1
case1_0056,bangkok_normal,2025,6,414.4,11.9
case1_0056,bangkok_normal,2025,7,458.1,13.8
case1_0056,bangkok_normal,2025,8,396.7,11.1
case1_0056,bangkok_normal,2025,9,328.0,11.1
case1_0056,bangkok_normal,2025,10,375.7,11.1
case1_0056,bangkok_normal,2025,11,368.5,11.4
case1_0056,bangkok_normal,2025,12,311.5,10.1
case1_0056,bangkok_normal,2026,1,338.5,10.7
case1_0056,bangkok_normal,2026,2,351.8,10.9
case1_0056,bangkok_normal,2026,3,414.1,9.8
case1_0056,bangkok_normal,2026,4,469.0,11.6
case1_0056,bangkok_normal,2026,5,404.1,10.5
case1_0056,bangkok_normal,2026,6,399.0,9.2
case1_0056,bangkok_normal,2026,7,442.7,10.6
case1_0056,bangkok_normal,2026,8,410.9,11.4
case1_0057,bangkok_normal,2024,3,406.2,11.2
case1_0057,bangkok_normal,2024,4,370.9,12.5
case1_0057,bangkok_normal,2024,5,391.5,12.7
case1_0057,bangkok_normal,2024,6,325.3,11.6
case1_0057,bangkok_normal,2024,7,318.2,11.3
case1_0057,bangkok_normal,2024,8,292.5,10.3
case1_0057,bangkok_normal,2024,9,304.4,9.7
case1_0057,bangkok_normal,2024,10,292.1,11.2
case1_0057,bangkok_normal,2024,11,271.1,13.9
case1_0057,bangkok_normal,2024,12,244.1,13.2
case1_0057,bangkok_normal,2025,1,283.4,13.2
case1_0057,bangkok_normal,2025,2,304.3,13.6
case1_0057,bangkok_normal,2025,3,406.8,15.0
case1_0057,bangkok_normal,2025,4,574.7,16.3
case1_0057,bangkok_normal,2025,5,534.1,16.2
case1_0057,bangkok_normal,2025,6,459.0,14.4
case1_0057,bangkok_normal,2025,7,391.4,15.6
case1_0057,bangkok_normal,2025,8,304.5,14.4
case1_0057,bangkok_normal,2025,9,286.0,14.3
case1_0057,bangkok_normal,2025,10,361.1,13.8
case1_0057,bangkok_normal,2025,11,314.6,13.6
case1_0057,bangkok_normal,2025,12,255.7,11.7
case1_0057,bangkok_normal,2026,1,278.3,13.1
case1_0057,bangkok_normal,2026,2,310.7,17.0
case1_0057,bangkok_normal,2026,3,348.9,14.6
case1_0057,bangkok_normal,2026,4,442.9,14.9
case1_0057,bangkok_normal,2026,5,405.4,13.9
case1_0057,bangkok_normal,2026,6,371.1,13.1
case1_0057,bangkok_normal,2026,7,345.4,15.3
case1_0057,bangkok_normal,2026,8,382.2,13.1
case1_0058,bangkok_normal,2024,3,416.5,14.4
case1_0058,bangkok_normal,2024,4,414.2,14.6
case1_0058,bangkok_normal,2024,5,491.9,16.3
case1_0058,bangkok_normal,2024,6,567.5,15.5
case1_0058,bangkok_normal,2024,7,436.1,12.4
case1_0058,bangkok_normal,2024,8,346.0,14.7
case1_0058,bangkok_normal,2024,9,396.7,12.0
case1_0058,bangkok_normal,2024,10,347.5,12.4
case1_0058,bangkok_normal,2024,11,400.7,15.5
case1_0058,bangkok_normal,2024,12,304.1,16.3
case1_0058,bangkok_normal,2025,1,295.5,12.9
case1_0058,bangkok_normal,2025,2,365.3,13.7
case1_0058,bangkok_normal,2025,3,470.0,15.0
case1_0058,bangkok_normal,2025,4,499.2,18.4
case1_0058,bangkok_normal,2025,5,459.2,15.6
case1_0058,bangkok_normal,2025,6,426.2,14.3
case1_0058,bangkok_normal,2025,7,357.2,16.5
case1_0058,bangkok_normal,2025,8,398.4,14.4
case1_0058,bangkok_normal,2025,9,311.1,15.0
case1_0058,bangkok_normal,2025,10,329.1,12.2
case1_0058,bangkok_normal,2025,11,372.7,13.0
case1_0058,bangkok_normal,2025,12,310.8,10.7
case1_0058,bangkok_normal,2026,1,330.9,11.1
case1_0058,bangkok_normal,2026,2,378.4,14.3
case1_0058,bangkok_normal,2026,3,486.8,17.1
case1_0058,bangkok_normal,2026,4,554.3,17.2
case1_0058,bangkok_normal,2026,5,513.5,16.0
case1_0058,bangkok_normal,2026,6,483.5,16.0
case1_0058,bangkok_normal,2026,7,448.0,16.6
case1_0058,bangkok_normal,2026,8,389.3,17.7
case1_0059,bangkok_normal,2024,3,270.1,11.4
case1_0059,bangkok_normal,2024,4,297.9,10.5
case1_0059,bangkok_normal,2024,5,297.5,11.4
case1_0059,bangkok_normal,2024,6,270.2,11.8
case1_0059,bangkok_normal,2024,7,237.3,13.4
case1_0059,bangkok_normal,2024,8,220.2,11.9
case1_0059,bangkok_normal,2024,9,209.3,8.8
case1_0059,bangkok_normal,2024,10,230.3,10.1
case1_0059,bangkok_normal,2024,11,196.7,13.4
case1_0059,bangkok_normal,2024,12,167.3,11.9
case1_0059,bangkok_normal,2025,1,178.0,10.1
case1_0059,bangkok_normal,2025,2,242.9,11.5
case1_0059,bangkok_normal,2025,3,249.3,10.9
case1_0059,bangkok_normal,2025,4,302.4,10.3
case1_0059,bangkok_normal,2025,5,303.0,11.0
case1_0059,bangkok_normal,2025,6,249.2,11.4
case1_0059,bangkok_normal,2025,7,220.7,9.2
case1_0059,bangkok_normal,2025,8,207.6,9.3
case1_0059,bangkok_normal,2025,9,193.9,10.4
case1_0059,bangkok_normal,2025,10,207.1,10.3
case1_0059,bangkok_normal,2025,11,197.1,11.0
case1_0059,bangkok_normal,2025,12,162.6,9.1
case1_0059,bangkok_normal,2026,1,146.4,10.7
case1_0059,bangkok_normal,2026,2,170.6,9.8
case1_0059,bangkok_normal,2026,3,263.8,13.0
case1_0059,bangkok_normal,2026,4,262.6,10.6
case1_0059,bangkok_normal,2026,5,227.9,10.2
case1_0059,bangkok_normal,2026,6,247.2,11.5
case1_0059,bangkok_normal,2026,7,217.9,13.0
case1_0059,bangkok_normal,2026,8,212.5,12.0
case1_0060,bangkok_normal,2024,3,434.9,15.4
case1_0060,bangkok_normal,2024,4,470.5,15.6
case1_0060,bangkok_normal,2024,5,534.3,14.4
case1_0060,bangkok_normal,2024,6,439.6,18.3
case1_0060,bangkok_normal,2024,7,460.5,20.9
case1_0060,bangkok_normal,2024,8,393.0,17.0
case1_0060,bangkok_normal,2024,9,419.5,14.3
case1_0060,bangkok_normal,2024,10,390.5,12.0
case1_0060,bangkok_normal,2024,11,523.2,14.3
case1_0060,bangkok_normal,2024,12,417.8,14.2
case1_0060,bangkok_normal,2025,1,463.8,14.0
case1_0060,bangkok_normal,2025,2,477.3,16.0
case1_0060,bangkok_normal,2025,3,575.2,17.6
case1_0060,bangkok_normal,2025,4,593.0,18.5
case1_0060,bangkok_normal,2025,5,590.0,17.2
case1_0060,bangkok_normal,2025,6,553.6,15.1
case1_0060,bangkok_normal,2025,7,497.2,17.0
case1_0060,bangkok_normal,2025,8,453.2,16.5
case1_0060,bangkok_normal,2025,9,409.2,17.4
case1_0060,bangkok_normal,2025,10,349.1,17.5
case1_0060,bangkok_normal,2025,11,388.0,14.1
case1_0060,bangkok_normal,2025,12,400.2,12.4
case1_0060,bangkok_normal,2026,1,351.8,13.3
case1_0060,bangkok_normal,2026,2,412.7,11.5
case1_0060,bangkok_normal,2026,3,656.6,14.5
case1_0060,bangkok_normal,2026,4,649.3,15.3
case1_0060,bangkok_normal,2026,5,658.4,16.2
case1_0060,bangkok_normal,2026,6,629.9,15.0
case1_0060,bangkok_normal,2026,7,597.4,14.2
case1_0060,bangkok_normal,2026,8,471.9,15.2
case1_0061,bangkok_normal,2024,3,885.3,17.7
case1_0061,bangkok_normal,2024,4,926.7,15.7
case1_0061,bangkok_normal,2024,5,838.8,16.0
case1_0061,bangkok_normal,2024,6,713.2,15.7
case1_0061,bangkok_normal,2024,7,758.1,14.5
case1_0061,bangkok_normal,2024,8,800.1,15.5
case1_0061,bangkok_normal,2024,9,689.9,15.6
case1_0061,bangkok_normal,2024,10,734.4,14.9
case1_0061,bangkok_normal,2024,11,543.4,16.0
case1_0061,bangkok_normal,2024,12,507.5,14.7
case1_0061,bangkok_normal,2025,1,545.1,13.2
case1_0061,bangkok_normal,2025,2,620.6,14.3
case1_0061,bangkok_normal,2025,3,947.8,15.5
case1_0061,bangkok_normal,2025,4,941.4,15.4
case1_0061,bangkok_normal,2025,5,842.5,17.6
case1_0061,bangkok_normal,2025,6,786.1,18.9
case1_0061,bangkok_normal,2025,7,595.9,15.6
case1_0061,bangkok_normal,2025,8,624.2,16.5
case1_0061,bangkok_normal,2025,9,713.4,14.4
case1_0061,bangkok_normal,2025,10,627.5,14.8
case1_0061,bangkok_normal,2025,11,586.8,14.3
case1_0061,bangkok_normal,2025,12,594.2,15.3
case1_0061,bangkok_normal,2026,1,651.7,14.1
case1_0061,bangkok_normal,2026,2,746.0,17.0
case1_0061,bangkok_normal,2026,3,786.2,16.6
case1_0061,bangkok_normal,2026,4,880.2,16.2
case1_0061,bangkok_normal,2026,5,799.8,14.7
case1_0061,bangkok_normal,2026,6,704.2,16.1
case1_0061,bangkok_normal,2026,7,646.7,17.3
case1_0061,bangkok_normal,2026,8,655.2,16.6
case1_0062,bangkok_normal,2024,3,361.3,14.3
case1_0062,bangkok_normal,2024,4,407.3,14.0
case1_0062,bangkok_normal,2024,5,424.8,14.3
case1_0062,bangkok_normal,2024,6,351.8,14.3
case1_0062,bangkok_normal,2024,7,387.1,13.8
case1_0062,bangkok_normal,2024,8,368.2,13.8
case1_0062,bangkok_normal,2024,9,342.4,11.7
case1_0062,bangkok_normal,2024,10,344.9,11.7
case1_0062,bangkok_normal,2024,11,375.8,12.7
case1_0062,bangkok_normal,2024,12,285.5,12.3
case1_0062,bangkok_normal,2025,1,281.1,12.1
case1_0062,bangkok_normal,2025,2,387.0,13.1
case1_0062,bangkok_normal,2025,3,451.4,14.3
case1_0062,bangkok_normal,2025,4,457.0,16.3
case1_0062,bangkok_normal,2025,5,440.4,15.1
case1_0062,bangkok_normal,2025,6,411.6,15.0
case1_0062,bangkok_normal,2025,7,394.2,13.5
case1_0062,bangkok_normal,2025,8,326.7,14.5
case1_0062,bangkok_normal,2025,9,286.5,14.3
case1_0062,bangkok_normal,2025,10,293.7,14.8
case1_0062,bangkok_normal,2025,11,292.4,14.8
case1_0062,bangkok_normal,2025,12,255.2,13.9
case1_0062,bangkok_normal,2026,1,305.7,13.1
case1_0062,bangkok_normal,2026,2,357.4,14.1
case1_0062,bangkok_normal,2026,3,430.9,16.0
case1_0062,bangkok_normal,2026,4,428.8,14.7
case1_0062,bangkok_normal,2026,5,432.0,13.9
case1_0062,bangkok_normal,2026,6,444.9,14.4
case1_0062,bangkok_normal,2026,7,431.3,14.7
case1_0062,bangkok_normal,2026,8,375.6,13.1
case1_0063,bangkok_normal,2024,3,367.3,13.3
case1_0063,bangkok_normal,2024,4,482.9,12.1
case1_0063,bangkok_normal,2024,5,488.3,12.6
case1_0063,bangkok_normal,2024,6,452.7,9.0
case1_0063,bangkok_normal,2024,7,489.5,11.7
case1_0063,bangkok_normal,2024,8,389.1,12.6
case1_0063,bangkok_normal,2024,9,356.6,11.2
case1_0063,bangkok_normal,2024,10,277.1,11.3
case1_0063,bangkok_normal,2024,11,329.4,12.8
case1_0063,bangkok_normal,2024,12,292.4,10.9
case1_0063,bangkok_normal,2025,1,305.4,11.9
case1_0063,bangkok_normal,2025,2,430.2,11.3
case1_0063,bangkok_normal,2025,3,514.5,11.8
case1_0063,bangkok_normal,2025,4,547.1,14.5
case1_0063,bangkok_normal,2025,5,495.7,14.7
case1_0063,bangkok_normal,2025,6,506.5,12.3
case1_0063,bangkok_normal,2025,7,444.4,11.4
case1_0063,bangkok_normal,2025,8,391.4,11.2
case1_0063,bangkok_normal,2025,9,323.0,12.6
case1_0063,bangkok_normal,2025,10,346.4,10.9
case1_0063,bangkok_normal,2025,11,393.8,12.0
case1_0063,bangkok_normal,2025,12,388.6,12.1
case1_0063,bangkok_normal,2026,1,352.8,11.5
case1_0063,bangkok_normal,2026,2,375.9,13.2
case1_0063,bangkok_normal,2026,3,404.1,12.7
case1_0063,bangkok_normal,2026,4,532.5,13.0
case1_0063,bangkok_normal,2026,5,423.4,11.8
case1_0063,bangkok_normal,2026,6,464.8,13.5
case1_0063,bangkok_normal,2026,7,466.6,11.7
case1_0063,bangkok_normal,2026,8,447.5,12.4
case1_0064,bangkok_normal,2024,3,499.4,11.5
case1_0064,bangkok_normal,2024,4,669.3,12.8
case1_0064,bangkok_normal,2024,5,610.3,13.6
case1_0064,bangkok_normal,2024,6,487.4,14.2
case1_0064,bangkok_normal,2024,7,497.1,13.6
case1_0064,bangkok_normal,2024,8,474.5,12.8
case1_0064,bangkok_normal,2024,9,599.6,11.4
case1_0064,bangkok_normal,2024,10,492.8,10.6
case1_0064,bangkok_normal,2024,11,431.5,10.9
case1_0064,bangkok_normal,2024,12,409.6,11.5
case1_0064,bangkok_normal,2025,1,324.1,11.9
case1_0064,bangkok_normal,2025,2,437.6,9.9
case1_0064,bangkok_normal,2025,3,624.7,11.1
case1_0064,bangkok_normal,2025,4,625.1,14.5
case1_0064,bangkok_normal,2025,5,490.0,13.7
case1_0064,bangkok_normal,2025,6,484.6,11.2
case1_0064,bangkok_normal,2025,7,549.7,14.9
case1_0064,bangkok_normal,2025,8,513.0,13.1
case1_0064,bangkok_normal,2025,9,424.6,12.9
case1_0064,bangkok_normal,2025,10,400.8,12.8
case1_0064,bangkok_normal,2025,11,396.4,11.8
case1_0064,bangkok_normal,2025,12,363.8,10.6
case1_0064,bangkok_normal,2026,1,422.7,13.7
case1_0064,bangkok_normal,2026,2,513.9,14.1
case1_0064,bangkok_normal,2026,3,573.0,14.6
case1_0064,bangkok_normal,2026,4,537.3,14.8
case1_0064,bangkok_normal,2026,5,486.2,12.5
case1_0064,bangkok_normal,2026,6,529.6,14.3
case1_0064,bangkok_normal,2026,7,429.9,12.0
case1_0064,bangkok_normal,2026,8,449.9,12.7
case1_0065,bangkok_normal,2024,3,333.0,23.0
case1_0065,bangkok_normal,2024,4,339.7,24.7
case1_0065,bangkok_normal,2024,5,276.6,23.3
case1_0065,bangkok_normal,2024,6,315.4,21.5
case1_0065,bangkok_normal,2024,7,355.6,20.7
case1_0065,bangkok_normal,2024,8,342.2,19.9
case1_0065,bangkok_normal,2024,9,278.0,20.7
case1_0065,bangkok_normal,2024,10,262.4,19.8
case1_0065,bangkok_normal,2024,11,276.7,17.9
case1_0065,bangkok_normal,2024,12,240.2,16.1
case1_0065,bangkok_normal,2025,1,220.9,16.6
case1_0065,bangkok_normal,2025,2,264.9,19.5
case1_0065,bangkok_normal,2025,3,316.6,20.7
case1_0065,bangkok_normal,2025,4,368.1,22.3
case1_0065,bangkok_normal,2025,5,335.0,22.8
case1_0065,bangkok_normal,2025,6,300.5,20.1
case1_0065,bangkok_normal,2025,7,318.4,23.1
case1_0065,bangkok_normal,2025,8,314.9,20.6
case1_0065,bangkok_normal,2025,9,279.3,19.3
case1_0065,bangkok_normal,2025,10,294.1,22.9
case1_0065,bangkok_normal,2025,11,246.8,18.4
case1_0065,bangkok_normal,2025,12,234.0,18.4
case1_0065,bangkok_normal,2026,1,229.4,22.5
case1_0065,bangkok_normal,2026,2,336.2,19.2
case1_0065,bangkok_normal,2026,3,288.9,25.3
case1_0065,bangkok_normal,2026,4,306.8,29.1
case1_0065,bangkok_normal,2026,5,322.7,25.1
case1_0065,bangkok_normal,2026,6,301.1,24.8
case1_0065,bangkok_normal,2026,7,321.6,26.2
case1_0065,bangkok_normal,2026,8,258.4,23.1
case1_0066,bangkok_normal,2024,3,411.3,17.4
case1_0066,bangkok_normal,2024,4,445.2,22.2
case1_0066,bangkok_normal,2024,5,475.7,19.7
case1_0066,bangkok_normal,2024,6,482.3,18.0
case1_0066,bangkok_normal,2024,7,412.3,19.9
case1_0066,bangkok_normal,2024,8,349.0,17.3
case1_0066,bangkok_normal,2024,9,321.2,16.5
case1_0066,bangkok_normal,2024,10,360.5,17.2
case1_0066,bangkok_normal,2024,11,419.2,17.4
case1_0066,bangkok_normal,2024,12,326.2,17.0
case1_0066,bangkok_normal,2025,1,308.5,20.3
case1_0066,bangkok_normal,2025,2,403.1,19.5
case1_0066,bangkok_normal,2025,3,441.3,15.1
case1_0066,bangkok_normal,2025,4,483.5,19.2
case1_0066,bangkok_normal,2025,5,435.6,19.4
case1_0066,bangkok_normal,2025,6,491.1,18.9
case1_0066,bangkok_normal,2025,7,328.4,18.9
case1_0066,bangkok_normal,2025,8,410.5,18.4
case1_0066,bangkok_normal,2025,9,366.9,17.9
case1_0066,bangkok_normal,2025,10,352.3,18.8
case1_0066,bangkok_normal,2025,11,419.6,17.1
case1_0066,bangkok_normal,2025,12,299.6,15.1
case1_0066,bangkok_normal,2026,1,296.6,21.4
case1_0066,bangkok_normal,2026,2,373.3,18.2
case1_0066,bangkok_normal,2026,3,466.9,19.3
case1_0066,bangkok_normal,2026,4,497.8,17.2
case1_0066,bangkok_normal,2026,5,418.2,19.1
case1_0066,bangkok_normal,2026,6,396.9,17.2
case1_0066,bangkok_normal,2026,7,462.6,17.4
case1_0066,bangkok_normal,2026,8,429.2,20.0
case1_0067,bangkok_normal,2024,3,325.3,10.5
case1_0067,bangkok_normal,2024,4,499.2,9.0
case1_0067,bangkok_normal,2024,5,396.1,11.9
case1_0067,bangkok_normal,2024,6,441.1,11.8
case1_0067,bangkok_normal,2024,7,416.4,11.0
case1_0067,bangkok_normal,2024,8,391.1,10.8
case1_0067,bangkok_normal,2024,9,318.7,11.5
case1_0067,bangkok_normal,2024,10,326.0,9.4
case1_0067,bangkok_normal,2024,11,307.0,9.7
case1_0067,bangkok_normal,2024,12,266.5,8.9
case1_0067,bangkok_normal,2025,1,272.7,11.8
case1_0067,bangkok_normal,2025,2,270.0,12.4
case1_0067,bangkok_normal,2025,3,415.3,9.7
case1_0067,bangkok_normal,2025,4,453.0,9.9
case1_0067,bangkok_normal,2025,5,415.6,11.4
case1_0067,bangkok_normal,2025,6,371.7,11.1
case1_0067,bangkok_normal,2025,7,377.6,10.0
case1_0067,bangkok_normal,2025,8,332.8,13.3
case1_0067,bangkok_normal,2025,9,259.6,12.3
case1_0067,bangkok_normal,2025,10,320.2,12.2
case1_0067,bangkok_normal,2025,11,339.1,10.9
case1_0067,bangkok_normal,2025,12,271.3,11.5
case1_0067,bangkok_normal,2026,1,252.5,10.8
case1_0067,bangkok_normal,2026,2,334.7,11.3
case1_0067,bangkok_normal,2026,3,343.3,11.3
case1_0067,bangkok_normal,2026,4,391.7,9.7
case1_0067,bangkok_normal,2026,5,390.6,12.5
case1_0067,bangkok_normal,2026,6,422.7,11.5
case1_0067,bangkok_normal,2026,7,369.8,12.2
case1_0067,bangkok_normal,2026,8,349.3,10.0
case1_0068,bangkok_normal,2024,3,414.9,14.0
case1_0068,bangkok_normal,2024,4,464.2,15.9
case1_0068,bangkok_normal,2024,5,423.1,14.1
case1_0068,bangkok_normal,2024,6,358.6,15.4
case1_0068,bangkok_normal,2024,7,317.3,13.1
case1_0068,bangkok_normal,2024,8,344.9,15.7
case1_0068,bangkok_normal,2024,9,320.9,16.0
case1_0068,bangkok_normal,2024,10,302.3,18.3
case1_0068,bangkok_normal,2024,11,363.5,17.4
case1_0068,bangkok_normal,2024,12,278.1,14.5
case1_0068,bangkok_normal,2025,1,316.6,15.9
case1_0068,bangkok_normal,2025,2,333.2,13.9
case1_0068,bangkok_normal,2025,3,401.8,14.4
case1_0068,bangkok_normal,2025,4,445.6,17.2
case1_0068,bangkok_normal,2025,5,359.3,13.5
case1_0068,bangkok_normal,2025,6,425.6,15.5
case1_0068,bangkok_normal,2025,7,369.3,14.3
case1_0068,bangkok_normal,2025,8,379.8,15.7
case1_0068,bangkok_normal,2025,9,315.4,14.0
case1_0068,bangkok_normal,2025,10,310.9,15.8
case1_0068,bangkok_normal,2025,11,285.9,15.7
case1_0068,bangkok_normal,2025,12,286.6,16.8
case1_0068,bangkok_normal,2026,1,287.9,15.7
case1_0068,bangkok_normal,2026,2,345.0,15.0
case1_0068,bangkok_normal,2026,3,438.7,16.1
case1_0068,bangkok_normal,2026,4,499.6,15.2
case1_0068,bangkok_normal,2026,5,466.4,17.4
case1_0068,bangkok_normal,2026,6,342.4,17.9
case1_0068,bangkok_normal,2026,7,320.2,20.7
case1_0068,bangkok_normal,2026,8,300.6,16.7
case1_0069,bangkok_normal,2024,3,279.9,18.5
case1_0069,bangkok_normal,2024,4,323.8,19.1
case1_0069,bangkok_normal,2024,5,301.7,18.3
case1_0069,bangkok_normal,2024,6,302.8,20.1
case1_0069,bangkok_normal,2024,7,248.5,17.1
case1_0069,bangkok_normal,2024,8,269.3,17.8
case1_0069,bangkok_normal,2024,9,251.3,14.7
case1_0069,bangkok_normal,2024,10,230.9,18.0
case1_0069,bangkok_normal,2024,11,216.9,17.6
case1_0069,bangkok_normal,2024,12,227.4,14.9
case1_0069,bangkok_normal,2025,1,190.8,19.0
case1_0069,bangkok_normal,2025,2,238.4,16.9
case1_0069,bangkok_normal,2025,3,254.7,20.9
case1_0069,bangkok_normal,2025,4,354.6,19.8
case1_0069,bangkok_normal,2025,5,335.6,23.5
case1_0069,bangkok_normal,2025,6,264.6,22.2
case1_0069,bangkok_normal,2025,7,263.8,18.3
case1_0069,bangkok_normal,2025,8,255.1,17.2
case1_0069,bangkok_normal,2025,9,222.6,19.4
case1_0069,bangkok_normal,2025,10,237.7,18.4
case1_0069,bangkok_normal,2025,11,232.5,18.2
case1_0069,bangkok_normal,2025,12,191.1,19.6
case1_0069,bangkok_normal,2026,1,192.7,17.1
case1_0069,bangkok_normal,2026,2,240.6,18.8
case1_0069,bangkok_normal,2026,3,279.4,21.6
case1_0069,bangkok_normal,2026,4,310.5,22.9
case1_0069,bangkok_normal,2026,5,278.1,20.8
case1_0069,bangkok_normal,2026,6,308.4,19.3
case1_0069,bangkok_normal,2026,7,237.1,16.0
case1_0069,bangkok_normal,2026,8,249.8,16.2
case1_0070,bangkok_normal,2024,3,396.2,10.0
case1_0070,bangkok_normal,2024,4,491.1,9.8
case1_0070,bangkok_normal,2024,5,394.9,9.6
case1_0070,bangkok_normal,2024,6,375.6,9.5
case1_0070,bangkok_normal,2024,7,369.8,7.7
case1_0070,bangkok_normal,2024,8,334.5,8.7
case1_0070,bangkok_normal,2024,9,376.9,7.8
case1_0070,bangkok_normal,2024,10,367.1,8.3
case1_0070,bangkok_normal,2024,11,342.9,8.0
case1_0070,bangkok_normal,2024,12,321.2,8.1
case1_0070,bangkok_normal,2025,1,256.5,8.0
case1_0070,bangkok_normal,2025,2,329.8,5.9
case1_0070,bangkok_normal,2025,3,407.8,8.2
case1_0070,bangkok_normal,2025,4,414.6,9.6
case1_0070,bangkok_normal,2025,5,436.9,9.6
case1_0070,bangkok_normal,2025,6,356.6,8.9
case1_0070,bangkok_normal,2025,7,384.8,10.0
case1_0070,bangkok_normal,2025,8,401.9,9.2
case1_0070,bangkok_normal,2025,9,360.9,8.9
case1_0070,bangkok_normal,2025,10,277.9,9.3
case1_0070,bangkok_normal,2025,11,279.8,8.8
case1_0070,bangkok_normal,2025,12,275.7,7.3
case1_0070,bangkok_normal,2026,1,284.9,5.9
case1_0070,bangkok_normal,2026,2,254.7,7.4
case1_0070,bangkok_normal,2026,3,417.7,9.2
case1_0070,bangkok_normal,2026,4,466.2,9.1
case1_0070,bangkok_normal,2026,5,408.0,9.8
case1_0070,bangkok_normal,2026,6,431.5,9.2
case1_0070,bangkok_normal,2026,7,359.5,9.8
case1_0070,bangkok_normal,2026,8,336.4,8.7
case1_0071,bangkok_normal,2024,3,556.7,19.8
case1_0071,bangkok_normal,2024,4,486.1,17.9
case1_0071,bangkok_normal,2024,5,491.0,18.7
case1_0071,bangkok_normal,2024,6,516.5,18.6
case1_0071,bangkok_normal,2024,7,531.9,19.6
case1_0071,bangkok_normal,2024,8,476.3,21.5
case1_0071,bangkok_normal,2024,9,416.1,19.2
case1_0071,bangkok_normal,2024,10,434.7,16.9
case1_0071,bangkok_normal,2024,11,441.7,18.3
case1_0071,bangkok_normal,2024,12,334.1,15.5
case1_0071,bangkok_normal,2025,1,359.3,14.5
case1_0071,bangkok_normal,2025,2,472.4,13.8
case1_0071,bangkok_normal,2025,3,600.9,14.4
case1_0071,bangkok_normal,2025,4,636.1,16.2
case1_0071,bangkok_normal,2025,5,565.3,15.8
case1_0071,bangkok_normal,2025,6,499.6,17.8
case1_0071,bangkok_normal,2025,7,488.9,15.5
case1_0071,bangkok_normal,2025,8,453.0,11.5
case1_0071,bangkok_normal,2025,9,433.0,13.6
case1_0071,bangkok_normal,2025,10,372.7,15.0
case1_0071,bangkok_normal,2025,11,444.3,15.2
case1_0071,bangkok_normal,2025,12,312.6,17.6
case1_0071,bangkok_normal,2026,1,330.5,15.5
case1_0071,bangkok_normal,2026,2,422.7,18.1
case1_0071,bangkok_normal,2026,3,594.3,18.0
case1_0071,bangkok_normal,2026,4,576.8,18.5
case1_0071,bangkok_normal,2026,5,516.3,16.7
case1_0071,bangkok_normal,2026,6,467.2,17.0
case1_0071,bangkok_normal,2026,7,534.0,15.7
case1_0071,bangkok_normal,2026,8,353.0,16.7
case1_0072,bangkok_normal,2024,3,817.1,11.6
case1_0072,bangkok_normal,2024,4,903.5,11.9
case1_0072,bangkok_normal,2024,5,796.9,11.6
case1_0072,bangkok_normal,2024,6,750.5,10.5
case1_0072,bangkok_normal,2024,7,691.2,9.8
case1_0072,bangkok_normal,2024,8,618.0,11.0
case1_0072,bangkok_normal,2024,9,623.3,10.8
case1_0072,bangkok_normal,2024,10,575.1,12.5
case1_0072,bangkok_normal,2024,11,538.5,12.1
case1_0072,bangkok_normal,2024,12,410.8,11.4
case1_0072,bangkok_normal,2025,1,477.6,10.4
case1_0072,bangkok_normal,2025,2,650.3,11.4
case1_0072,bangkok_normal,2025,3,698.0,12.7
case1_0072,bangkok_normal,2025,4,1026.2,14.0
case1_0072,bangkok_normal,2025,5,931.6,13.0
case1_0072,bangkok_normal,2025,6,865.5,13.7
case1_0072,bangkok_normal,2025,7,777.8,12.5
case1_0072,bangkok_normal,2025,8,814.2,13.0
case1_0072,bangkok_normal,2025,9,623.9,11.5
case1_0072,bangkok_normal,2025,10,459.5,9.5
case1_0072,bangkok_normal,2025,11,530.3,11.2
case1_0072,bangkok_normal,2025,12,511.3,11.7
case1_0072,bangkok_normal,2026,1,531.8,11.9
case1_0072,bangkok_normal,2026,2,649.0,12.5
case1_0072,bangkok_normal,2026,3,835.7,12.2
case1_0072,bangkok_normal,2026,4,897.4,11.9
case1_0072,bangkok_normal,2026,5,883.2,13.2
case1_0072,bangkok_normal,2026,6,690.6,13.0
case1_0072,bangkok_normal,2026,7,601.5,11.7
case1_0072,bangkok_normal,2026,8,743.5,13.1
case1_0073,bangkok_normal,2024,3,690.5,16.8
case1_0073,bangkok_normal,2024,4,762.6,17.2
case1_0073,bangkok_normal,2024,5,653.0,15.6
case1_0073,bangkok_normal,2024,6,610.4,19.4
case1_0073,bangkok_normal,2024,7,565.5,19.2
case1_0073,bangkok_normal,2024,8,399.1,19.5
case1_0073,bangkok_normal,2024,9,421.2,15.9
case1_0073,bangkok_normal,2024,10,460.3,20.3
case1_0073,bangkok_normal,2024,11,453.6,17.5
case1_0073,bangkok_normal,2024,12,402.1,17.1
case1_0073,bangkok_normal,2025,1,458.9,18.6
case1_0073,bangkok_normal,2025,2,498.8,16.9
case1_0073,bangkok_normal,2025,3,523.2,17.8
case1_0073,bangkok_normal,2025,4,657.8,20.0
case1_0073,bangkok_normal,2025,5,613.1,25.2
case1_0073,bangkok_normal,2025,6,563.6,21.3
case1_0073,bangkok_normal,2025,7,519.1,22.2
case1_0073,bangkok_normal,2025,8,627.5,21.7
case1_0073,bangkok_normal,2025,9,415.0,19.8
case1_0073,bangkok_normal,2025,10,434.3,16.8
case1_0073,bangkok_normal,2025,11,453.2,19.4
case1_0073,bangkok_normal,2025,12,356.3,15.0
case1_0073,bangkok_normal,2026,1,427.0,19.3
case1_0073,bangkok_normal,2026,2,530.9,19.3
case1_0073,bangkok_normal,2026,3,579.7,14.7
case1_0073,bangkok_normal,2026,4,627.9,18.1
case1_0073,bangkok_normal,2026,5,605.9,20.6
case1_0073,bangkok_normal,2026,6,553.9,19.1
case1_0073,bangkok_normal,2026,7,517.5,20.1
case1_0073,bangkok_normal,2026,8,496.8,17.6
case1_0074,bangkok_normal,2024,3,1024.0,11.5
case1_0074,bangkok_normal,2024,4,1115.5,12.3
case1_0074,bangkok_normal,2024,5,1227.5,12.2
case1_0074,bangkok_normal,2024,6,961.4,12.1
case1_0074,bangkok_normal,2024,7,954.8,9.1
case1_0074,bangkok_normal,2024,8,920.8,12.8
case1_0074,bangkok_normal,2024,9,730.4,11.5
case1_0074,bangkok_normal,2024,10,685.4,11.8
case1_0074,bangkok_normal,2024,11,769.0,9.8
case1_0074,bangkok_normal,2024,12,792.4,9.7
case1_0074,bangkok_normal,2025,1,774.0,9.7
case1_0074,bangkok_normal,2025,2,729.2,12.5
case1_0074,bangkok_normal,2025,3,650.9,11.6
case1_0074,bangkok_normal,2025,4,1073.2,13.3
case1_0074,bangkok_normal,2025,5,1045.4,11.8
case1_0074,bangkok_normal,2025,6,1071.5,11.2
case1_0074,bangkok_normal,2025,7,855.8,11.1
case1_0074,bangkok_normal,2025,8,890.4,12.7
case1_0074,bangkok_normal,2025,9,891.6,9.6
case1_0074,bangkok_normal,2025,10,779.4,9.2
case1_0074,bangkok_normal,2025,11,742.0,8.5
case1_0074,bangkok_normal,2025,12,641.1,8.7
case1_0074,bangkok_normal,2026,1,704.0,9.2
case1_0074,bangkok_normal,2026,2,818.1,9.1
case1_0074,bangkok_normal,2026,3,1033.8,10.3
case1_0074,bangkok_normal,2026,4,1048.2,9.6
case1_0074,bangkok_normal,2026,5,889.0,10.2
case1_0074,bangkok_normal,2026,6,1072.4,12.6
case1_0074,bangkok_normal,2026,7,857.1,12.2
case1_0074,bangkok_normal,2026,8,791.9,11.9
case1_0075,bangkok_normal,2024,3,244.7,7.9
case1_0075,bangkok_normal,2024,4,298.8,9.3
case1_0075,bangkok_normal,2024,5,320.0,9.1
case1_0075,bangkok_normal,2024,6,301.8,8.8
case1_0075,bangkok_normal,2024,7,277.1,7.3
case1_0075,bangkok_normal,2024,8,235.4,7.2
case1_0075,bangkok_normal,2024,9,228.4,7.7
case1_0075,bangkok_normal,2024,10,215.6,7.1
case1_0075,bangkok_normal,2024,11,212.5,7.2
case1_0075,bangkok_normal,2024,12,216.7,7.3
case1_0075,bangkok_normal,2025,1,168.1,7.0
case1_0075,bangkok_normal,2025,2,215.1,7.7
case1_0075,bangkok_normal,2025,3,292.6,9.2
case1_0075,bangkok_normal,2025,4,267.7,8.6
case1_0075,bangkok_normal,2025,5,262.2,9.2
case1_0075,bangkok_normal,2025,6,243.4,8.6
case1_0075,bangkok_normal,2025,7,235.0,6.8
case1_0075,bangkok_normal,2025,8,198.9,6.5
case1_0075,bangkok_normal,2025,9,225.5,6.5
case1_0075,bangkok_normal,2025,10,230.6,6.4
case1_0075,bangkok_normal,2025,11,226.9,6.9
case1_0075,bangkok_normal,2025,12,166.2,7.2
case1_0075,bangkok_normal,2026,1,181.8,7.8
case1_0075,bangkok_normal,2026,2,201.4,7.8
case1_0075,bangkok_normal,2026,3,243.2,7.5
case1_0075,bangkok_normal,2026,4,346.6,6.4
case1_0075,bangkok_normal,2026,5,299.2,7.4
case1_0075,bangkok_normal,2026,6,232.3,7.5
case1_0075,bangkok_normal,2026,7,236.1,7.5
case1_0075,bangkok_normal,2026,8,200.7,8.8
case1_0076,bangkok_normal,2024,3,524.4,8.3
case1_0076,bangkok_normal,2024,4,605.9,8.8
case1_0076,bangkok_normal,2024,5,614.6,8.2
case1_0076,bangkok_normal,2024,6,534.0,8.3
case1_0076,bangkok_normal,2024,7,558.0,9.8
case1_0076,bangkok_normal,2024,8,553.4,9.8
case1_0076,bangkok_normal,2024,9,456.1,8.8
case1_0076,bangkok_normal,2024,10,530.3,8.2
case1_0076,bangkok_normal,2024,11,498.8,8.6
case1_0076,bangkok_normal,2024,12,341.9,8.5
case1_0076,bangkok_normal,2025,1,399.7,7.2
case1_0076,bangkok_normal,2025,2,515.6,7.8
case1_0076,bangkok_normal,2025,3,656.5,6.8
case1_0076,bangkok_normal,2025,4,678.2,9.1
case1_0076,bangkok_normal,2025,5,709.9,10.3
case1_0076,bangkok_normal,2025,6,629.3,8.8
case1_0076,bangkok_normal,2025,7,501.9,6.5
case1_0076,bangkok_normal,2025,8,458.3,6.9
case1_0076,bangkok_normal,2025,9,550.1,6.1
case1_0076,bangkok_normal,2025,10,572.4,6.0
case1_0076,bangkok_normal,2025,11,534.5,6.7
case1_0076,bangkok_normal,2025,12,487.9,6.4
case1_0076,bangkok_normal,2026,1,502.4,6.0
case1_0076,bangkok_normal,2026,2,587.0,6.1
case1_0076,bangkok_normal,2026,3,587.7,6.8
case1_0076,bangkok_normal,2026,4,811.0,6.9
case1_0076,bangkok_normal,2026,5,748.5,6.2
case1_0076,bangkok_normal,2026,6,621.8,6.3
case1_0076,bangkok_normal,2026,7,548.2,6.7
case1_0076,bangkok_normal,2026,8,574.7,6.4
case1_0077,bangkok_normal,2024,3,310.7,16.5
case1_0077,bangkok_normal,2024,4,417.4,15.5
case1_0077,bangkok_normal,2024,5,412.9,16.5
case1_0077,bangkok_normal,2024,6,410.1,17.1
case1_0077,bangkok_normal,2024,7,406.1,14.0
case1_0077,bangkok_normal,2024,8,420.5,12.9
case1_0077,bangkok_normal,2024,9,340.5,16.8
case1_0077,bangkok_normal,2024,10,355.1,16.0
case1_0077,bangkok_normal,2024,11,343.5,14.6
case1_0077,bangkok_normal,2024,12,234.8,12.8
case1_0077,bangkok_normal,2025,1,326.0,13.2
case1_0077,bangkok_normal,2025,2,311.8,13.1
case1_0077,bangkok_normal,2025,3,407.2,16.7
case1_0077,bangkok_normal,2025,4,473.1,15.8
case1_0077,bangkok_normal,2025,5,453.9,18.0
case1_0077,bangkok_normal,2025,6,384.3,15.9
case1_0077,bangkok_normal,2025,7,395.9,14.1
case1_0077,bangkok_normal,2025,8,312.7,14.5
case1_0077,bangkok_normal,2025,9,321.5,11.1
case1_0077,bangkok_normal,2025,10,303.1,11.8
case1_0077,bangkok_normal,2025,11,291.5,12.4
case1_0077,bangkok_normal,2025,12,269.7,13.1
case1_0077,bangkok_normal,2026,1,304.5,10.5
case1_0077,bangkok_normal,2026,2,330.4,14.0
case1_0077,bangkok_normal,2026,3,414.4,15.3
case1_0077,bangkok_normal,2026,4,447.2,16.8
case1_0077,bangkok_normal,2026,5,386.3,15.0
case1_0077,bangkok_normal,2026,6,363.4,15.5
case1_0077,bangkok_normal,2026,7,339.7,12.2
case1_0077,bangkok_normal,2026,8,316.3,14.0
case1_0078,bangkok_normal,2024,3,927.9,17.0
case1_0078,bangkok_normal,2024,4,1137.9,21.2
case1_0078,bangkok_normal,2024,5,1031.8,18.3
case1_0078,bangkok_normal,2024,6,1043.0,19.4
case1_0078,bangkok_normal,2024,7,799.4,17.6
case1_0078,bangkok_normal,2024,8,696.6,17.6
case1_0078,bangkok_normal,2024,9,925.2,16.9
case1_0078,bangkok_normal,2024,10,935.3,17.8
case1_0078,bangkok_normal,2024,11,775.2,15.7
case1_0078,bangkok_normal,2024,12,681.0,13.9
case1_0078,bangkok_normal,2025,1,787.0,14.3
case1_0078,bangkok_normal,2025,2,927.1,16.4
case1_0078,bangkok_normal,2025,3,1050.1,17.2
case1_0078,bangkok_normal,2025,4,1279.7,19.7
case1_0078,bangkok_normal,2025,5,1066.4,21.0
case1_0078,bangkok_normal,2025,6,1001.7,17.0
case1_0078,bangkok_normal,2025,7,936.7,16.0
case1_0078,bangkok_normal,2025,8,887.1,14.6
case1_0078,bangkok_normal,2025,9,818.0,19.6
case1_0078,bangkok_normal,2025,10,823.1,18.2
case1_0078,bangkok_normal,2025,11,814.7,18.1
case1_0078,bangkok_normal,2025,12,611.9,14.4
case1_0078,bangkok_normal,2026,1,737.5,15.8
case1_0078,bangkok_normal,2026,2,781.4,18.0
case1_0078,bangkok_normal,2026,3,947.6,18.1
case1_0078,bangkok_normal,2026,4,1074.8,21.2
case1_0078,bangkok_normal,2026,5,1103.2,23.9
case1_0078,bangkok_normal,2026,6,793.1,18.2
case1_0078,bangkok_normal,2026,7,942.9,16.3
case1_0078,bangkok_normal,2026,8,840.3,16.0
case1_0079,bangkok_normal,2024,3,267.8,10.9
case1_0079,bangkok_normal,2024,4,308.4,12.1
case1_0079,bangkok_normal,2024,5,275.5,12.2
case1_0079,bangkok_normal,2024,6,291.3,10.7
case1_0079,bangkok_normal,2024,7,252.7,11.2
case1_0079,bangkok_normal,2024,8,243.3,10.6
case1_0079,bangkok_normal,2024,9,248.8,7.6
case1_0079,bangkok_normal,2024,10,229.9,9.0
case1_0079,bangkok_normal,2024,11,222.5,10.9
case1_0079,bangkok_normal,2024,12,190.3,8.3
case1_0079,bangkok_normal,2025,1,214.5,9.5
case1_0079,bangkok_normal,2025,2,285.2,11.8
case1_0079,bangkok_normal,2025,3,315.5,10.5
case1_0079,bangkok_normal,2025,4,358.8,11.2
case1_0079,bangkok_normal,2025,5,317.5,9.7
case1_0079,bangkok_normal,2025,6,269.5,12.0
case1_0079,bangkok_normal,2025,7,281.3,10.7
case1_0079,bangkok_normal,2025,8,270.7,10.4
case1_0079,bangkok_normal,2025,9,217.0,11.4
case1_0079,bangkok_normal,2025,10,225.0,10.9
case1_0079,bangkok_normal,2025,11,232.0,9.3
case1_0079,bangkok_normal,2025,12,189.1,8.6
case1_0079,bangkok_normal,2026,1,235.3,9.6
case1_0079,bangkok_normal,2026,2,274.5,9.4
case1_0079,bangkok_normal,2026,3,344.5,8.1
case1_0079,bangkok_normal,2026,4,363.3,10.1
case1_0079,bangkok_normal,2026,5,337.9,8.9
case1_0079,bangkok_normal,2026,6,277.3,11.4
case1_0079,bangkok_normal,2026,7,276.1,10.5
case1_0079,bangkok_normal,2026,8,274.1,9.2
case1_0080,bangkok_normal,2024,3,238.0,18.5
case1_0080,bangkok_normal,2024,4,320.4,18.2
case1_0080,bangkok_normal,2024,5,357.0,17.0
case1_0080,bangkok_normal,2024,6,301.3,15.4
case1_0080,bangkok_normal,2024,7,254.6,17.2
case1_0080,bangkok_normal,2024,8,231.6,15.4
case1_0080,bangkok_normal,2024,9,202.1,15.4
case1_0080,bangkok_normal,2024,10,253.4,16.4
case1_0080,bangkok_normal,2024,11,220.2,15.0
case1_0080,bangkok_normal,2024,12,216.0,16.6
case1_0080,bangkok_normal,2025,1,221.2,18.0
case1_0080,bangkok_normal,2025,2,198.8,17.2
case1_0080,bangkok_normal,2025,3,235.4,17.7
case1_0080,bangkok_normal,2025,4,267.2,17.6
case1_0080,bangkok_normal,2025,5,273.5,15.8
case1_0080,bangkok_normal,2025,6,254.7,14.7
case1_0080,bangkok_normal,2025,7,309.2,17.1
case1_0080,bangkok_normal,2025,8,229.7,17.2
case1_0080,bangkok_normal,2025,9,223.6,16.5
case1_0080,bangkok_normal,2025,10,226.3,16.7
case1_0080,bangkok_normal,2025,11,212.9,12.6
case1_0080,bangkok_normal,2025,12,177.4,15.2
case1_0080,bangkok_normal,2026,1,163.9,15.0
case1_0080,bangkok_normal,2026,2,214.1,16.7
case1_0080,bangkok_normal,2026,3,265.9,16.8
case1_0080,bangkok_normal,2026,4,301.0,16.8
case1_0080,bangkok_normal,2026,5,296.4,15.8
case1_0080,bangkok_normal,2026,6,292.9,16.0
case1_0080,bangkok_normal,2026,7,268.4,14.8
case1_0080,bangkok_normal,2026,8,240.1,16.1
case1_0081,bangkok_normal,2024,3,353.3,8.6
case1_0081,bangkok_normal,2024,4,333.1,7.8
case1_0081,bangkok_normal,2024,5,313.1,6.9
case1_0081,bangkok_normal,2024,6,265.4,8.7
case1_0081,bangkok_normal,2024,7,272.8,7.9
case1_0081,bangkok_normal,2024,8,244.7,9.0
case1_0081,bangkok_normal,2024,9,236.9,9.4
case1_0081,bangkok_normal,2024,10,254.2,8.1
case1_0081,bangkok_normal,2024,11,222.3,8.6
case1_0081,bangkok_normal,2024,12,206.1,7.4
case1_0081,bangkok_normal,2025,1,220.4,6.4
case1_0081,bangkok_normal,2025,2,272.7,8.0
case1_0081,bangkok_normal,2025,3,296.3,8.3
case1_0081,bangkok_normal,2025,4,420.9,8.7
case1_0081,bangkok_normal,2025,5,365.7,10.7
case1_0081,bangkok_normal,2025,6,303.3,8.0
case1_0081,bangkok_normal,2025,7,244.0,8.8
case1_0081,bangkok_normal,2025,8,243.7,7.8
case1_0081,bangkok_normal,2025,9,264.7,8.9
case1_0081,bangkok_normal,2025,10,272.0,8.8
case1_0081,bangkok_normal,2025,11,266.6,8.8
case1_0081,bangkok_normal,2025,12,209.9,7.3
case1_0081,bangkok_normal,2026,1,176.2,7.3
case1_0081,bangkok_normal,2026,2,235.1,9.0
case1_0081,bangkok_normal,2026,3,238.2,10.7
case1_0081,bangkok_normal,2026,4,249.5,10.4
case1_0081,bangkok_normal,2026,5,282.1,8.8
case1_0081,bangkok_normal,2026,6,275.8,9.2
case1_0081,bangkok_normal,2026,7,270.6,10.9
case1_0081,bangkok_normal,2026,8,256.7,9.5
case1_0082,bangkok_normal,2024,3,149.4,16.0
case1_0082,bangkok_normal,2024,4,180.4,16.7
case1_0082,bangkok_normal,2024,5,174.3,16.4
case1_0082,bangkok_normal,2024,6,143.1,15.8
case1_0082,bangkok_normal,2024,7,128.7,17.2
case1_0082,bangkok_normal,2024,8,147.7,16.8
case1_0082,bangkok_normal,2024,9,148.3,13.4
case1_0082,bangkok_normal,2024,10,150.7,14.9
case1_0082,bangkok_normal,2024,11,154.2,15.4
case1_0082,bangkok_normal,2024,12,114.1,14.0
case1_0082,bangkok_normal,2025,1,109.4,15.0
case1_0082,bangkok_normal,2025,2,150.2,14.8
case1_0082,bangkok_normal,2025,3,173.2,15.3
case1_0082,bangkok_normal,2025,4,167.0,15.8
case1_0082,bangkok_normal,2025,5,152.2,12.4
case1_0082,bangkok_normal,2025,6,160.1,13.8
case1_0082,bangkok_normal,2025,7,146.3,13.1
case1_0082,bangkok_normal,2025,8,143.6,12.2
case1_0082,bangkok_normal,2025,9,150.3,15.2
case1_0082,bangkok_normal,2025,10,146.4,14.7
case1_0082,bangkok_normal,2025,11,151.8,13.9
case1_0082,bangkok_normal,2025,12,95.1,12.3
case1_0082,bangkok_normal,2026,1,112.9,13.2
case1_0082,bangkok_normal,2026,2,147.6,15.1
case1_0082,bangkok_normal,2026,3,142.7,13.7
case1_0082,bangkok_normal,2026,4,167.1,14.9
case1_0082,bangkok_normal,2026,5,160.1,16.0
case1_0082,bangkok_normal,2026,6,160.1,12.0
case1_0082,bangkok_normal,2026,7,177.4,13.2
case1_0082,bangkok_normal,2026,8,186.7,13.0
case1_0083,bangkok_normal,2024,3,297.2,10.8
case1_0083,bangkok_normal,2024,4,353.8,11.2
case1_0083,bangkok_normal,2024,5,400.6,11.8
case1_0083,bangkok_normal,2024,6,308.3,8.8
case1_0083,bangkok_normal,2024,7,336.0,10.6
case1_0083,bangkok_normal,2024,8,292.5,9.6
case1_0083,bangkok_normal,2024,9,310.0,10.2
case1_0083,bangkok_normal,2024,10,285.4,8.4
case1_0083,bangkok_normal,2024,11,265.8,9.0
case1_0083,bangkok_normal,2024,12,211.2,8.9
case1_0083,bangkok_normal,2025,1,204.4,9.9
case1_0083,bangkok_normal,2025,2,258.5,8.3
case1_0083,bangkok_normal,2025,3,330.8,9.6
case1_0083,bangkok_normal,2025,4,354.1,9.2
case1_0083,bangkok_normal,2025,5,326.0,10.3
case1_0083,bangkok_normal,2025,6,295.8,10.6
case1_0083,bangkok_normal,2025,7,309.2,11.0
case1_0083,bangkok_normal,2025,8,316.0,9.4
case1_0083,bangkok_normal,2025,9,254.9,10.1
case1_0083,bangkok_normal,2025,10,176.1,10.6
case1_0083,bangkok_normal,2025,11,189.0,8.1
case1_0083,bangkok_normal,2025,12,179.2,8.8
case1_0083,bangkok_normal,2026,1,186.8,9.5
case1_0083,bangkok_normal,2026,2,180.9,9.2
case1_0083,bangkok_normal,2026,3,217.7,8.6
case1_0083,bangkok_normal,2026,4,232.1,10.7
case1_0083,bangkok_normal,2026,5,235.5,9.0
case1_0083,bangkok_normal,2026,6,259.3,9.2
case1_0083,bangkok_normal,2026,7,192.8,9.2
case1_0083,bangkok_normal,2026,8,169.0,9.8
case1_0084,bangkok_normal,2024,3,278.4,13.5
case1_0084,bangkok_normal,2024,4,342.8,14.1
case1_0084,bangkok_normal,2024,5,375.0,13.0
case1_0084,bangkok_normal,2024,6,255.4,11.3
case1_0084,bangkok_normal,2024,7,258.2,11.7
case1_0084,bangkok_normal,2024,8,223.2,10.9
case1_0084,bangkok_normal,2024,9,248.9,12.2
case1_0084,bangkok_normal,2024,10,210.0,12.9
case1_0084,bangkok_normal,2024,11,202.8,13.9
case1_0084,bangkok_normal,2024,12,170.1,12.3
case1_0084,bangkok_normal,2025,1,186.0,12.8
case1_0084,bangkok_normal,2025,2,236.4,12.3
case1_0084,bangkok_normal,2025,3,284.8,12.3
case1_0084,bangkok_normal,2025,4,310.7,14.0
case1_0084,bangkok_normal,2025,5,258.8,13.0
case1_0084,bangkok_normal,2025,6,278.2,13.2
case1_0084,bangkok_normal,2025,7,252.2,11.5
case1_0084,bangkok_normal,2025,8,270.9,11.2
case1_0084,bangkok_normal,2025,9,221.1,12.8
case1_0084,bangkok_normal,2025,10,185.3,13.5
case1_0084,bangkok_normal,2025,11,206.2,11.5
case1_0084,bangkok_normal,2025,12,201.4,12.3
case1_0084,bangkok_normal,2026,1,197.5,11.5
case1_0084,bangkok_normal,2026,2,226.0,12.5
case1_0084,bangkok_normal,2026,3,243.1,15.2
case1_0084,bangkok_normal,2026,4,343.1,15.7
case1_0084,bangkok_normal,2026,5,273.2,15.5
case1_0084,bangkok_normal,2026,6,241.6,16.4
case1_0084,bangkok_normal,2026,7,253.4,13.2
case1_0084,bangkok_normal,2026,8,198.7,11.9
case1_0085,bangkok_normal,2024,3,321.9,17.1
case1_0085,bangkok_normal,2024,4,428.6,16.8
case1_0085,bangkok_normal,2024,5,416.8,14.3
case1_0085,bangkok_normal,2024,6,434.1,16.0
case1_0085,bangkok_normal,2024,7,403.7,15.9
case1_0085,bangkok_normal,2024,8,357.3,15.2
case1_0085,bangkok_normal,2024,9,365.9,15.0
case1_0085,bangkok_normal,2024,10,367.0,14.0
case1_0085,bangkok_normal,2024,11,316.9,15.5
case1_0085,bangkok_normal,2024,12,261.1,14.3
case1_0085,bangkok_normal,2025,1,221.9,14.7
case1_0085,bangkok_normal,2025,2,287.3,15.9
case1_0085,bangkok_normal,2025,3,356.3,14.6
case1_0085,bangkok_normal,2025,4,445.6,15.0
case1_0085,bangkok_normal,2025,5,398.5,12.6
case1_0085,bangkok_normal,2025,6,372.2,15.9
case1_0085,bangkok_normal,2025,7,323.6,13.9
case1_0085,bangkok_normal,2025,8,355.6,15.4
case1_0085,bangkok_normal,2025,9,354.3,15.9
case1_0085,bangkok_normal,2025,10,347.8,16.3
case1_0085,bangkok_normal,2025,11,331.0,13.8
case1_0085,bangkok_normal,2025,12,233.4,14.0
case1_0085,bangkok_normal,2026,1,253.5,16.9
case1_0085,bangkok_normal,2026,2,316.4,18.8
case1_0085,bangkok_normal,2026,3,373.8,19.0
case1_0085,bangkok_normal,2026,4,444.6,18.6
case1_0085,bangkok_normal,2026,5,490.2,15.8
case1_0085,bangkok_normal,2026,6,441.6,17.3
case1_0085,bangkok_normal,2026,7,346.6,16.1
case1_0085,bangkok_normal,2026,8,374.0,16.9
case1_0086,bangkok_normal,2024,3,459.7,10.4
case1_0086,bangkok_normal,2024,4,526.4,11.8
case1_0086,bangkok_normal,2024,5,520.5,12.0
case1_0086,bangkok_normal,2024,6,433.1,12.6
case1_0086,bangkok_normal,2024,7,361.2,12.0
case1_0086,bangkok_normal,2024,8,453.3,11.9
case1_0086,bangkok_normal,2024,9,486.7,11.5
case1_0086,bangkok_normal,2024,10,416.3,10.8
case1_0086,bangkok_normal,2024,11,331.4,10.0
case1_0086,bangkok_normal,2024,12,273.4,10.3
case1_0086,bangkok_normal,2025,1,321.1,10.0
case1_0086,bangkok_normal,2025,2,430.4,12.6
case1_0086,bangkok_normal,2025,3,410.4,9.8
case1_0086,bangkok_normal,2025,4,484.9,9.7
case1_0086,bangkok_normal,2025,5,487.8,9.2
case1_0086,bangkok_normal,2025,6,479.5,8.5
case1_0086,bangkok_normal,2025,7,408.9,7.2
case1_0086,bangkok_normal,2025,8,339.1,7.6
case1_0086,bangkok_normal,2025,9,380.7,7.9
case1_0086,bangkok_normal,2025,10,403.8,8.0
case1_0086,bangkok_normal,2025,11,366.0,8.2
case1_0086,bangkok_normal,2025,12,312.0,8.2
case1_0086,bangkok_normal,2026,1,299.6,7.2
case1_0086,bangkok_normal,2026,2,339.0,7.4
case1_0086,bangkok_normal,2026,3,466.5,9.4
case1_0086,bangkok_normal,2026,4,521.4,9.7
case1_0086,bangkok_normal,2026,5,505.1,8.6
case1_0086,bangkok_normal,2026,6,504.0,8.3
case1_0086,bangkok_normal,2026,7,383.1,8.1
case1_0086,bangkok_normal,2026,8,365.2,8.1
case1_0087,bangkok_normal,2024,3,921.7,14.3
case1_0087,bangkok_normal,2024,4,1097.3,13.6
case1_0087,bangkok_normal,2024,5,852.7,13.5
case1_0087,bangkok_normal,2024,6,828.3,10.8
case1_0087,bangkok_normal,2024,7,926.2,11.9
case1_0087,bangkok_normal,2024,8,880.2,12.5
case1_0087,bangkok_normal,2024,9,467.9,12.7
case1_0087,bangkok_normal,2024,10,713.3,12.9
case1_0087,bangkok_normal,2024,11,867.7,12.7
case1_0087,bangkok_normal,2024,12,535.7,11.4
case1_0087,bangkok_normal,2025,1,715.0,12.0
case1_0087,bangkok_normal,2025,2,600.2,13.6
case1_0087,bangkok_normal,2025,3,936.0,13.2
case1_0087,bangkok_normal,2025,4,1046.6,14.0
case1_0087,bangkok_normal,2025,5,781.9,13.2
case1_0087,bangkok_normal,2025,6,899.1,12.0
case1_0087,bangkok_normal,2025,7,949.5,12.9
case1_0087,bangkok_normal,2025,8,892.6,11.8
case1_0087,bangkok_normal,2025,9,849.1,12.3
case1_0087,bangkok_normal,2025,10,753.2,12.0
case1_0087,bangkok_normal,2025,11,616.7,11.4
case1_0087,bangkok_normal,2025,12,639.2,10.7
case1_0087,bangkok_normal,2026,1,769.5,10.5
case1_0087,bangkok_normal,2026,2,920.4,9.7
case1_0087,bangkok_normal,2026,3,799.0,12.2
case1_0087,bangkok_normal,2026,4,858.5,13.2
case1_0087,bangkok_normal,2026,5,880.6,13.8
case1_0087,bangkok_normal,2026,6,754.1,12.0
case1_0087,bangkok_normal,2026,7,826.6,14.0
case1_0087,bangkok_normal,2026,8,867.8,12.0
case1_0088,bangkok_normal,2024,3,496.5,21.1
case1_0088,bangkok_normal,2024,4,737.4,25.1
case1_0088,bangkok_normal,2024,5,750.7,24.4
case1_0088,bangkok_normal,2024,6,653.1,22.9
case1_0088,bangkok_normal,2024,7,520.8,23.4
case1_0088,bangkok_normal,2024,8,617.2,21.9
case1_0088,bangkok_normal,2024,9,508.0,27.4
case1_0088,bangkok_normal,2024,10,474.1,22.9
case1_0088,bangkok_normal,2024,11,537.9,21.6
case1_0088,bangkok_normal,2024,12,437.7,16.6
case1_0088,bangkok_normal,2025,1,510.9,17.8
case1_0088,bangkok_normal,2025,2,543.3,22.5
case1_0088,bangkok_normal,2025,3,574.0,19.7
case1_0088,bangkok_normal,2025,4,614.8,17.5
case1_0088,bangkok_normal,2025,5,507.7,21.1
case1_0088,bangkok_normal,2025,6,526.5,24.3
case1_0088,bangkok_normal,2025,7,580.9,22.2
case1_0088,bangkok_normal,2025,8,562.3,20.7
case1_0088,bangkok_normal,2025,9,501.1,16.9
case1_0088,bangkok_normal,2025,10,430.8,20.3
case1_0088,bangkok_normal,2025,11,461.2,21.6
case1_0088,bangkok_normal,2025,12,423.6,16.4
case1_0088,bangkok_normal,2026,1,428.9,20.8
case1_0088,bangkok_normal,2026,2,500.5,22.6
case1_0088,bangkok_normal,2026,3,527.4,24.7
case1_0088,bangkok_normal,2026,4,677.9,25.0
case1_0088,bangkok_normal,2026,5,442.0,24.5
case1_0088,bangkok_normal,2026,6,533.7,23.4
case1_0088,bangkok_normal,2026,7,642.5,23.5
case1_0088,bangkok_normal,2026,8,468.2,18.0
case1_0089,bangkok_normal,2024,3,308.0,12.0
case1_0089,bangkok_normal,2024,4,376.1,12.9
case1_0089,bangkok_normal,2024,5,370.7,15.1
case1_0089,bangkok_normal,2024,6,283.5,13.8
case1_0089,bangkok_normal,2024,7,277.6,11.5
case1_0089,bangkok_normal,2024,8,245.1,11.0
case1_0089,bangkok_normal,2024,9,239.0,13.0
case1_0089,bangkok_normal,2024,10,245.0,13.2
case1_0089,bangkok_normal,2024,11,160.4,12.0
case1_0089,bangkok_normal,2024,12,222.9,10.5
case1_0089,bangkok_normal,2025,1,222.6,12.0
case1_0089,bangkok_normal,2025,2,237.5,10.7
case1_0089,bangkok_normal,2025,3,335.3,12.3
case1_0089,bangkok_normal,2025,4,328.2,15.4
case1_0089,bangkok_normal,2025,5,273.6,13.4
case1_0089,bangkok_normal,2025,6,234.8,11.4
case1_0089,bangkok_normal,2025,7,260.8,11.9
case1_0089,bangkok_normal,2025,8,227.8,11.0
case1_0089,bangkok_normal,2025,9,211.7,9.6
case1_0089,bangkok_normal,2025,10,223.9,11.3
case1_0089,bangkok_normal,2025,11,213.6,12.2
case1_0089,bangkok_normal,2025,12,166.7,10.4
case1_0089,bangkok_normal,2026,1,187.7,10.0
case1_0089,bangkok_normal,2026,2,258.7,9.8
case1_0089,bangkok_normal,2026,3,263.3,11.0
case1_0089,bangkok_normal,2026,4,279.0,11.2
case1_0089,bangkok_normal,2026,5,264.2,10.4
case1_0089,bangkok_normal,2026,6,265.2,13.0
case1_0089,bangkok_normal,2026,7,213.8,12.0
case1_0089,bangkok_normal,2026,8,203.8,11.8
case1_0090,bangkok_normal,2024,3,249.8,23.8
case1_0090,bangkok_normal,2024,4,299.4,24.0
case1_0090,bangkok_normal,2024,5,279.3,22.2
case1_0090,bangkok_normal,2024,6,271.0,23.2
case1_0090,bangkok_normal,2024,7,255.5,23.3
case1_0090,bangkok_normal,2024,8,232.8,22.4
case1_0090,bangkok_normal,2024,9,194.8,17.8
case1_0090,bangkok_normal,2024,10,212.7,17.6
case1_0090,bangkok_normal,2024,11,209.5,18.6
case1_0090,bangkok_normal,2024,12,146.6,19.9
case1_0090,bangkok_normal,2025,1,186.6,19.3
case1_0090,bangkok_normal,2025,2,247.8,22.5
case1_0090,bangkok_normal,2025,3,338.5,24.7
case1_0090,bangkok_normal,2025,4,316.1,26.0
case1_0090,bangkok_normal,2025,5,281.7,25.7
case1_0090,bangkok_normal,2025,6,237.1,20.4
case1_0090,bangkok_normal,2025,7,247.5,21.6
case1_0090,bangkok_normal,2025,8,248.3,19.8
case1_0090,bangkok_normal,2025,9,214.1,16.9
case1_0090,bangkok_normal,2025,10,215.6,18.7
case1_0090,bangkok_normal,2025,11,176.8,22.3
case1_0090,bangkok_normal,2025,12,190.7,20.7
case1_0090,bangkok_normal,2026,1,180.5,23.6
case1_0090,bangkok_normal,2026,2,228.1,22.3
case1_0090,bangkok_normal,2026,3,234.8,27.4
case1_0090,bangkok_normal,2026,4,280.4,25.0
case1_0090,bangkok_normal,2026,5,283.9,23.3
case1_0090,bangkok_normal,2026,6,270.8,19.4
case1_0090,bangkok_normal,2026,7,268.5,23.0
case1_0090,bangkok_normal,2026,8,288.8,20.7
case1_0091,bangkok_normal,2024,3,537.8,10.7
case1_0091,bangkok_normal,2024,4,625.0,11.7
case1_0091,bangkok_normal,2024,5,531.7,11.0
case1_0091,bangkok_normal,2024,6,480.7,11.2
case1_0091,bangkok_normal,2024,7,446.2,10.9
case1_0091,bangkok_normal,2024,8,467.3,10.5
case1_0091,bangkok_normal,2024,9,479.1,10.4
case1_0091,bangkok_normal,2024,10,430.2,10.6
case1_0091,bangkok_normal,2024,11,472.4,9.9
case1_0091,bangkok_normal,2024,12,373.8,9.3
case1_0091,bangkok_normal,2025,1,344.8,11.2
case1_0091,bangkok_normal,2025,2,441.0,13.5
case1_0091,bangkok_normal,2025,3,564.4,10.7
case1_0091,bangkok_normal,2025,4,669.8,10.0
case1_0091,bangkok_normal,2025,5,614.3,9.9
case1_0091,bangkok_normal,2025,6,500.3,10.5
case1_0091,bangkok_normal,2025,7,439.1,11.6
case1_0091,bangkok_normal,2025,8,450.3,11.6
case1_0091,bangkok_normal,2025,9,472.1,11.0
case1_0091,bangkok_normal,2025,10,425.0,11.2
case1_0091,bangkok_normal,2025,11,408.8,10.0
case1_0091,bangkok_normal,2025,12,327.2,9.6
case1_0091,bangkok_normal,2026,1,322.9,10.0
case1_0091,bangkok_normal,2026,2,389.3,9.1
case1_0091,bangkok_normal,2026,3,468.5,9.6
case1_0091,bangkok_normal,2026,4,613.9,10.1
case1_0091,bangkok_normal,2026,5,520.9,12.2
case1_0091,bangkok_normal,2026,6,469.4,11.9
case1_0091,bangkok_normal,2026,7,397.9,12.0
case1_0091,bangkok_normal,2026,8,437.7,9.5
case1_0092,bangkok_normal,2024,3,157.1,18.7
case1_0092,bangkok_normal,2024,4,250.3,18.9
case1_0092,bangkok_normal,2024,5,194.2,18.1
case1_0092,bangkok_normal,2024,6,218.1,17.4
case1_0092,bangkok_normal,2024,7,181.8,15.4
case1_0092,bangkok_normal,2024,8,205.0,15.9
case1_0092,bangkok_normal,2024,9,237.2,19.6
case1_0092,bangkok_normal,2024,10,151.9,17.8
case1_0092,bangkok_normal,2024,11,174.0,18.7
case1_0092,bangkok_normal,2024,12,117.8,13.0
case1_0092,bangkok_normal,2025,1,144.5,16.6
case1_0092,bangkok_normal,2025,2,171.2,17.4
case1_0092,bangkok_normal,2025,3,205.4,17.7
case1_0092,bangkok_normal,2025,4,210.9,19.6
case1_0092,bangkok_normal,2025,5,232.4,18.4
case1_0092,bangkok_normal,2025,6,177.0,14.6
case1_0092,bangkok_normal,2025,7,203.1,18.7
case1_0092,bangkok_normal,2025,8,179.1,18.6
case1_0092,bangkok_normal,2025,9,146.9,17.3
case1_0092,bangkok_normal,2025,10,182.8,15.8
case1_0092,bangkok_normal,2025,11,165.6,14.5
case1_0092,bangkok_normal,2025,12,160.0,16.1
case1_0092,bangkok_normal,2026,1,163.3,19.1
case1_0092,bangkok_normal,2026,2,163.3,18.8
case1_0092,bangkok_normal,2026,3,192.2,16.6
case1_0092,bangkok_normal,2026,4,221.8,19.3
case1_0092,bangkok_normal,2026,5,243.0,19.1
case1_0092,bangkok_normal,2026,6,209.6,20.1
case1_0092,bangkok_normal,2026,7,187.1,19.7
case1_0092,bangkok_normal,2026,8,172.6,13.3
case1_0093,bangkok_normal,2024,3,767.1,27.7
case1_0093,bangkok_normal,2024,4,947.7,33.1
case1_0093,bangkok_normal,2024,5,993.7,28.4
case1_0093,bangkok_normal,2024,6,757.4,23.1
case1_0093,bangkok_normal,2024,7,851.5,21.2
case1_0093,bangkok_normal,2024,8,874.8,25.8
case1_0093,bangkok_normal,2024,9,785.6,24.7
case1_0093,bangkok_normal,2024,10,686.2,26.5
case1_0093,bangkok_normal,2024,11,645.8,23.7
case1_0093,bangkok_normal,2024,12,650.6,24.8
case1_0093,bangkok_normal,2025,1,556.9,23.6
case1_0093,bangkok_normal,2025,2,818.4,23.1
case1_0093,bangkok_normal,2025,3,905.1,24.7
case1_0093,bangkok_normal,2025,4,1014.9,23.9
case1_0093,bangkok_normal,2025,5,825.1,31.2
case1_0093,bangkok_normal,2025,6,848.1,27.3
case1_0093,bangkok_normal,2025,7,880.1,27.6
case1_0093,bangkok_normal,2025,8,728.4,24.8
case1_0093,bangkok_normal,2025,9,786.5,22.3
case1_0093,bangkok_normal,2025,10,762.6,23.5
case1_0093,bangkok_normal,2025,11,699.4,26.9
case1_0093,bangkok_normal,2025,12,661.9,23.0
case1_0093,bangkok_normal,2026,1,523.6,21.7
case1_0093,bangkok_normal,2026,2,762.8,24.9
case1_0093,bangkok_normal,2026,3,1051.7,27.8
case1_0093,bangkok_normal,2026,4,1228.7,32.7
case1_0093,bangkok_normal,2026,5,1096.8,29.9
case1_0093,bangkok_normal,2026,6,919.3,29.1
case1_0093,bangkok_normal,2026,7,808.0,28.6
case1_0093,bangkok_normal,2026,8,797.6,23.8
case1_0094,bangkok_normal,2024,3,575.5,7.6
case1_0094,bangkok_normal,2024,4,773.2,7.4
case1_0094,bangkok_normal,2024,5,745.1,7.0
case1_0094,bangkok_normal,2024,6,667.1,6.4
case1_0094,bangkok_normal,2024,7,462.3,7.8
case1_0094,bangkok_normal,2024,8,663.8,7.5
case1_0094,bangkok_normal,2024,9,528.0,6.1
case1_0094,bangkok_normal,2024,10,633.4,5.9
case1_0094,bangkok_normal,2024,11,482.2,5.8
case1_0094,bangkok_normal,2024,12,394.2,5.7
case1_0094,bangkok_normal,2025,1,345.6,5.4
case1_0094,bangkok_normal,2025,2,527.4,6.2
case1_0094,bangkok_normal,2025,3,565.7,7.3
case1_0094,bangkok_normal,2025,4,624.2,6.1
case1_0094,bangkok_normal,2025,5,576.5,5.7
case1_0094,bangkok_normal,2025,6,649.9,5.8
case1_0094,bangkok_normal,2025,7,636.1,5.8
case1_0094,bangkok_normal,2025,8,685.7,7.2
case1_0094,bangkok_normal,2025,9,535.1,6.9
case1_0094,bangkok_normal,2025,10,530.5,6.7
case1_0094,bangkok_normal,2025,11,451.1,6.0
case1_0094,bangkok_normal,2025,12,398.0,5.5
case1_0094,bangkok_normal,2026,1,411.4,4.8
case1_0094,bangkok_normal,2026,2,544.7,6.1
case1_0094,bangkok_normal,2026,3,686.4,6.6
case1_0094,bangkok_normal,2026,4,791.0,7.5
case1_0094,bangkok_normal,2026,5,647.4,6.6
case1_0094,bangkok_normal,2026,6,668.1,6.2
case1_0094,bangkok_normal,2026,7,586.6,6.2
case1_0094,bangkok_normal,2026,8,543.3,6.5
case1_0095,bangkok_normal,2024,3,312.9,8.8
case1_0095,bangkok_normal,2024,4,317.9,11.3
case1_0095,bangkok_normal,2024,5,262.1,14.3
case1_0095,bangkok_normal,2024,6,284.7,13.9
case1_0095,bangkok_normal,2024,7,321.1,10.1
case1_0095,bangkok_normal,2024,8,333.2,10.7
case1_0095,bangkok_normal,2024,9,285.9,9.7
case1_0095,bangkok_normal,2024,10,306.9,12.5
case1_0095,bangkok_normal,2024,11,262.6,11.8
case1_0095,bangkok_normal,2024,12,229.0,10.0
case1_0095,bangkok_normal,2025,1,211.5,10.6
case1_0095,bangkok_normal,2025,2,243.5,8.5
case1_0095,bangkok_normal,2025,3,275.7,9.8
case1_0095,bangkok_normal,2025,4,263.6,11.9
case1_0095,bangkok_normal,2025,5,343.5,13.2
case1_0095,bangkok_normal,2025,6,283.3,10.0
case1_0095,bangkok_normal,2025,7,250.9,10.7
case1_0095,bangkok_normal,2025,8,229.6,12.5
case1_0095,bangkok_normal,2025,9,234.9,10.1
case1_0095,bangkok_normal,2025,10,277.7,11.2
case1_0095,bangkok_normal,2025,11,294.7,11.3
case1_0095,bangkok_normal,2025,12,180.6,12.5
case1_0095,bangkok_normal,2026,1,192.2,11.2
case1_0095,bangkok_normal,2026,2,217.0,11.4
case1_0095,bangkok_normal,2026,3,303.5,13.1
case1_0095,bangkok_normal,2026,4,338.0,11.5
case1_0095,bangkok_normal,2026,5,296.1,12.0
case1_0095,bangkok_normal,2026,6,281.2,11.5
case1_0095,bangkok_normal,2026,7,250.9,11.6
case1_0095,bangkok_normal,2026,8,290.7,12.7
case1_0096,bangkok_normal,2024,3,163.1,18.8
case1_0096,bangkok_normal,2024,4,183.9,20.0
case1_0096,bangkok_normal,2024,5,194.0,21.4
case1_0096,bangkok_normal,2024,6,205.6,19.5
case1_0096,bangkok_normal,2024,7,162.6,22.1
case1_0096,bangkok_normal,2024,8,164.8,19.4
case1_0096,bangkok_normal,2024,9,152.3,18.1
case1_0096,bangkok_normal,2024,10,148.7,17.8
case1_0096,bangkok_normal,2024,11,124.6,15.7
case1_0096,bangkok_normal,2024,12,135.0,14.9
case1_0096,bangkok_normal,2025,1,123.0,15.9
case1_0096,bangkok_normal,2025,2,169.1,20.0
case1_0096,bangkok_normal,2025,3,176.8,20.0
case1_0096,bangkok_normal,2025,4,193.1,19.7
case1_0096,bangkok_normal,2025,5,219.6,22.5
case1_0096,bangkok_normal,2025,6,206.5,23.3
case1_0096,bangkok_normal,2025,7,181.6,22.6
case1_0096,bangkok_normal,2025,8,182.2,18.6
case1_0096,bangkok_normal,2025,9,157.5,17.8
case1_0096,bangkok_normal,2025,10,152.8,21.6
case1_0096,bangkok_normal,2025,11,141.1,19.9
case1_0096,bangkok_normal,2025,12,134.7,17.6
case1_0096,bangkok_normal,2026,1,125.3,19.1
case1_0096,bangkok_normal,2026,2,179.0,21.2
case1_0096,bangkok_normal,2026,3,187.6,19.7
case1_0096,bangkok_normal,2026,4,212.1,21.4
case1_0096,bangkok_normal,2026,5,219.0,22.8
case1_0096,bangkok_normal,2026,6,191.4,18.6
case1_0096,bangkok_normal,2026,7,171.0,19.3
case1_0096,bangkok_normal,2026,8,168.4,17.4
case1_0097,bangkok_normal,2024,3,745.6,13.8
case1_0097,bangkok_normal,2024,4,792.1,13.4
case1_0097,bangkok_normal,2024,5,723.6,11.9
case1_0097,bangkok_normal,2024,6,697.0,12.0
case1_0097,bangkok_normal,2024,7,584.0,13.8
case1_0097,bangkok_normal,2024,8,643.1,15.5
case1_0097,bangkok_normal,2024,9,665.8,13.7
case1_0097,bangkok_normal,2024,10,594.5,16.0
case1_0097,bangkok_normal,2024,11,562.3,13.6
case1_0097,bangkok_normal,2024,12,490.2,12.9
case1_0097,bangkok_normal,2025,1,401.7,12.0
case1_0097,bangkok_normal,2025,2,590.1,15.2
case1_0097,bangkok_normal,2025,3,896.0,18.5
case1_0097,bangkok_normal,2025,4,842.0,14.3
case1_0097,bangkok_normal,2025,5,761.4,14.8
case1_0097,bangkok_normal,2025,6,738.0,16.9
case1_0097,bangkok_normal,2025,7,754.4,13.4
case1_0097,bangkok_normal,2025,8,710.9,15.3
case1_0097,bangkok_normal,2025,9,488.1,16.5
case1_0097,bangkok_normal,2025,10,565.6,15.3
case1_0097,bangkok_normal,2025,11,688.6,15.6
case1_0097,bangkok_normal,2025,12,522.5,16.5
case1_0097,bangkok_normal,2026,1,444.2,17.5
case1_0097,bangkok_normal,2026,2,578.3,16.0
case1_0097,bangkok_normal,2026,3,590.8,15.4
case1_0097,bangkok_normal,2026,4,820.8,15.1
case1_0097,bangkok_normal,2026,5,681.7,17.6
case1_0097,bangkok_normal,2026,6,658.0,14.2
case1_0097,bangkok_normal,2026,7,567.6,14.8
case1_0097,bangkok_normal,2026,8,554.8,15.5
case1_0098,bangkok_normal,2024,3,353.4,20.9
case1_0098,bangkok_normal,2024,4,452.4,19.1
case1_0098,bangkok_normal,2024,5,421.4,18.6
case1_0098,bangkok_normal,2024,6,423.1,17.0
case1_0098,bangkok_normal,2024,7,363.5,16.6
case1_0098,bangkok_normal,2024,8,330.6,19.9
case1_0098,bangkok_normal,2024,9,258.8,16.1
case1_0098,bangkok_normal,2024,10,240.1,15.1
case1_0098,bangkok_normal,2024,11,226.7,18.9
case1_0098,bangkok_normal,2024,12,239.7,17.5
case1_0098,bangkok_normal,2025,1,221.5,19.9
case1_0098,bangkok_normal,2025,2,385.5,17.6
case1_0098,bangkok_normal,2025,3,429.4,18.5
case1_0098,bangkok_normal,2025,4,466.1,17.9
case1_0098,bangkok_normal,2025,5,417.4,18.7
case1_0098,bangkok_normal,2025,6,431.0,15.1
case1_0098,bangkok_normal,2025,7,362.8,18.1
case1_0098,bangkok_normal,2025,8,334.2,18.3
case1_0098,bangkok_normal,2025,9,382.7,17.5
case1_0098,bangkok_normal,2025,10,362.9,16.6
case1_0098,bangkok_normal,2025,11,335.5,15.5
case1_0098,bangkok_normal,2025,12,298.6,17.0
case1_0098,bangkok_normal,2026,1,297.9,14.9
case1_0098,bangkok_normal,2026,2,367.2,17.9
case1_0098,bangkok_normal,2026,3,385.2,18.5
case1_0098,bangkok_normal,2026,4,549.2,19.5
case1_0098,bangkok_normal,2026,5,448.5,14.7
case1_0098,bangkok_normal,2026,6,471.3,14.3
case1_0098,bangkok_normal,2026,7,392.9,15.4
case1_0098,bangkok_normal,2026,8,403.0,15.0
case1_0099,bangkok_normal,2024,3,659.8,11.3
case1_0099,bangkok_normal,2024,4,842.7,14.4
case1_0099,bangkok_normal,2024,5,667.9,13.2
case1_0099,bangkok_normal,2024,6,585.3,11.7
case1_0099,bangkok_normal,2024,7,641.7,12.4
case1_0099,bangkok_normal,2024,8,670.3,12.2
case1_0099,bangkok_normal,2024,9,532.6,14.0
case1_0099,bangkok_normal,2024,10,537.4,13.1
case1_0099,bangkok_normal,2024,11,462.0,12.7
case1_0099,bangkok_normal,2024,12,420.0,12.7
case1_0099,bangkok_normal,2025,1,490.5,13.3
case1_0099,bangkok_normal,2025,2,542.4,13.9
case1_0099,bangkok_normal,2025,3,627.9,15.4
case1_0099,bangkok_normal,2025,4,645.6,15.4
case1_0099,bangkok_normal,2025,5,634.8,14.4
case1_0099,bangkok_normal,2025,6,729.6,15.1
case1_0099,bangkok_normal,2025,7,625.0,13.5
case1_0099,bangkok_normal,2025,8,530.3,13.2
case1_0099,bangkok_normal,2025,9,586.6,14.9
case1_0099,bangkok_normal,2025,10,497.9,15.3
case1_0099,bangkok_normal,2025,11,500.6,13.5
case1_0099,bangkok_normal,2025,12,531.5,11.8
case1_0099,bangkok_normal,2026,1,513.0,13.9
case1_0099,bangkok_normal,2026,2,721.5,14.5
case1_0099,bangkok_normal,2026,3,743.9,14.7
case1_0099,bangkok_normal,2026,4,811.0,14.3
case1_0099,bangkok_normal,2026,5,821.2,14.8
case1_0099,bangkok_normal,2026,6,537.7,14.0
case1_0099,bangkok_normal,2026,7,620.9,12.8
case1_0099,bangkok_normal,2026,8,620.8,13.5
case1_0100,bangkok_normal,2024,3,206.2,15.4
case1_0100,bangkok_normal,2024,4,247.2,14.8
case1_0100,bangkok_normal,2024,5,236.2,15.8
case1_0100,bangkok_normal,2024,6,193.0,15.9
case1_0100,bangkok_normal,2024,7,191.3,12.6
case1_0100,bangkok_normal,2024,8,178.0,14.4
case1_0100,bangkok_normal,2024,9,145.0,16.0
case1_0100,bangkok_normal,2024,10,162.7,15.7
case1_0100,bangkok_normal,2024,11,159.0,18.1
case1_0100,bangkok_normal,2024,12,163.2,16.6
case1_0100,bangkok_normal,2025,1,164.4,16.8
case1_0100,bangkok_normal,2025,2,184.9,19.7
case1_0100,bangkok_normal,2025,3,203.5,18.3
case1_0100,bangkok_normal,2025,4,224.4,17.4
case1_0100,bangkok_normal,2025,5,191.5,17.9
case1_0100,bangkok_normal,2025,6,155.0,15.2
case1_0100,bangkok_normal,2025,7,153.9,15.2
case1_0100,bangkok_normal,2025,8,166.0,14.1
case1_0100,bangkok_normal,2025,9,128.8,14.9
case1_0100,bangkok_normal,2025,10,140.5,13.7
case1_0100,bangkok_normal,2025,11,147.4,13.2
case1_0100,bangkok_normal,2025,12,126.1,13.8
case1_0100,bangkok_normal,2026,1,126.1,13.6
case1_0100,bangkok_normal,2026,2,155.5,11.8
case1_0100,bangkok_normal,2026,3,221.4,12.3
case1_0100,bangkok_normal,2026,4,242.1,13.3
case1_0100,bangkok_normal,2026,5,206.6,13.6
case1_0100,bangkok_normal,2026,6,190.7,15.2
case1_0100,bangkok_normal,2026,7,179.3,15.1
case1_0100,bangkok_normal,2026,8,162.3,16.2
case1_0101,bangkok_normal,2024,3,314.6,14.8
case1_0101,bangkok_normal,2024,4,350.1,16.4
case1_0101,bangkok_normal,2024,5,364.1,15.1
case1_0101,bangkok_normal,2024,6,335.7,14.1
case1_0101,bangkok_normal,2024,7,300.0,13.9
case1_0101,bangkok_normal,2024,8,311.2,14.1
case1_0101,bangkok_normal,2024,9,210.3,11.6
case1_0101,bangkok_normal,2024,10,228.8,13.7
case1_0101,bangkok_normal,2024,11,232.5,13.1
case1_0101,bangkok_normal,2024,12,225.3,14.4
case1_0101,bangkok_normal,2025,1,252.6,14.3
case1_0101,bangkok_normal,2025,2,237.2,15.8
case1_0101,bangkok_normal,2025,3,337.3,13.9
case1_0101,bangkok_normal,2025,4,317.9,14.6
case1_0101,bangkok_normal,2025,5,289.4,13.1
case1_0101,bangkok_normal,2025,6,286.8,13.1
case1_0101,bangkok_normal,2025,7,272.0,15.5
case1_0101,bangkok_normal,2025,8,232.9,16.5
case1_0101,bangkok_normal,2025,9,266.0,13.1
case1_0101,bangkok_normal,2025,10,272.4,12.9
case1_0101,bangkok_normal,2025,11,281.7,13.3
case1_0101,bangkok_normal,2025,12,209.6,13.6
case1_0101,bangkok_normal,2026,1,218.1,11.1
case1_0101,bangkok_normal,2026,2,263.8,11.1
case1_0101,bangkok_normal,2026,3,360.6,14.4
case1_0101,bangkok_normal,2026,4,274.4,12.4
case1_0101,bangkok_normal,2026,5,287.2,13.6
case1_0101,bangkok_normal,2026,6,298.0,14.4
case1_0101,bangkok_normal,2026,7,258.1,14.8
case1_0101,bangkok_normal,2026,8,267.6,14.1
case1_0102,bangkok_normal,2024,3,399.9,22.1
case1_0102,bangkok_normal,2024,4,417.0,23.8
case1_0102,bangkok_normal,2024,5,419.4,21.4
case1_0102,bangkok_normal,2024,6,401.0,25.8
case1_0102,bangkok_normal,2024,7,425.0,24.4
case1_0102,bangkok_normal,2024,8,396.2,21.6
case1_0102,bangkok_normal,2024,9,381.5,21.6
case1_0102,bangkok_normal,2024,10,316.1,22.9
case1_0102,bangkok_normal,2024,11,297.7,21.6
case1_0102,bangkok_normal,2024,12,252.9,19.6
case1_0102,bangkok_normal,2025,1,266.1,19.3
case1_0102,bangkok_normal,2025,2,294.9,22.4
case1_0102,bangkok_normal,2025,3,419.5,22.6
case1_0102,bangkok_normal,2025,4,484.2,23.2
case1_0102,bangkok_normal,2025,5,421.8,20.7
case1_0102,bangkok_normal,2025,6,407.9,22.5
case1_0102,bangkok_normal,2025,7,372.5,22.2
case1_0102,bangkok_normal,2025,8,375.7,21.7
case1_0102,bangkok_normal,2025,9,292.9,22.3
case1_0102,bangkok_normal,2025,10,302.2,23.5
case1_0102,bangkok_normal,2025,11,305.2,23.8
case1_0102,bangkok_normal,2025,12,274.1,22.3
case1_0102,bangkok_normal,2026,1,258.2,20.9
case1_0102,bangkok_normal,2026,2,243.6,20.9
case1_0102,bangkok_normal,2026,3,312.8,20.7
case1_0102,bangkok_normal,2026,4,405.4,22.2
case1_0102,bangkok_normal,2026,5,410.6,23.5
case1_0102,bangkok_normal,2026,6,439.4,21.4
case1_0102,bangkok_normal,2026,7,390.6,22.4
case1_0102,bangkok_normal,2026,8,357.1,20.4
case1_0103,bangkok_normal,2024,3,377.5,16.3
case1_0103,bangkok_normal,2024,4,404.3,17.0
case1_0103,bangkok_normal,2024,5,371.7,14.3
case1_0103,bangkok_normal,2024,6,390.6,17.2
case1_0103,bangkok_normal,2024,7,410.5,14.7
case1_0103,bangkok_normal,2024,8,351.4,17.9
case1_0103,bangkok_normal,2024,9,322.4,18.9
case1_0103,bangkok_normal,2024,10,348.0,16.1
case1_0103,bangkok_normal,2024,11,266.3,16.1
case1_0103,bangkok_normal,2024,12,296.6,13.0
case1_0103,bangkok_normal,2025,1,342.3,15.0
case1_0103,bangkok_normal,2025,2,265.7,14.8
case1_0103,bangkok_normal,2025,3,352.4,14.3
case1_0103,bangkok_normal,2025,4,386.8,15.8
case1_0103,bangkok_normal,2025,5,386.2,15.5
case1_0103,bangkok_normal,2025,6,350.4,15.2
case1_0103,bangkok_normal,2025,7,365.7,16.7
case1_0103,bangkok_normal,2025,8,336.0,14.5
case1_0103,bangkok_normal,2025,9,286.2,17.2
case1_0103,bangkok_normal,2025,10,289.0,13.6
case1_0103,bangkok_normal,2025,11,306.3,16.5
case1_0103,bangkok_normal,2025,12,221.2,13.0
case1_0103,bangkok_normal,2026,1,207.0,13.7
case1_0103,bangkok_normal,2026,2,347.0,13.9
case1_0103,bangkok_normal,2026,3,349.4,14.7
case1_0103,bangkok_normal,2026,4,394.8,17.1
case1_0103,bangkok_normal,2026,5,369.9,18.4
case1_0103,bangkok_normal,2026,6,366.2,17.7
case1_0103,bangkok_normal,2026,7,386.8,15.0
case1_0103,bangkok_normal,2026,8,351.6,14.9
case1_0104,bangkok_normal,2024,3,282.2,18.6
case1_0104,bangkok_normal,2024,4,331.5,18.7
case1_0104,bangkok_normal,2024,5,345.4,17.6
case1_0104,bangkok_normal,2024,6,257.7,18.6
case1_0104,bangkok_normal,2024,7,276.1,17.2
case1_0104,bangkok_normal,2024,8,320.7,15.7
case1_0104,bangkok_normal,2024,9,306.1,17.3
case1_0104,bangkok_normal,2024,10,255.3,16.6
case1_0104,bangkok_normal,2024,11,219.1,17.3
case1_0104,bangkok_normal,2024,12,212.6,15.2
case1_0104,bangkok_normal,2025,1,171.4,13.9
case1_0104,bangkok_normal,2025,2,275.3,18.9
case1_0104,bangkok_normal,2025,3,306.8,21.0
case1_0104,bangkok_normal,2025,4,410.0,21.1
case1_0104,bangkok_normal,2025,5,298.7,18.4
case1_0104,bangkok_normal,2025,6,324.1,17.3
case1_0104,bangkok_normal,2025,7,288.4,19.5
case1_0104,bangkok_normal,2025,8,269.6,17.2
case1_0104,bangkok_normal,2025,9,224.6,15.9
case1_0104,bangkok_normal,2025,10,256.2,19.4
case1_0104,bangkok_normal,2025,11,265.0,17.4
case1_0104,bangkok_normal,2025,12,246.6,18.7
case1_0104,bangkok_normal,2026,1,247.6,14.7
case1_0104,bangkok_normal,2026,2,255.8,17.4
case1_0104,bangkok_normal,2026,3,272.2,21.5
case1_0104,bangkok_normal,2026,4,286.9,19.9
case1_0104,bangkok_normal,2026,5,359.3,18.4
case1_0104,bangkok_normal,2026,6,286.4,15.9
case1_0104,bangkok_normal,2026,7,315.5,18.7
case1_0104,bangkok_normal,2026,8,295.3,16.4
case1_0105,bangkok_normal,2024,3,590.8,12.9
case1_0105,bangkok_normal,2024,4,672.7,14.0
case1_0105,bangkok_normal,2024,5,586.3,12.4
case1_0105,bangkok_normal,2024,6,464.1,13.3
case1_0105,bangkok_normal,2024,7,536.1,13.1
case1_0105,bangkok_normal,2024,8,466.1,12.3
case1_0105,bangkok_normal,2024,9,392.4,12.4
case1_0105,bangkok_normal,2024,10,340.0,12.6
case1_0105,bangkok_normal,2024,11,367.1,11.8
case1_0105,bangkok_normal,2024,12,288.4,11.5
case1_0105,bangkok_normal,2025,1,322.5,10.7
case1_0105,bangkok_normal,2025,2,454.4,15.0
case1_0105,bangkok_normal,2025,3,500.3,15.4
case1_0105,bangkok_normal,2025,4,596.3,14.9
case1_0105,bangkok_normal,2025,5,526.1,15.5
case1_0105,bangkok_normal,2025,6,506.3,11.3
case1_0105,bangkok_normal,2025,7,564.3,9.2
case1_0105,bangkok_normal,2025,8,474.2,11.2
case1_0105,bangkok_normal,2025,9,456.1,10.4
case1_0105,bangkok_normal,2025,10,365.8,11.5
case1_0105,bangkok_normal,2025,11,460.1,12.3
case1_0105,bangkok_normal,2025,12,343.6,12.7
case1_0105,bangkok_normal,2026,1,396.9,10.8
case1_0105,bangkok_normal,2026,2,444.2,12.6
case1_0105,bangkok_normal,2026,3,543.9,13.2
case1_0105,bangkok_normal,2026,4,627.3,14.2
case1_0105,bangkok_normal,2026,5,548.5,13.0
case1_0105,bangkok_normal,2026,6,561.5,14.7
case1_0105,bangkok_normal,2026,7,456.6,13.1
case1_0105,bangkok_normal,2026,8,491.8,14.9
case1_0106,bangkok_normal,2024,3,238.6,14.1
case1_0106,bangkok_normal,2024,4,262.3,12.9
case1_0106,bangkok_normal,2024,5,274.4,12.7
case1_0106,bangkok_normal,2024,6,235.3,12.8
case1_0106,bangkok_normal,2024,7,164.9,12.9
case1_0106,bangkok_normal,2024,8,135.8,10.6
case1_0106,bangkok_normal,2024,9,204.6,11.5
case1_0106,bangkok_normal,2024,10,219.3,12.9
case1_0106,bangkok_normal,2024,11,233.8,12.0
case1_0106,bangkok_normal,2024,12,170.7,11.3
case1_0106,bangkok_normal,2025,1,149.1,11.8
case1_0106,bangkok_normal,2025,2,186.1,12.3
case1_0106,bangkok_normal,2025,3,229.5,11.7
case1_0106,bangkok_normal,2025,4,237.8,13.2
case1_0106,bangkok_normal,2025,5,287.3,14.6
case1_0106,bangkok_normal,2025,6,291.5,12.1
case1_0106,bangkok_normal,2025,7,243.2,12.0
case1_0106,bangkok_normal,2025,8,217.8,10.7
case1_0106,bangkok_normal,2025,9,175.3,12.9
case1_0106,bangkok_normal,2025,10,212.8,12.3
case1_0106,bangkok_normal,2025,11,195.4,11.2
case1_0106,bangkok_normal,2025,12,154.4,11.4
case1_0106,bangkok_normal,2026,1,169.2,10.3
case1_0106,bangkok_normal,2026,2,187.2,10.7
case1_0106,bangkok_normal,2026,3,228.9,10.7
case1_0106,bangkok_normal,2026,4,223.1,11.5
case1_0106,bangkok_normal,2026,5,264.5,14.5
case1_0106,bangkok_normal,2026,6,229.3,12.4
case1_0106,bangkok_normal,2026,7,235.8,13.1
case1_0106,bangkok_normal,2026,8,208.4,11.7
case1_0107,bangkok_normal,2024,3,366.7,13.2
case1_0107,bangkok_normal,2024,4,417.1,12.8
case1_0107,bangkok_normal,2024,5,490.5,10.8
case1_0107,bangkok_normal,2024,6,414.1,11.7
case1_0107,bangkok_normal,2024,7,337.3,12.9
case1_0107,bangkok_normal,2024,8,354.5,13.0
case1_0107,bangkok_normal,2024,9,385.4,14.0
case1_0107,bangkok_normal,2024,10,279.0,15.2
case1_0107,bangkok_normal,2024,11,269.5,14.0
case1_0107,bangkok_normal,2024,12,239.2,13.7
case1_0107,bangkok_normal,2025,1,248.6,13.3
case1_0107,bangkok_normal,2025,2,302.9,15.0
case1_0107,bangkok_normal,2025,3,321.7,16.2
case1_0107,bangkok_normal,2025,4,463.1,16.0
case1_0107,bangkok_normal,2025,5,365.6,15.1
case1_0107,bangkok_normal,2025,6,356.4,13.3
case1_0107,bangkok_normal,2025,7,381.1,12.8
case1_0107,bangkok_normal,2025,8,349.7,12.2
case1_0107,bangkok_normal,2025,9,294.7,13.0
case1_0107,bangkok_normal,2025,10,264.7,11.5
case1_0107,bangkok_normal,2025,11,287.6,11.7
case1_0107,bangkok_normal,2025,12,234.8,8.8
case1_0107,bangkok_normal,2026,1,267.2,12.7
case1_0107,bangkok_normal,2026,2,281.3,12.3
case1_0107,bangkok_normal,2026,3,396.2,13.5
case1_0107,bangkok_normal,2026,4,443.3,15.6
case1_0107,bangkok_normal,2026,5,429.6,14.3
case1_0107,bangkok_normal,2026,6,440.0,14.9
case1_0107,bangkok_normal,2026,7,360.0,11.7
case1_0107,bangkok_normal,2026,8,325.8,15.0
case1_0108,bangkok_normal,2024,3,467.4,17.5
case1_0108,bangkok_normal,2024,4,434.3,17.2
case1_0108,bangkok_normal,2024,5,430.1,19.1
case1_0108,bangkok_normal,2024,6,465.8,15.2
case1_0108,bangkok_normal,2024,7,333.4,13.9
case1_0108,bangkok_normal,2024,8,382.4,15.5
case1_0108,bangkok_normal,2024,9,376.3,15.9
case1_0108,bangkok_normal,2024,10,417.6,14.0
case1_0108,bangkok_normal,2024,11,311.5,14.6
case1_0108,bangkok_normal,2024,12,323.5,14.4
case1_0108,bangkok_normal,2025,1,294.5,14.7
case1_0108,bangkok_normal,2025,2,344.7,16.4
case1_0108,bangkok_normal,2025,3,369.3,16.2
case1_0108,bangkok_normal,2025,4,413.6,20.3
case1_0108,bangkok_normal,2025,5,464.8,19.3
case1_0108,bangkok_normal,2025,6,382.3,16.3
case1_0108,bangkok_normal,2025,7,416.3,16.7
case1_0108,bangkok_normal,2025,8,370.3,16.7
case1_0108,bangkok_normal,2025,9,320.3,18.1
case1_0108,bangkok_normal,2025,10,326.0,15.7
case1_0108,bangkok_normal,2025,11,355.2,17.0
case1_0108,bangkok_normal,2025,12,289.1,15.4
case1_0108,bangkok_normal,2026,1,307.6,17.5
case1_0108,bangkok_normal,2026,2,398.0,18.7
case1_0108,bangkok_normal,2026,3,492.6,18.0
case1_0108,bangkok_normal,2026,4,502.0,17.6
case1_0108,bangkok_normal,2026,5,435.1,18.2
case1_0108,bangkok_normal,2026,6,432.5,16.7
case1_0108,bangkok_normal,2026,7,429.8,18.9
case1_0108,bangkok_normal,2026,8,351.7,17.0
case1_0109,bangkok_normal,2024,3,432.8,10.7
case1_0109,bangkok_normal,2024,4,564.1,13.1
case1_0109,bangkok_normal,2024,5,495.1,14.2
case1_0109,bangkok_normal,2024,6,528.5,13.8
case1_0109,bangkok_normal,2024,7,410.3,14.5
case1_0109,bangkok_normal,2024,8,434.0,13.0
case1_0109,bangkok_normal,2024,9,458.8,12.9
case1_0109,bangkok_normal,2024,10,332.1,14.1
case1_0109,bangkok_normal,2024,11,450.7,10.3
case1_0109,bangkok_normal,2024,12,330.9,12.0
case1_0109,bangkok_normal,2025,1,347.7,11.8
case1_0109,bangkok_normal,2025,2,437.6,11.6
case1_0109,bangkok_normal,2025,3,525.5,13.7
case1_0109,bangkok_normal,2025,4,575.8,16.0
case1_0109,bangkok_normal,2025,5,585.9,16.0
case1_0109,bangkok_normal,2025,6,521.9,14.0
case1_0109,bangkok_normal,2025,7,536.3,14.6
case1_0109,bangkok_normal,2025,8,483.3,14.7
case1_0109,bangkok_normal,2025,9,500.5,13.3
case1_0109,bangkok_normal,2025,10,457.5,12.1
case1_0109,bangkok_normal,2025,11,340.9,11.8
case1_0109,bangkok_normal,2025,12,395.2,12.9
case1_0109,bangkok_normal,2026,1,341.6,12.5
case1_0109,bangkok_normal,2026,2,467.6,11.8
case1_0109,bangkok_normal,2026,3,499.7,11.2
case1_0109,bangkok_normal,2026,4,602.7,14.8
case1_0109,bangkok_normal,2026,5,504.8,13.6
case1_0109,bangkok_normal,2026,6,500.2,14.1
case1_0109,bangkok_normal,2026,7,440.1,15.2
case1_0109,bangkok_normal,2026,8,494.8,12.2
case1_0110,bangkok_normal,2024,3,554.8,16.5
case1_0110,bangkok_normal,2024,4,684.7,17.2
case1_0110,bangkok_normal,2024,5,533.5,21.7
case1_0110,bangkok_normal,2024,6,550.2,17.0
case1_0110,bangkok_normal,2024,7,553.0,15.8
case1_0110,bangkok_normal,2024,8,492.2,21.4
case1_0110,bangkok_normal,2024,9,452.8,18.3
case1_0110,bangkok_normal,2024,10,459.1,14.5
case1_0110,bangkok_normal,2024,11,454.6,16.7
case1_0110,bangkok_normal,2024,12,389.4,11.5
case1_0110,bangkok_normal,2025,1,406.6,13.3
case1_0110,bangkok_normal,2025,2,424.0,13.2
case1_0110,bangkok_normal,2025,3,573.7,13.3
case1_0110,bangkok_normal,2025,4,686.3,16.6
case1_0110,bangkok_normal,2025,5,618.0,15.7
case1_0110,bangkok_normal,2025,6,467.6,15.5
case1_0110,bangkok_normal,2025,7,474.7,14.6
case1_0110,bangkok_normal,2025,8,486.6,13.1
case1_0110,bangkok_normal,2025,9,407.0,13.8
case1_0110,bangkok_normal,2025,10,412.5,14.6
case1_0110,bangkok_normal,2025,11,367.7,13.5
case1_0110,bangkok_normal,2025,12,368.1,14.5
case1_0110,bangkok_normal,2026,1,385.3,14.0
case1_0110,bangkok_normal,2026,2,387.0,13.8
case1_0110,bangkok_normal,2026,3,527.6,14.3
case1_0110,bangkok_normal,2026,4,599.4,14.7
case1_0110,bangkok_normal,2026,5,610.6,12.5
case1_0110,bangkok_normal,2026,6,521.3,13.1
case1_0110,bangkok_normal,2026,7,456.7,13.4
case1_0110,bangkok_normal,2026,8,436.3,12.7
case1_0111,bangkok_normal,2024,3,251.9,31.7
case1_0111,bangkok_normal,2024,4,288.6,30.4
case1_0111,bangkok_normal,2024,5,267.5,35.2
case1_0111,bangkok_normal,2024,6,207.4,35.7
case1_0111,bangkok_normal,2024,7,249.5,35.0
case1_0111,bangkok_normal,2024,8,219.4,34.2
case1_0111,bangkok_normal,2024,9,201.4,32.1
case1_0111,bangkok_normal,2024,10,188.8,29.7
case1_0111,bangkok_normal,2024,11,181.4,28.1
case1_0111,bangkok_normal,2024,12,182.0,32.2
case1_0111,bangkok_normal,2025,1,196.1,32.8
case1_0111,bangkok_normal,2025,2,221.1,30.5
case1_0111,bangkok_normal,2025,3,241.2,33.2
case1_0111,bangkok_normal,2025,4,285.9,34.1
case1_0111,bangkok_normal,2025,5,266.2,30.7
case1_0111,bangkok_normal,2025,6,235.1,33.2
case1_0111,bangkok_normal,2025,7,228.4,31.6
case1_0111,bangkok_normal,2025,8,208.6,29.4
case1_0111,bangkok_normal,2025,9,206.2,26.7
case1_0111,bangkok_normal,2025,10,201.8,25.6
case1_0111,bangkok_normal,2025,11,206.7,29.0
case1_0111,bangkok_normal,2025,12,156.2,29.4
case1_0111,bangkok_normal,2026,1,178.5,28.0
case1_0111,bangkok_normal,2026,2,189.9,33.9
case1_0111,bangkok_normal,2026,3,221.2,34.9
case1_0111,bangkok_normal,2026,4,251.5,38.5
case1_0111,bangkok_normal,2026,5,229.5,36.1
case1_0111,bangkok_normal,2026,6,254.2,32.4
case1_0111,bangkok_normal,2026,7,207.5,33.9
case1_0111,bangkok_normal,2026,8,198.6,29.9
case1_0112,bangkok_normal,2024,3,212.3,23.4
case1_0112,bangkok_normal,2024,4,220.1,25.1
case1_0112,bangkok_normal,2024,5,235.2,21.7
case1_0112,bangkok_normal,2024,6,180.8,22.0
case1_0112,bangkok_normal,2024,7,167.1,21.5
case1_0112,bangkok_normal,2024,8,180.0,19.4
case1_0112,bangkok_normal,2024,9,187.3,20.6
case1_0112,bangkok_normal,2024,10,194.5,23.1
case1_0112,bangkok_normal,2024,11,170.5,21.2
case1_0112,bangkok_normal,2024,12,160.6,19.8
case1_0112,bangkok_normal,2025,1,144.3,20.0
case1_0112,bangkok_normal,2025,2,188.4,17.2
case1_0112,bangkok_normal,2025,3,187.3,20.6
case1_0112,bangkok_normal,2025,4,230.2,19.3
case1_0112,bangkok_normal,2025,5,170.3,19.2
case1_0112,bangkok_normal,2025,6,164.9,23.9
case1_0112,bangkok_normal,2025,7,184.8,20.3
case1_0112,bangkok_normal,2025,8,158.0,18.3
case1_0112,bangkok_normal,2025,9,171.1,20.8
case1_0112,bangkok_normal,2025,10,180.1,17.6
case1_0112,bangkok_normal,2025,11,159.6,17.5
case1_0112,bangkok_normal,2025,12,123.2,19.4
case1_0112,bangkok_normal,2026,1,131.6,18.4
case1_0112,bangkok_normal,2026,2,152.2,16.2
case1_0112,bangkok_normal,2026,3,192.7,20.0
case1_0112,bangkok_normal,2026,4,227.8,19.9
case1_0112,bangkok_normal,2026,5,214.2,23.1
case1_0112,bangkok_normal,2026,6,232.8,19.3
case1_0112,bangkok_normal,2026,7,184.7,20.9
case1_0112,bangkok_normal,2026,8,207.2,22.6
case1_0113,bangkok_normal,2024,3,714.9,15.7
case1_0113,bangkok_normal,2024,4,724.1,16.1
case1_0113,bangkok_normal,2024,5,753.6,14.3
case1_0113,bangkok_normal,2024,6,671.1,12.6
case1_0113,bangkok_normal,2024,7,619.2,14.8
case1_0113,bangkok_normal,2024,8,615.9,14.0
case1_0113,bangkok_normal,2024,9,584.2,16.6
case1_0113,bangkok_normal,2024,10,571.4,13.8
case1_0113,bangkok_normal,2024,11,522.9,15.8
case1_0113,bangkok_normal,2024,12,429.0,13.1
case1_0113,bangkok_normal,2025,1,462.2,14.5
case1_0113,bangkok_normal,2025,2,566.8,16.2
case1_0113,bangkok_normal,2025,3,640.8,13.7
case1_0113,bangkok_normal,2025,4,772.3,14.1
case1_0113,bangkok_normal,2025,5,608.2,13.1
case1_0113,bangkok_normal,2025,6,587.2,12.2
case1_0113,bangkok_normal,2025,7,582.7,14.3
case1_0113,bangkok_normal,2025,8,542.2,13.7
case1_0113,bangkok_normal,2025,9,637.1,13.7
case1_0113,bangkok_normal,2025,10,568.9,14.3
case1_0113,bangkok_normal,2025,11,552.9,11.3
case1_0113,bangkok_normal,2025,12,431.9,13.8
case1_0113,bangkok_normal,2026,1,459.3,12.9
case1_0113,bangkok_normal,2026,2,493.0,14.5
case1_0113,bangkok_normal,2026,3,620.4,15.7
case1_0113,bangkok_normal,2026,4,662.2,17.7
case1_0113,bangkok_normal,2026,5,671.1,15.7
case1_0113,bangkok_normal,2026,6,480.2,11.9
case1_0113,bangkok_normal,2026,7,493.1,13.6
case1_0113,bangkok_normal,2026,8,636.6,14.3
case1_0114,bangkok_normal,2024,3,434.7,23.5
case1_0114,bangkok_normal,2024,4,438.3,21.8
case1_0114,bangkok_normal,2024,5,500.6,23.4
case1_0114,bangkok_normal,2024,6,425.7,21.7
case1_0114,bangkok_normal,2024,7,394.0,23.4
case1_0114,bangkok_normal,2024,8,378.9,20.1
case1_0114,bangkok_normal,2024,9,416.2,21.7
case1_0114,bangkok_normal,2024,10,375.2,23.3
case1_0114,bangkok_normal,2024,11,364.4,24.4
case1_0114,bangkok_normal,2024,12,288.3,20.2
case1_0114,bangkok_normal,2025,1,320.6,21.1
case1_0114,bangkok_normal,2025,2,425.3,22.9
case1_0114,bangkok_normal,2025,3,481.4,27.5
case1_0114,bangkok_normal,2025,4,540.5,22.6
case1_0114,bangkok_normal,2025,5,515.5,21.8
case1_0114,bangkok_normal,2025,6,387.1,29.4
case1_0114,bangkok_normal,2025,7,356.6,24.3
case1_0114,bangkok_normal,2025,8,369.4,19.2
case1_0114,bangkok_normal,2025,9,335.4,20.3
case1_0114,bangkok_normal,2025,10,309.3,15.8
case1_0114,bangkok_normal,2025,11,272.4,20.9
case1_0114,bangkok_normal,2025,12,234.1,22.4
case1_0114,bangkok_normal,2026,1,276.0,20.0
case1_0114,bangkok_normal,2026,2,350.6,21.2
case1_0114,bangkok_normal,2026,3,386.8,25.6
case1_0114,bangkok_normal,2026,4,469.0,21.5
case1_0114,bangkok_normal,2026,5,438.1,20.6
case1_0114,bangkok_normal,2026,6,457.2,22.3
case1_0114,bangkok_normal,2026,7,395.1,21.3
case1_0114,bangkok_normal,2026,8,404.9,21.9
case1_0115,bangkok_normal,2024,3,272.7,11.5
case1_0115,bangkok_normal,2024,4,327.5,13.0
case1_0115,bangkok_normal,2024,5,310.5,13.9
case1_0115,bangkok_normal,2024,6,282.2,15.2
case1_0115,bangkok_normal,2024,7,222.1,12.8
case1_0115,bangkok_normal,2024,8,249.0,12.0
case1_0115,bangkok_normal,2024,9,225.0,12.2
case1_0115,bangkok_normal,2024,10,218.3,12.7
case1_0115,bangkok_normal,2024,11,239.8,12.2
case1_0115,bangkok_normal,2024,12,175.6,12.8
case1_0115,bangkok_normal,2025,1,211.7,11.2
case1_0115,bangkok_normal,2025,2,267.4,12.3
case1_0115,bangkok_normal,2025,3,299.1,13.5
case1_0115,bangkok_normal,2025,4,283.6,13.2
case1_0115,bangkok_normal,2025,5,223.9,14.3
case1_0115,bangkok_normal,2025,6,272.9,13.4
case1_0115,bangkok_normal,2025,7,250.5,13.6
case1_0115,bangkok_normal,2025,8,222.2,12.9
case1_0115,bangkok_normal,2025,9,243.6,12.7
case1_0115,bangkok_normal,2025,10,203.6,11.4
case1_0115,bangkok_normal,2025,11,199.2,11.0
case1_0115,bangkok_normal,2025,12,182.0,12.3
case1_0115,bangkok_normal,2026,1,164.9,12.3
case1_0115,bangkok_normal,2026,2,210.7,11.1
case1_0115,bangkok_normal,2026,3,279.7,12.5
case1_0115,bangkok_normal,2026,4,303.0,10.1
case1_0115,bangkok_normal,2026,5,315.2,11.3
case1_0115,bangkok_normal,2026,6,291.2,13.1
case1_0115,bangkok_normal,2026,7,246.7,12.2
case1_0115,bangkok_normal,2026,8,180.7,12.1
case1_0116,bangkok_normal,2024,3,846.3,6.5
case1_0116,bangkok_normal,2024,4,877.7,5.6
case1_0116,bangkok_normal,2024,5,822.6,7.5
case1_0116,bangkok_normal,2024,6,657.7,7.8
case1_0116,bangkok_normal,2024,7,659.8,7.8
case1_0116,bangkok_normal,2024,8,582.5,7.1
case1_0116,bangkok_normal,2024,9,493.8,8.2
case1_0116,bangkok_normal,2024,10,504.3,7.1
case1_0116,bangkok_normal,2024,11,647.5,7.4
case1_0116,bangkok_normal,2024,12,492.8,7.2
case1_0116,bangkok_normal,2025,1,517.9,8.0
case1_0116,bangkok_normal,2025,2,580.9,7.4
case1_0116,bangkok_normal,2025,3,575.6,7.2
case1_0116,bangkok_normal,2025,4,819.4,6.7
case1_0116,bangkok_normal,2025,5,609.1,8.6
case1_0116,bangkok_normal,2025,6,611.3,8.1
case1_0116,bangkok_normal,2025,7,612.9,7.9
case1_0116,bangkok_normal,2025,8,621.0,9.6
case1_0116,bangkok_normal,2025,9,536.1,8.1
case1_0116,bangkok_normal,2025,10,444.1,6.5
case1_0116,bangkok_normal,2025,11,466.0,6.7
case1_0116,bangkok_normal,2025,12,397.2,6.0
case1_0116,bangkok_normal,2026,1,485.7,6.3
case1_0116,bangkok_normal,2026,2,690.6,6.7
case1_0116,bangkok_normal,2026,3,682.9,7.0
case1_0116,bangkok_normal,2026,4,850.1,6.7
case1_0116,bangkok_normal,2026,5,826.3,8.6
case1_0116,bangkok_normal,2026,6,810.1,8.0
case1_0116,bangkok_normal,2026,7,695.6,7.3
case1_0116,bangkok_normal,2026,8,712.8,7.8
case1_0117,bangkok_normal,2024,3,436.2,9.9
case1_0117,bangkok_normal,2024,4,507.3,9.7
case1_0117,bangkok_normal,2024,5,468.4,12.8
case1_0117,bangkok_normal,2024,6,408.1,10.2
case1_0117,bangkok_normal,2024,7,439.7,11.4
case1_0117,bangkok_normal,2024,8,373.1,10.7
case1_0117,bangkok_normal,2024,9,291.8,9.7
case1_0117,bangkok_normal,2024,10,286.8,9.8
case1_0117,bangkok_normal,2024,11,257.4,8.5
case1_0117,bangkok_normal,2024,12,205.1,8.9
case1_0117,bangkok_normal,2025,1,220.2,8.2
case1_0117,bangkok_normal,2025,2,264.7,9.1
case1_0117,bangkok_normal,2025,3,279.3,11.0
case1_0117,bangkok_normal,2025,4,335.2,11.2
case1_0117,bangkok_normal,2025,5,361.0,9.2
case1_0117,bangkok_normal,2025,6,372.6,10.6
case1_0117,bangkok_normal,2025,7,338.9,10.0
case1_0117,bangkok_normal,2025,8,235.8,9.3
case1_0117,bangkok_normal,2025,9,284.0,10.0
case1_0117,bangkok_normal,2025,10,261.7,9.4
case1_0117,bangkok_normal,2025,11,280.1,10.2
case1_0117,bangkok_normal,2025,12,230.1,12.4
case1_0117,bangkok_normal,2026,1,233.8,11.3
case1_0117,bangkok_normal,2026,2,282.9,11.5
case1_0117,bangkok_normal,2026,3,334.5,11.6
case1_0117,bangkok_normal,2026,4,430.1,13.8
case1_0117,bangkok_normal,2026,5,382.1,12.1
case1_0117,bangkok_normal,2026,6,376.5,10.1
case1_0117,bangkok_normal,2026,7,354.9,10.3
case1_0117,bangkok_normal,2026,8,338.1,12.5
case1_0118,bangkok_normal,2024,3,749.0,6.9
case1_0118,bangkok_normal,2024,4,834.9,8.0
case1_0118,bangkok_normal,2024,5,732.4,8.1
case1_0118,bangkok_normal,2024,6,657.3,8.4
case1_0118,bangkok_normal,2024,7,640.4,7.4
case1_0118,bangkok_normal,2024,8,563.7,6.7
case1_0118,bangkok_normal,2024,9,560.5,6.9
case1_0118,bangkok_normal,2024,10,568.7,7.2
case1_0118,bangkok_normal,2024,11,463.6,7.3
case1_0118,bangkok_normal,2024,12,430.0,6.3
case1_0118,bangkok_normal,2025,1,455.4,7.3
case1_0118,bangkok_normal,2025,2,626.8,6.9
case1_0118,bangkok_normal,2025,3,576.4,6.9
case1_0118,bangkok_normal,2025,4,707.6,7.3
case1_0118,bangkok_normal,2025,5,692.5,8.4
case1_0118,bangkok_normal,2025,6,731.1,7.6
case1_0118,bangkok_normal,2025,7,649.8,6.8
case1_0118,bangkok_normal,2025,8,731.7,7.7
case1_0118,bangkok_normal,2025,9,654.9,8.6
case1_0118,bangkok_normal,2025,10,567.2,7.5
case1_0118,bangkok_normal,2025,11,573.8,7.8
case1_0118,bangkok_normal,2025,12,458.1,7.4
case1_0118,bangkok_normal,2026,1,526.6,6.4
case1_0118,bangkok_normal,2026,2,530.6,6.8
case1_0118,bangkok_normal,2026,3,619.1,6.3
case1_0118,bangkok_normal,2026,4,798.0,7.0
case1_0118,bangkok_normal,2026,5,855.2,6.8
case1_0118,bangkok_normal,2026,6,578.2,6.6
case1_0118,bangkok_normal,2026,7,706.5,6.2
case1_0118,bangkok_normal,2026,8,644.1,6.4
case1_0119,bangkok_normal,2024,3,329.9,12.2
case1_0119,bangkok_normal,2024,4,398.5,15.7
case1_0119,bangkok_normal,2024,5,359.6,16.0
case1_0119,bangkok_normal,2024,6,390.2,14.1
case1_0119,bangkok_normal,2024,7,391.1,11.7
case1_0119,bangkok_normal,2024,8,379.6,11.0
case1_0119,bangkok_normal,2024,9,323.1,12.5
case1_0119,bangkok_normal,2024,10,336.5,13.3
case1_0119,bangkok_normal,2024,11,315.7,10.3
case1_0119,bangkok_normal,2024,12,242.9,10.9
case1_0119,bangkok_normal,2025,1,297.6,13.6
case1_0119,bangkok_normal,2025,2,378.3,13.0
case1_0119,bangkok_normal,2025,3,455.4,15.4
case1_0119,bangkok_normal,2025,4,451.8,15.5
case1_0119,bangkok_normal,2025,5,493.9,12.8
case1_0119,bangkok_normal,2025,6,403.0,12.7
case1_0119,bangkok_normal,2025,7,404.7,12.7
case1_0119,bangkok_normal,2025,8,360.5,11.6
case1_0119,bangkok_normal,2025,9,340.1,11.1
case1_0119,bangkok_normal,2025,10,258.6,13.8
case1_0119,bangkok_normal,2025,11,301.5,11.6
case1_0119,bangkok_normal,2025,12,274.9,12.7
case1_0119,bangkok_normal,2026,1,279.0,11.6
case1_0119,bangkok_normal,2026,2,407.5,12.4
case1_0119,bangkok_normal,2026,3,387.4,13.8
case1_0119,bangkok_normal,2026,4,435.4,13.2
case1_0119,bangkok_normal,2026,5,404.7,14.1
case1_0119,bangkok_normal,2026,6,379.9,10.7
case1_0119,bangkok_normal,2026,7,416.9,12.6
case1_0119,bangkok_normal,2026,8,439.7,9.6
case1_0120,bangkok_normal,2024,3,1040.4,16.1
case1_0120,bangkok_normal,2024,4,994.0,16.9
case1_0120,bangkok_normal,2024,5,918.4,15.9
case1_0120,bangkok_normal,2024,6,873.8,15.2
case1_0120,bangkok_normal,2024,7,901.2,14.6
case1_0120,bangkok_normal,2024,8,712.1,13.2
case1_0120,bangkok_normal,2024,9,784.9,17.0
case1_0120,bangkok_normal,2024,10,818.5,14.8
case1_0120,bangkok_normal,2024,11,777.0,15.2
case1_0120,bangkok_normal,2024,12,694.2,13.3
case1_0120,bangkok_normal,2025,1,714.8,13.1
case1_0120,bangkok_normal,2025,2,798.8,13.6
case1_0120,bangkok_normal,2025,3,783.1,12.6
case1_0120,bangkok_normal,2025,4,1053.1,14.8
case1_0120,bangkok_normal,2025,5,953.2,14.6
case1_0120,bangkok_normal,2025,6,889.4,16.4
case1_0120,bangkok_normal,2025,7,926.4,13.3
case1_0120,bangkok_normal,2025,8,1006.7,13.2
case1_0120,bangkok_normal,2025,9,862.1,12.5
case1_0120,bangkok_normal,2025,10,855.5,15.4
case1_0120,bangkok_normal,2025,11,696.7,13.1
case1_0120,bangkok_normal,2025,12,653.0,13.6
case1_0120,bangkok_normal,2026,1,680.0,14.5
case1_0120,bangkok_normal,2026,2,922.4,14.1
case1_0120,bangkok_normal,2026,3,952.1,12.8
case1_0120,bangkok_normal,2026,4,1065.9,12.7
case1_0120,bangkok_normal,2026,5,1155.5,15.5
case1_0120,bangkok_normal,2026,6,985.4,12.9
case1_0120,bangkok_normal,2026,7,812.0,14.2
case1_0120,bangkok_normal,2026,8,1063.1,14.1
case1_0121,bangkok_normal,2024,3,780.9,25.8
case1_0121,bangkok_normal,2024,4,855.6,30.8
case1_0121,bangkok_normal,2024,5,969.0,31.6
case1_0121,bangkok_normal,2024,6,816.4,29.7
case1_0121,bangkok_normal,2024,7,580.4,28.2
case1_0121,bangkok_normal,2024,8,764.5,22.8
case1_0121,bangkok_normal,2024,9,658.6,25.9
case1_0121,bangkok_normal,2024,10,723.1,26.6
case1_0121,bangkok_normal,2024,11,799.2,28.1
case1_0121,bangkok_normal,2024,12,614.0,29.0
case1_0121,bangkok_normal,2025,1,678.4,21.3
case1_0121,bangkok_normal,2025,2,774.3,23.0
case1_0121,bangkok_normal,2025,3,1010.5,23.5
case1_0121,bangkok_normal,2025,4,932.2,26.6
case1_0121,bangkok_normal,2025,5,933.9,26.3
case1_0121,bangkok_normal,2025,6,921.0,24.8
case1_0121,bangkok_normal,2025,7,812.1,26.8
case1_0121,bangkok_normal,2025,8,876.8,22.3
case1_0121,bangkok_normal,2025,9,738.3,20.7
case1_0121,bangkok_normal,2025,10,862.7,20.1
case1_0121,bangkok_normal,2025,11,896.5,21.2
case1_0121,bangkok_normal,2025,12,658.2,18.6
case1_0121,bangkok_normal,2026,1,671.6,20.7
case1_0121,bangkok_normal,2026,2,851.9,22.2
case1_0121,bangkok_normal,2026,3,814.0,21.9
case1_0121,bangkok_normal,2026,4,848.4,26.4
case1_0121,bangkok_normal,2026,5,1032.9,24.7
case1_0121,bangkok_normal,2026,6,922.2,26.0
case1_0121,bangkok_normal,2026,7,815.9,23.1
case1_0121,bangkok_normal,2026,8,798.1,22.5
case1_0122,bangkok_normal,2024,3,364.2,13.2
case1_0122,bangkok_normal,2024,4,368.0,17.8
case1_0122,bangkok_normal,2024,5,398.5,17.3
case1_0122,bangkok_normal,2024,6,332.0,16.8
case1_0122,bangkok_normal,2024,7,344.5,13.9
case1_0122,bangkok_normal,2024,8,320.9,13.9
case1_0122,bangkok_normal,2024,9,338.8,14.6
case1_0122,bangkok_normal,2024,10,266.0,14.4
case1_0122,bangkok_normal,2024,11,234.6,15.5
case1_0122,bangkok_normal,2024,12,208.5,15.7
case1_0122,bangkok_normal,2025,1,202.4,18.5
case1_0122,bangkok_normal,2025,2,283.1,16.9
case1_0122,bangkok_normal,2025,3,406.2,18.7
case1_0122,bangkok_normal,2025,4,457.8,16.7
case1_0122,bangkok_normal,2025,5,420.6,14.1
case1_0122,bangkok_normal,2025,6,382.2,15.1
case1_0122,bangkok_normal,2025,7,348.2,13.2
case1_0122,bangkok_normal,2025,8,413.5,15.0
case1_0122,bangkok_normal,2025,9,332.2,14.0
case1_0122,bangkok_normal,2025,10,286.4,12.0
case1_0122,bangkok_normal,2025,11,336.9,16.6
case1_0122,bangkok_normal,2025,12,269.2,14.0
case1_0122,bangkok_normal,2026,1,336.1,12.0
case1_0122,bangkok_normal,2026,2,342.3,15.7
case1_0122,bangkok_normal,2026,3,430.4,15.0
case1_0122,bangkok_normal,2026,4,507.2,18.1
case1_0122,bangkok_normal,2026,5,428.3,15.6
case1_0122,bangkok_normal,2026,6,366.3,14.7
case1_0122,bangkok_normal,2026,7,386.8,15.5
case1_0122,bangkok_normal,2026,8,382.7,16.0
case1_0123,bangkok_normal,2024,3,633.5,15.3
case1_0123,bangkok_normal,2024,4,743.5,17.7
case1_0123,bangkok_normal,2024,5,691.4,15.5
case1_0123,bangkok_normal,2024,6,606.4,17.0
case1_0123,bangkok_normal,2024,7,489.1,14.1
case1_0123,bangkok_normal,2024,8,560.9,15.0
case1_0123,bangkok_normal,2024,9,525.4,14.7
case1_0123,bangkok_normal,2024,10,487.0,12.5
case1_0123,bangkok_normal,2024,11,553.7,13.5
case1_0123,bangkok_normal,2024,12,374.8,12.9
case1_0123,bangkok_normal,2025,1,489.8,12.0
case1_0123,bangkok_normal,2025,2,544.5,14.0
case1_0123,bangkok_normal,2025,3,642.2,14.9
case1_0123,bangkok_normal,2025,4,682.5,15.3
case1_0123,bangkok_normal,2025,5,564.1,15.0
case1_0123,bangkok_normal,2025,6,581.2,14.5
case1_0123,bangkok_normal,2025,7,587.9,13.8
case1_0123,bangkok_normal,2025,8,603.6,14.2
case1_0123,bangkok_normal,2025,9,533.7,13.1
case1_0123,bangkok_normal,2025,10,409.3,17.1
case1_0123,bangkok_normal,2025,11,403.0,12.9
case1_0123,bangkok_normal,2025,12,484.3,12.1
case1_0123,bangkok_normal,2026,1,416.4,12.3
case1_0123,bangkok_normal,2026,2,600.8,16.5
case1_0123,bangkok_normal,2026,3,597.0,13.7
case1_0123,bangkok_normal,2026,4,692.3,15.8
case1_0123,bangkok_normal,2026,5,726.8,15.8
case1_0123,bangkok_normal,2026,6,594.5,15.5
case1_0123,bangkok_normal,2026,7,672.6,16.4
case1_0123,bangkok_normal,2026,8,605.2,16.6
case1_0124,bangkok_normal,2024,3,479.8,24.0
case1_0124,bangkok_normal,2024,4,563.6,21.7
case1_0124,bangkok_normal,2024,5,468.2,21.5
case1_0124,bangkok_normal,2024,6,510.5,22.1
case1_0124,bangkok_normal,2024,7,402.5,16.5
case1_0124,bangkok_normal,2024,8,451.5,17.7
case1_0124,bangkok_normal,2024,9,384.1,19.3
case1_0124,bangkok_normal,2024,10,375.2,13.7
case1_0124,bangkok_normal,2024,11,449.9,15.5
case1_0124,bangkok_normal,2024,12,434.8,18.7
case1_0124,bangkok_normal,2025,1,474.1,19.9
case1_0124,bangkok_normal,2025,2,599.4,20.2
case1_0124,bangkok_normal,2025,3,579.8,21.9
case1_0124,bangkok_normal,2025,4,759.5,21.8
case1_0124,bangkok_normal,2025,5,579.9,21.8
case1_0124,bangkok_normal,2025,6,612.3,19.5
case1_0124,bangkok_normal,2025,7,529.2,19.3
case1_0124,bangkok_normal,2025,8,479.3,17.8
case1_0124,bangkok_normal,2025,9,514.7,20.3
case1_0124,bangkok_normal,2025,10,532.0,21.4
case1_0124,bangkok_normal,2025,11,531.5,21.3
case1_0124,bangkok_normal,2025,12,419.8,17.3
case1_0124,bangkok_normal,2026,1,424.8,15.7
case1_0124,bangkok_normal,2026,2,526.8,19.8
case1_0124,bangkok_normal,2026,3,609.1,20.6
case1_0124,bangkok_normal,2026,4,701.7,21.0
case1_0124,bangkok_normal,2026,5,659.4,18.7
case1_0124,bangkok_normal,2026,6,633.3,19.4
case1_0124,bangkok_normal,2026,7,471.8,16.6
case1_0124,bangkok_normal,2026,8,498.1,18.7
case1_0125,bangkok_normal,2024,3,770.9,8.1
case1_0125,bangkok_normal,2024,4,729.2,7.8
case1_0125,bangkok_normal,2024,5,782.9,6.3
case1_0125,bangkok_normal,2024,6,875.1,7.3
case1_0125,bangkok_normal,2024,7,667.6,7.7
case1_0125,bangkok_normal,2024,8,657.8,5.5
case1_0125,bangkok_normal,2024,9,711.7,5.8
case1_0125,bangkok_normal,2024,10,671.7,6.4
case1_0125,bangkok_normal,2024,11,764.6,7.0
case1_0125,bangkok_normal,2024,12,512.1,6.1
case1_0125,bangkok_normal,2025,1,480.3,5.8
case1_0125,bangkok_normal,2025,2,697.1,7.1
case1_0125,bangkok_normal,2025,3,686.3,6.9
case1_0125,bangkok_normal,2025,4,816.3,7.8
case1_0125,bangkok_normal,2025,5,811.1,6.7
case1_0125,bangkok_normal,2025,6,830.2,6.0
case1_0125,bangkok_normal,2025,7,773.1,7.1
case1_0125,bangkok_normal,2025,8,741.9,7.1
case1_0125,bangkok_normal,2025,9,643.7,7.4
case1_0125,bangkok_normal,2025,10,707.5,6.5
case1_0125,bangkok_normal,2025,11,891.3,6.1
case1_0125,bangkok_normal,2025,12,628.9,7.0
case1_0125,bangkok_normal,2026,1,587.3,5.6
case1_0125,bangkok_normal,2026,2,597.2,7.3
case1_0125,bangkok_normal,2026,3,711.1,8.2
case1_0125,bangkok_normal,2026,4,847.4,8.4
case1_0125,bangkok_normal,2026,5,805.3,7.1
case1_0125,bangkok_normal,2026,6,774.3,6.5
case1_0125,bangkok_normal,2026,7,862.0,6.6
case1_0125,bangkok_normal,2026,8,843.7,5.9
case1_0126,bangkok_normal,2024,3,266.8,15.1
case1_0126,bangkok_normal,2024,4,260.7,14.9
case1_0126,bangkok_normal,2024,5,284.2,16.0
case1_0126,bangkok_normal,2024,6,263.2,15.5
case1_0126,bangkok_normal,2024,7,269.5,15.1
case1_0126,bangkok_normal,2024,8,248.1,15.6
case1_0126,bangkok_normal,2024,9,239.2,15.9
case1_0126,bangkok_normal,2024,10,221.7,16.8
case1_0126,bangkok_normal,2024,11,224.4,14.4
case1_0126,bangkok_normal,2024,12,152.8,13.9
case1_0126,bangkok_normal,2025,1,167.0,14.9
case1_0126,bangkok_normal,2025,2,205.7,16.0
case1_0126,bangkok_normal,2025,3,237.2,20.4
case1_0126,bangkok_normal,2025,4,285.1,19.7
case1_0126,bangkok_normal,2025,5,284.1,15.8
case1_0126,bangkok_normal,2025,6,256.4,17.6
case1_0126,bangkok_normal,2025,7,225.7,18.1
case1_0126,bangkok_normal,2025,8,203.3,17.2
case1_0126,bangkok_normal,2025,9,222.4,14.9
case1_0126,bangkok_normal,2025,10,210.0,18.9
case1_0126,bangkok_normal,2025,11,179.2,15.6
case1_0126,bangkok_normal,2025,12,155.7,16.6
case1_0126,bangkok_normal,2026,1,138.3,16.6
case1_0126,bangkok_normal,2026,2,192.6,18.2
case1_0126,bangkok_normal,2026,3,228.8,21.3
case1_0126,bangkok_normal,2026,4,250.3,21.0
case1_0126,bangkok_normal,2026,5,291.6,18.4
case1_0126,bangkok_normal,2026,6,218.5,20.0
case1_0126,bangkok_normal,2026,7,229.1,17.3
case1_0126,bangkok_normal,2026,8,259.5,17.8
case1_0127,bangkok_normal,2024,3,530.2,20.5
case1_0127,bangkok_normal,2024,4,617.5,21.1
case1_0127,bangkok_normal,2024,5,486.1,20.4
case1_0127,bangkok_normal,2024,6,523.4,19.4
case1_0127,bangkok_normal,2024,7,448.4,20.1
case1_0127,bangkok_normal,2024,8,517.2,20.5
case1_0127,bangkok_normal,2024,9,439.9,19.9
case1_0127,bangkok_normal,2024,10,380.3,17.2
case1_0127,bangkok_normal,2024,11,407.7,16.7
case1_0127,bangkok_normal,2024,12,315.7,18.1
case1_0127,bangkok_normal,2025,1,394.7,20.9
case1_0127,bangkok_normal,2025,2,446.5,20.5
case1_0127,bangkok_normal,2025,3,504.0,20.0
case1_0127,bangkok_normal,2025,4,603.9,21.7
case1_0127,bangkok_normal,2025,5,506.9,18.9
case1_0127,bangkok_normal,2025,6,428.4,27.5
case1_0127,bangkok_normal,2025,7,464.9,25.7
case1_0127,bangkok_normal,2025,8,404.3,23.1
case1_0127,bangkok_normal,2025,9,366.4,23.1
case1_0127,bangkok_normal,2025,10,425.9,22.2
case1_0127,bangkok_normal,2025,11,426.9,26.0
case1_0127,bangkok_normal,2025,12,301.4,22.6
case1_0127,bangkok_normal,2026,1,316.2,23.0
case1_0127,bangkok_normal,2026,2,370.4,25.3
case1_0127,bangkok_normal,2026,3,553.5,23.9
case1_0127,bangkok_normal,2026,4,620.3,26.5
case1_0127,bangkok_normal,2026,5,528.2,26.8
case1_0127,bangkok_normal,2026,6,508.9,21.7
case1_0127,bangkok_normal,2026,7,398.3,24.2
case1_0127,bangkok_normal,2026,8,392.2,24.2
case1_0128,bangkok_normal,2024,3,641.6,8.9
case1_0128,bangkok_normal,2024,4,805.3,10.6
case1_0128,bangkok_normal,2024,5,635.4,9.2
case1_0128,bangkok_normal,2024,6,592.7,9.6
case1_0128,bangkok_normal,2024,7,613.0,9.3
case1_0128,bangkok_normal,2024,8,603.0,7.8
case1_0128,bangkok_normal,2024,9,568.8,8.8
case1_0128,bangkok_normal,2024,10,665.1,7.4
case1_0128,bangkok_normal,2024,11,584.0,8.7
case1_0128,bangkok_normal,2024,12,492.2,7.7
case1_0128,bangkok_normal,2025,1,451.6,8.0
case1_0128,bangkok_normal,2025,2,488.3,7.5
case1_0128,bangkok_normal,2025,3,592.7,8.8
case1_0128,bangkok_normal,2025,4,748.5,10.2
case1_0128,bangkok_normal,2025,5,724.6,8.8
case1_0128,bangkok_normal,2025,6,663.6,8.3
case1_0128,bangkok_normal,2025,7,585.2,8.9
case1_0128,bangkok_normal,2025,8,550.0,9.1
case1_0128,bangkok_normal,2025,9,522.6,6.6
case1_0128,bangkok_normal,2025,10,552.8,9.4
case1_0128,bangkok_normal,2025,11,563.4,9.0
case1_0128,bangkok_normal,2025,12,400.9,8.6
case1_0128,bangkok_normal,2026,1,469.8,8.0
case1_0128,bangkok_normal,2026,2,513.7,6.9
case1_0128,bangkok_normal,2026,3,650.5,8.9
case1_0128,bangkok_normal,2026,4,708.6,6.5
case1_0128,bangkok_normal,2026,5,791.3,7.0
case1_0128,bangkok_normal,2026,6,634.2,6.4
case1_0128,bangkok_normal,2026,7,600.6,6.4
case1_0128,bangkok_normal,2026,8,609.6,5.8
case1_0129,bangkok_normal,2024,3,214.4,22.1
case1_0129,bangkok_normal,2024,4,256.1,24.5
case1_0129,bangkok_normal,2024,5,240.1,24.0
case1_0129,bangkok_normal,2024,6,212.0,21.9
case1_0129,bangkok_normal,2024,7,174.5,21.1
case1_0129,bangkok_normal,2024,8,182.3,22.5
case1_0129,bangkok_normal,2024,9,157.1,19.9
case1_0129,bangkok_normal,2024,10,127.6,22.0
case1_0129,bangkok_normal,2024,11,161.0,20.7
case1_0129,bangkok_normal,2024,12,139.5,20.4
case1_0129,bangkok_normal,2025,1,132.6,23.3
case1_0129,bangkok_normal,2025,2,138.1,22.3
case1_0129,bangkok_normal,2025,3,165.3,25.2
case1_0129,bangkok_normal,2025,4,164.5,20.6
case1_0129,bangkok_normal,2025,5,204.8,21.6
case1_0129,bangkok_normal,2025,6,156.1,22.4
case1_0129,bangkok_normal,2025,7,167.8,26.3
case1_0129,bangkok_normal,2025,8,151.9,19.2
case1_0129,bangkok_normal,2025,9,131.3,20.6
case1_0129,bangkok_normal,2025,10,148.2,24.1
case1_0129,bangkok_normal,2025,11,144.0,20.5
case1_0129,bangkok_normal,2025,12,134.3,19.6
case1_0129,bangkok_normal,2026,1,117.8,20.9
case1_0129,bangkok_normal,2026,2,142.1,22.1
case1_0129,bangkok_normal,2026,3,137.8,26.3
case1_0129,bangkok_normal,2026,4,150.6,26.0
case1_0129,bangkok_normal,2026,5,221.5,27.1
case1_0129,bangkok_normal,2026,6,229.0,23.0
case1_0129,bangkok_normal,2026,7,188.3,20.7
case1_0129,bangkok_normal,2026,8,160.9,21.0
case1_0130,bangkok_normal,2024,3,219.2,19.5
case1_0130,bangkok_normal,2024,4,237.7,19.2
case1_0130,bangkok_normal,2024,5,253.5,18.8
case1_0130,bangkok_normal,2024,6,202.7,16.6
case1_0130,bangkok_normal,2024,7,219.0,16.6
case1_0130,bangkok_normal,2024,8,196.7,17.4
case1_0130,bangkok_normal,2024,9,210.1,18.2
case1_0130,bangkok_normal,2024,10,183.1,18.2
case1_0130,bangkok_normal,2024,11,191.4,15.3
case1_0130,bangkok_normal,2024,12,156.2,16.8
case1_0130,bangkok_normal,2025,1,169.1,16.1
case1_0130,bangkok_normal,2025,2,194.7,15.3
case1_0130,bangkok_normal,2025,3,187.1,19.6
case1_0130,bangkok_normal,2025,4,261.0,21.9
case1_0130,bangkok_normal,2025,5,240.4,19.9
case1_0130,bangkok_normal,2025,6,234.6,19.5
case1_0130,bangkok_normal,2025,7,220.7,19.2
case1_0130,bangkok_normal,2025,8,187.1,20.2
case1_0130,bangkok_normal,2025,9,165.6,19.0
case1_0130,bangkok_normal,2025,10,183.7,15.3
case1_0130,bangkok_normal,2025,11,171.3,19.6
case1_0130,bangkok_normal,2025,12,157.9,18.4
case1_0130,bangkok_normal,2026,1,152.2,16.1
case1_0130,bangkok_normal,2026,2,199.7,15.4
case1_0130,bangkok_normal,2026,3,226.9,18.4
case1_0130,bangkok_normal,2026,4,251.1,20.8
case1_0130,bangkok_normal,2026,5,225.5,21.6
case1_0130,bangkok_normal,2026,6,213.5,22.0
case1_0130,bangkok_normal,2026,7,218.8,19.3
case1_0130,bangkok_normal,2026,8,195.2,17.5
case1_0131,bangkok_normal,2024,3,157.6,13.2
case1_0131,bangkok_normal,2024,4,154.4,15.5
case1_0131,bangkok_normal,2024,5,159.8,17.2
case1_0131,bangkok_normal,2024,6,163.6,16.6
case1_0131,bangkok_normal,2024,7,156.3,15.3
case1_0131,bangkok_normal,2024,8,134.1,14.0
case1_0131,bangkok_normal,2024,9,116.5,13.6
case1_0131,bangkok_normal,2024,10,124.7,12.3
case1_0131,bangkok_normal,2024,11,132.9,11.1
case1_0131,bangkok_normal,2024,12,112.3,10.6
case1_0131,bangkok_normal,2025,1,107.4,10.3
case1_0131,bangkok_normal,2025,2,136.6,11.0
case1_0131,bangkok_normal,2025,3,180.6,10.3
case1_0131,bangkok_normal,2025,4,189.7,12.1
case1_0131,bangkok_normal,2025,5,148.7,12.1
case1_0131,bangkok_normal,2025,6,154.3,10.8
case1_0131,bangkok_normal,2025,7,175.1,11.2
case1_0131,bangkok_normal,2025,8,133.8,11.4
case1_0131,bangkok_normal,2025,9,132.7,11.0
case1_0131,bangkok_normal,2025,10,127.5,12.6
case1_0131,bangkok_normal,2025,11,129.1,9.9
case1_0131,bangkok_normal,2025,12,110.1,8.6
case1_0131,bangkok_normal,2026,1,125.2,10.6
case1_0131,bangkok_normal,2026,2,141.4,12.0
case1_0131,bangkok_normal,2026,3,180.5,13.3
case1_0131,bangkok_normal,2026,4,185.6,13.0
case1_0131,bangkok_normal,2026,5,169.9,12.1
case1_0131,bangkok_normal,2026,6,148.1,12.7
case1_0131,bangkok_normal,2026,7,120.0,12.2
case1_0131,bangkok_normal,2026,8,140.3,14.4
case1_0132,bangkok_normal,2024,3,425.3,18.5
case1_0132,bangkok_normal,2024,4,409.8,22.1
case1_0132,bangkok_normal,2024,5,401.3,22.8
case1_0132,bangkok_normal,2024,6,371.5,19.5
case1_0132,bangkok_normal,2024,7,350.4,19.5
case1_0132,bangkok_normal,2024,8,328.2,16.9
case1_0132,bangkok_normal,2024,9,302.7,16.5
case1_0132,bangkok_normal,2024,10,288.7,18.1
case1_0132,bangkok_normal,2024,11,264.7,18.4
case1_0132,bangkok_normal,2024,12,236.5,15.9
case1_0132,bangkok_normal,2025,1,289.5,16.1
case1_0132,bangkok_normal,2025,2,342.1,16.4
case1_0132,bangkok_normal,2025,3,368.5,20.1
case1_0132,bangkok_normal,2025,4,426.6,17.1
case1_0132,bangkok_normal,2025,5,352.8,17.6
case1_0132,bangkok_normal,2025,6,326.2,15.6
case1_0132,bangkok_normal,2025,7,341.9,19.2
case1_0132,bangkok_normal,2025,8,358.7,16.0
case1_0132,bangkok_normal,2025,9,282.6,18.2
case1_0132,bangkok_normal,2025,10,265.3,21.7
case1_0132,bangkok_normal,2025,11,328.5,22.8
case1_0132,bangkok_normal,2025,12,245.8,16.1
case1_0132,bangkok_normal,2026,1,285.6,18.2
case1_0132,bangkok_normal,2026,2,310.8,17.6
case1_0132,bangkok_normal,2026,3,353.2,17.6
case1_0132,bangkok_normal,2026,4,376.2,20.4
case1_0132,bangkok_normal,2026,5,399.6,23.5
case1_0132,bangkok_normal,2026,6,388.8,22.5
case1_0132,bangkok_normal,2026,7,297.6,19.4
case1_0132,bangkok_normal,2026,8,289.8,21.2
case1_0133,bangkok_normal,2024,3,491.8,37.1
case1_0133,bangkok_normal,2024,4,591.5,35.1
case1_0133,bangkok_normal,2024,5,562.7,31.5
case1_0133,bangkok_normal,2024,6,513.7,33.0
case1_0133,bangkok_normal,2024,7,475.7,38.2
case1_0133,bangkok_normal,2024,8,468.1,35.7
case1_0133,bangkok_normal,2024,9,462.2,38.7
case1_0133,bangkok_normal,2024,10,436.4,32.4
case1_0133,bangkok_normal,2024,11,407.2,36.2
case1_0133,bangkok_normal,2024,12,356.4,30.4
case1_0133,bangkok_normal,2025,1,388.1,32.3
case1_0133,bangkok_normal,2025,2,416.3,34.7
case1_0133,bangkok_normal,2025,3,491.1,38.4
case1_0133,bangkok_normal,2025,4,620.6,39.4
case1_0133,bangkok_normal,2025,5,498.5,35.2
case1_0133,bangkok_normal,2025,6,562.7,38.7
case1_0133,bangkok_normal,2025,7,416.6,42.1
case1_0133,bangkok_normal,2025,8,413.3,35.3
case1_0133,bangkok_normal,2025,9,366.2,28.6
case1_0133,bangkok_normal,2025,10,465.2,34.3
case1_0133,bangkok_normal,2025,11,388.7,33.3
case1_0133,bangkok_normal,2025,12,306.9,35.6
case1_0133,bangkok_normal,2026,1,316.1,38.7
case1_0133,bangkok_normal,2026,2,396.5,38.1
case1_0133,bangkok_normal,2026,3,449.0,40.1
case1_0133,bangkok_normal,2026,4,511.2,42.8
case1_0133,bangkok_normal,2026,5,329.4,49.0
case1_0133,bangkok_normal,2026,6,411.8,43.7
case1_0133,bangkok_normal,2026,7,411.9,36.8
case1_0133,bangkok_normal,2026,8,446.3,34.9
case1_0134,bangkok_normal,2024,3,650.6,17.5
case1_0134,bangkok_normal,2024,4,880.2,16.0
case1_0134,bangkok_normal,2024,5,894.8,16.2
case1_0134,bangkok_normal,2024,6,754.6,16.0
case1_0134,bangkok_normal,2024,7,731.8,15.2
case1_0134,bangkok_normal,2024,8,712.1,16.9
case1_0134,bangkok_normal,2024,9,696.7,16.8
case1_0134,bangkok_normal,2024,10,683.0,17.5
case1_0134,bangkok_normal,2024,11,483.4,15.4
case1_0134,bangkok_normal,2024,12,475.1,16.2
case1_0134,bangkok_normal,2025,1,555.1,13.2
case1_0134,bangkok_normal,2025,2,634.0,13.0
case1_0134,bangkok_normal,2025,3,762.9,13.6
case1_0134,bangkok_normal,2025,4,930.7,16.2
case1_0134,bangkok_normal,2025,5,863.8,18.4
case1_0134,bangkok_normal,2025,6,885.7,15.8
case1_0134,bangkok_normal,2025,7,827.7,14.9
case1_0134,bangkok_normal,2025,8,721.7,15.0
case1_0134,bangkok_normal,2025,9,651.3,16.0
case1_0134,bangkok_normal,2025,10,462.0,14.6
case1_0134,bangkok_normal,2025,11,555.6,14.1
case1_0134,bangkok_normal,2025,12,439.0,12.2
case1_0134,bangkok_normal,2026,1,530.1,13.0
case1_0134,bangkok_normal,2026,2,662.2,16.4
case1_0134,bangkok_normal,2026,3,823.6,16.5
case1_0134,bangkok_normal,2026,4,1008.0,15.7
case1_0134,bangkok_normal,2026,5,880.0,18.1
case1_0134,bangkok_normal,2026,6,949.7,15.5
case1_0134,bangkok_normal,2026,7,786.6,17.5
case1_0134,bangkok_normal,2026,8,632.1,18.0
case1_0135,bangkok_normal,2024,3,489.8,15.8
case1_0135,bangkok_normal,2024,4,502.1,18.9
case1_0135,bangkok_normal,2024,5,439.4,17.1
case1_0135,bangkok_normal,2024,6,438.8,16.9
case1_0135,bangkok_normal,2024,7,410.9,18.5
case1_0135,bangkok_normal,2024,8,420.8,16.4
case1_0135,bangkok_normal,2024,9,337.6,15.0
case1_0135,bangkok_normal,2024,10,341.3,17.8
case1_0135,bangkok_normal,2024,11,293.0,16.5
case1_0135,bangkok_normal,2024,12,282.9,16.8
case1_0135,bangkok_normal,2025,1,287.0,14.7
case1_0135,bangkok_normal,2025,2,353.7,18.1
case1_0135,bangkok_normal,2025,3,400.5,18.0
case1_0135,bangkok_normal,2025,4,444.6,18.8
case1_0135,bangkok_normal,2025,5,400.4,18.1
case1_0135,bangkok_normal,2025,6,422.2,16.3
case1_0135,bangkok_normal,2025,7,435.0,16.4
case1_0135,bangkok_normal,2025,8,363.2,15.6
case1_0135,bangkok_normal,2025,9,361.6,17.3
case1_0135,bangkok_normal,2025,10,352.3,16.0
case1_0135,bangkok_normal,2025,11,333.9,13.6
case1_0135,bangkok_normal,2025,12,236.1,12.0
case1_0135,bangkok_normal,2026,1,237.9,11.8
case1_0135,bangkok_normal,2026,2,301.5,15.9
case1_0135,bangkok_normal,2026,3,306.0,15.1
case1_0135,bangkok_normal,2026,4,485.2,17.7
case1_0135,bangkok_normal,2026,5,464.6,17.7
case1_0135,bangkok_normal,2026,6,408.8,16.9
case1_0135,bangkok_normal,2026,7,299.5,17.2
case1_0135,bangkok_normal,2026,8,279.9,16.8
case1_0136,bangkok_normal,2024,3,835.8,11.6
case1_0136,bangkok_normal,2024,4,1056.0,13.1
case1_0136,bangkok_normal,2024,5,1048.7,11.5
case1_0136,bangkok_normal,2024,6,734.1,13.5
case1_0136,bangkok_normal,2024,7,690.1,13.5
case1_0136,bangkok_normal,2024,8,587.0,12.6
case1_0136,bangkok_normal,2024,9,720.1,12.3
case1_0136,bangkok_normal,2024,10,711.7,13.2
case1_0136,bangkok_normal,2024,11,661.8,11.2
case1_0136,bangkok_normal,2024,12,532.5,11.5
case1_0136,bangkok_normal,2025,1,605.4,12.5
case1_0136,bangkok_normal,2025,2,735.1,10.5
case1_0136,bangkok_normal,2025,3,854.6,13.3
case1_0136,bangkok_normal,2025,4,905.6,11.6
case1_0136,bangkok_normal,2025,5,790.5,12.7
case1_0136,bangkok_normal,2025,6,774.1,11.3
case1_0136,bangkok_normal,2025,7,736.2,13.9
case1_0136,bangkok_normal,2025,8,653.6,11.5
case1_0136,bangkok_normal,2025,9,585.8,10.1
case1_0136,bangkok_normal,2025,10,638.7,11.6
case1_0136,bangkok_normal,2025,11,674.7,11.4
case1_0136,bangkok_normal,2025,12,464.7,9.6
case1_0136,bangkok_normal,2026,1,472.3,11.6
case1_0136,bangkok_normal,2026,2,597.4,9.9
case1_0136,bangkok_normal,2026,3,714.5,10.9
case1_0136,bangkok_normal,2026,4,736.9,12.1
case1_0136,bangkok_normal,2026,5,854.5,13.9
case1_0136,bangkok_normal,2026,6,724.3,14.6
case1_0136,bangkok_normal,2026,7,663.3,14.3
case1_0136,bangkok_normal,2026,8,707.1,12.7
case1_0137,bangkok_normal,2024,3,216.8,13.3
case1_0137,bangkok_normal,2024,4,210.3,13.2
case1_0137,bangkok_normal,2024,5,206.1,14.3
case1_0137,bangkok_normal,2024,6,236.4,12.1
case1_0137,bangkok_normal,2024,7,172.5,10.8
case1_0137,bangkok_normal,2024,8,157.7,12.9
case1_0137,bangkok_normal,2024,9,179.1,10.8
case1_0137,bangkok_normal,2024,10,160.0,10.6
case1_0137,bangkok_normal,2024,11,141.3,11.4
case1_0137,bangkok_normal,2024,12,148.2,9.2
case1_0137,bangkok_normal,2025,1,148.5,10.7
case1_0137,bangkok_normal,2025,2,163.2,11.7
case1_0137,bangkok_normal,2025,3,170.7,13.2
case1_0137,bangkok_normal,2025,4,251.6,13.6
case1_0137,bangkok_normal,2025,5,217.3,13.8
case1_0137,bangkok_normal,2025,6,275.4,12.0
case1_0137,bangkok_normal,2025,7,251.6,10.4
case1_0137,bangkok_normal,2025,8,212.7,13.1
case1_0137,bangkok_normal,2025,9,190.7,9.9
case1_0137,bangkok_normal,2025,10,217.4,9.0
case1_0137,bangkok_normal,2025,11,222.8,10.8
case1_0137,bangkok_normal,2025,12,137.6,11.8
case1_0137,bangkok_normal,2026,1,165.0,11.0
case1_0137,bangkok_normal,2026,2,193.6,12.2
case1_0137,bangkok_normal,2026,3,204.0,9.7
case1_0137,bangkok_normal,2026,4,254.1,10.9
case1_0137,bangkok_normal,2026,5,213.0,9.4
case1_0137,bangkok_normal,2026,6,204.0,11.6
case1_0137,bangkok_normal,2026,7,185.6,9.6
case1_0137,bangkok_normal,2026,8,183.8,9.3
case1_0138,bangkok_normal,2024,3,178.1,23.2
case1_0138,bangkok_normal,2024,4,215.4,25.4
case1_0138,bangkok_normal,2024,5,211.3,24.8
case1_0138,bangkok_normal,2024,6,181.4,19.3
case1_0138,bangkok_normal,2024,7,151.9,21.9
case1_0138,bangkok_normal,2024,8,168.8,22.0
case1_0138,bangkok_normal,2024,9,165.8,17.5
case1_0138,bangkok_normal,2024,10,166.8,15.4
case1_0138,bangkok_normal,2024,11,157.8,20.7
case1_0138,bangkok_normal,2024,12,113.0,19.1
case1_0138,bangkok_normal,2025,1,134.6,17.1
case1_0138,bangkok_normal,2025,2,158.4,19.6
case1_0138,bangkok_normal,2025,3,175.8,18.3
case1_0138,bangkok_normal,2025,4,199.8,18.9
case1_0138,bangkok_normal,2025,5,185.5,16.0
case1_0138,bangkok_normal,2025,6,195.6,20.7
case1_0138,bangkok_normal,2025,7,152.2,20.3
case1_0138,bangkok_normal,2025,8,145.9,17.9
case1_0138,bangkok_normal,2025,9,146.9,17.1
case1_0138,bangkok_normal,2025,10,173.6,17.9
case1_0138,bangkok_normal,2025,11,172.2,15.6
case1_0138,bangkok_normal,2025,12,112.1,16.6
case1_0138,bangkok_normal,2026,1,144.1,14.7
case1_0138,bangkok_normal,2026,2,184.0,17.1
case1_0138,bangkok_normal,2026,3,174.4,16.6
case1_0138,bangkok_normal,2026,4,156.5,17.1
case1_0138,bangkok_normal,2026,5,187.0,22.0
case1_0138,bangkok_normal,2026,6,202.5,19.9
case1_0138,bangkok_normal,2026,7,205.8,19.4
case1_0138,bangkok_normal,2026,8,165.1,15.3
case1_0139,bangkok_normal,2024,3,385.6,11.3
case1_0139,bangkok_normal,2024,4,342.6,11.5
case1_0139,bangkok_normal,2024,5,395.9,11.7
case1_0139,bangkok_normal,2024,6,385.5,10.7
case1_0139,bangkok_normal,2024,7,396.7,10.3
case1_0139,bangkok_normal,2024,8,332.7,11.2
case1_0139,bangkok_normal,2024,9,249.5,11.0
case1_0139,bangkok_normal,2024,10,259.9,12.8
case1_0139,bangkok_normal,2024,11,257.9,11.6
case1_0139,bangkok_normal,2024,12,260.6,11.4
case1_0139,bangkok_normal,2025,1,197.5,9.4
case1_0139,bangkok_normal,2025,2,280.3,10.9
case1_0139,bangkok_normal,2025,3,409.2,10.5
case1_0139,bangkok_normal,2025,4,433.5,11.9
case1_0139,bangkok_normal,2025,5,443.5,12.3
case1_0139,bangkok_normal,2025,6,322.7,11.3
case1_0139,bangkok_normal,2025,7,279.0,13.3
case1_0139,bangkok_normal,2025,8,361.4,12.8
case1_0139,bangkok_normal,2025,9,325.2,12.2
case1_0139,bangkok_normal,2025,10,310.4,11.6
case1_0139,bangkok_normal,2025,11,268.9,12.3
case1_0139,bangkok_normal,2025,12,244.7,8.9
case1_0139,bangkok_normal,2026,1,229.3,10.8
case1_0139,bangkok_normal,2026,2,336.8,9.6
case1_0139,bangkok_normal,2026,3,468.7,10.0
case1_0139,bangkok_normal,2026,4,467.2,11.6
case1_0139,bangkok_normal,2026,5,389.4,16.3
case1_0139,bangkok_normal,2026,6,273.3,12.9
case1_0139,bangkok_normal,2026,7,259.2,12.6
case1_0139,bangkok_normal,2026,8,354.3,13.2
case1_0140,bangkok_normal,2024,3,613.2,14.9
case1_0140,bangkok_normal,2024,4,595.3,15.2
case1_0140,bangkok_normal,2024,5,489.9,15.5
case1_0140,bangkok_normal,2024,6,400.2,15.2
case1_0140,bangkok_normal,2024,7,399.9,18.0
case1_0140,bangkok_normal,2024,8,371.6,15.5
case1_0140,bangkok_normal,2024,9,397.7,15.5
case1_0140,bangkok_normal,2024,10,398.6,14.2
case1_0140,bangkok_normal,2024,11,363.2,13.7
case1_0140,bangkok_normal,2024,12,369.8,11.4
case1_0140,bangkok_normal,2025,1,320.1,11.2
case1_0140,bangkok_normal,2025,2,386.0,12.3
case1_0140,bangkok_normal,2025,3,485.0,15.1
case1_0140,bangkok_normal,2025,4,573.0,17.9
case1_0140,bangkok_normal,2025,5,578.0,13.8
case1_0140,bangkok_normal,2025,6,498.3,14.1
case1_0140,bangkok_normal,2025,7,482.0,12.8
case1_0140,bangkok_normal,2025,8,405.0,14.0
case1_0140,bangkok_normal,2025,9,422.3,15.9
case1_0140,bangkok_normal,2025,10,420.5,14.3
case1_0140,bangkok_normal,2025,11,438.5,14.3
case1_0140,bangkok_normal,2025,12,278.5,15.6
case1_0140,bangkok_normal,2026,1,285.3,15.0
case1_0140,bangkok_normal,2026,2,406.9,14.0
case1_0140,bangkok_normal,2026,3,347.1,15.4
case1_0140,bangkok_normal,2026,4,504.2,14.9
case1_0140,bangkok_normal,2026,5,545.4,16.2
case1_0140,bangkok_normal,2026,6,443.8,16.2
case1_0140,bangkok_normal,2026,7,404.7,13.3
case1_0140,bangkok_normal,2026,8,364.8,14.6
case1_0141,bangkok_normal,2024,3,413.3,13.7
case1_0141,bangkok_normal,2024,4,463.8,15.4
case1_0141,bangkok_normal,2024,5,414.9,14.9
case1_0141,bangkok_normal,2024,6,415.7,13.1
case1_0141,bangkok_normal,2024,7,336.6,11.8
case1_0141,bangkok_normal,2024,8,297.2,12.6
case1_0141,bangkok_normal,2024,9,212.9,12.9
case1_0141,bangkok_normal,2024,10,281.1,12.8
case1_0141,bangkok_normal,2024,11,276.3,12.4
case1_0141,bangkok_normal,2024,12,261.3,10.7
case1_0141,bangkok_normal,2025,1,219.8,12.2
case1_0141,bangkok_normal,2025,2,287.5,13.4
case1_0141,bangkok_normal,2025,3,385.2,14.0
case1_0141,bangkok_normal,2025,4,390.9,14.5
case1_0141,bangkok_normal,2025,5,421.2,16.4
case1_0141,bangkok_normal,2025,6,362.2,13.5
case1_0141,bangkok_normal,2025,7,349.4,15.0
case1_0141,bangkok_normal,2025,8,363.3,12.8
case1_0141,bangkok_normal,2025,9,359.8,14.3
case1_0141,bangkok_normal,2025,10,327.9,14.8
case1_0141,bangkok_normal,2025,11,289.6,13.1
case1_0141,bangkok_normal,2025,12,242.8,14.3
case1_0141,bangkok_normal,2026,1,280.5,13.6
case1_0141,bangkok_normal,2026,2,297.2,12.5
case1_0141,bangkok_normal,2026,3,364.1,13.2
case1_0141,bangkok_normal,2026,4,409.3,16.0
case1_0141,bangkok_normal,2026,5,405.1,16.2
case1_0141,bangkok_normal,2026,6,340.5,13.1
case1_0141,bangkok_normal,2026,7,280.9,13.3
case1_0141,bangkok_normal,2026,8,340.0,13.8
case1_0142,bangkok_normal,2024,3,156.5,20.4
case1_0142,bangkok_normal,2024,4,173.4,13.9
case1_0142,bangkok_normal,2024,5,185.9,16.6
case1_0142,bangkok_normal,2024,6,152.4,17.6
case1_0142,bangkok_normal,2024,7,155.9,16.5
case1_0142,bangkok_normal,2024,8,120.0,18.8
case1_0142,bangkok_normal,2024,9,119.1,19.6
case1_0142,bangkok_normal,2024,10,135.0,15.5
case1_0142,bangkok_normal,2024,11,144.6,20.0
case1_0142,bangkok_normal,2024,12,100.8,14.8
case1_0142,bangkok_normal,2025,1,97.2,17.9
case1_0142,bangkok_normal,2025,2,132.4,18.0
case1_0142,bangkok_normal,2025,3,143.0,17.6
case1_0142,bangkok_normal,2025,4,163.6,18.1
case1_0142,bangkok_normal,2025,5,176.1,18.5
case1_0142,bangkok_normal,2025,6,145.6,18.4
case1_0142,bangkok_normal,2025,7,112.5,16.3
case1_0142,bangkok_normal,2025,8,111.0,16.7
case1_0142,bangkok_normal,2025,9,120.9,15.7
case1_0142,bangkok_normal,2025,10,99.7,14.6
case1_0142,bangkok_normal,2025,11,111.0,14.9
case1_0142,bangkok_normal,2025,12,85.4,13.7
case1_0142,bangkok_normal,2026,1,116.8,14.8
case1_0142,bangkok_normal,2026,2,157.3,17.4
case1_0142,bangkok_normal,2026,3,144.2,18.4
case1_0142,bangkok_normal,2026,4,170.7,22.6
case1_0142,bangkok_normal,2026,5,147.8,15.8
case1_0142,bangkok_normal,2026,6,139.7,18.0
case1_0142,bangkok_normal,2026,7,159.4,17.6
case1_0142,bangkok_normal,2026,8,134.1,18.8
case1_0143,bangkok_normal,2024,3,380.3,17.2
case1_0143,bangkok_normal,2024,4,396.5,16.7
case1_0143,bangkok_normal,2024,5,426.2,18.3
case1_0143,bangkok_normal,2024,6,313.1,17.0
case1_0143,bangkok_normal,2024,7,360.1,18.7
case1_0143,bangkok_normal,2024,8,344.0,17.1
case1_0143,bangkok_normal,2024,9,308.3,15.1
case1_0143,bangkok_normal,2024,10,302.2,13.3
case1_0143,bangkok_normal,2024,11,300.9,15.1
case1_0143,bangkok_normal,2024,12,289.0,13.3
case1_0143,bangkok_normal,2025,1,362.0,13.0
case1_0143,bangkok_normal,2025,2,397.2,16.5
case1_0143,bangkok_normal,2025,3,386.7,14.5
case1_0143,bangkok_normal,2025,4,461.3,19.8
case1_0143,bangkok_normal,2025,5,454.1,18.8
case1_0143,bangkok_normal,2025,6,359.9,17.6
case1_0143,bangkok_normal,2025,7,309.3,15.4
case1_0143,bangkok_normal,2025,8,333.0,17.6
case1_0143,bangkok_normal,2025,9,350.5,16.8
case1_0143,bangkok_normal,2025,10,276.9,15.4
case1_0143,bangkok_normal,2025,11,281.1,16.3
case1_0143,bangkok_normal,2025,12,270.3,13.0
case1_0143,bangkok_normal,2026,1,278.2,12.4
case1_0143,bangkok_normal,2026,2,378.7,13.8
case1_0143,bangkok_normal,2026,3,354.0,17.1
case1_0143,bangkok_normal,2026,4,530.0,18.2
case1_0143,bangkok_normal,2026,5,390.6,19.8
case1_0143,bangkok_normal,2026,6,306.1,16.4
case1_0143,bangkok_normal,2026,7,340.8,17.7
case1_0143,bangkok_normal,2026,8,310.9,16.9
case1_0144,bangkok_normal,2024,3,214.3,18.2
case1_0144,bangkok_normal,2024,4,228.6,22.2
case1_0144,bangkok_normal,2024,5,231.1,20.8
case1_0144,bangkok_normal,2024,6,210.5,20.7
case1_0144,bangkok_normal,2024,7,195.5,21.9
case1_0144,bangkok_normal,2024,8,184.5,19.2
case1_0144,bangkok_normal,2024,9,156.4,20.7
case1_0144,bangkok_normal,2024,10,169.4,20.3
case1_0144,bangkok_normal,2024,11,157.2,19.2
case1_0144,bangkok_normal,2024,12,126.0,18.3
case1_0144,bangkok_normal,2025,1,140.1,19.1
case1_0144,bangkok_normal,2025,2,188.7,19.1
case1_0144,bangkok_normal,2025,3,216.5,21.5
case1_0144,bangkok_normal,2025,4,227.1,22.3
case1_0144,bangkok_normal,2025,5,212.7,21.1
case1_0144,bangkok_normal,2025,6,216.5,24.8
case1_0144,bangkok_normal,2025,7,151.8,23.1
case1_0144,bangkok_normal,2025,8,189.9,20.9
case1_0144,bangkok_normal,2025,9,145.4,20.9
case1_0144,bangkok_normal,2025,10,138.5,18.5
case1_0144,bangkok_normal,2025,11,149.7,18.9
case1_0144,bangkok_normal,2025,12,164.2,18.3
case1_0144,bangkok_normal,2026,1,175.6,16.9
case1_0144,bangkok_normal,2026,2,197.1,20.5
case1_0144,bangkok_normal,2026,3,218.5,20.6
case1_0144,bangkok_normal,2026,4,194.3,21.6
case1_0144,bangkok_normal,2026,5,214.4,20.8
case1_0144,bangkok_normal,2026,6,189.6,27.3
case1_0144,bangkok_normal,2026,7,170.1,21.4
case1_0144,bangkok_normal,2026,8,179.9,16.8
case1_0145,bangkok_normal,2024,3,590.0,13.0
case1_0145,bangkok_normal,2024,4,574.6,12.5
case1_0145,bangkok_normal,2024,5,631.9,14.1
case1_0145,bangkok_normal,2024,6,571.1,12.5
case1_0145,bangkok_normal,2024,7,487.0,13.2
case1_0145,bangkok_normal,2024,8,455.3,11.0
case1_0145,bangkok_normal,2024,9,440.8,9.6
case1_0145,bangkok_normal,2024,10,457.3,11.0
case1_0145,bangkok_normal,2024,11,438.6,9.8
case1_0145,bangkok_normal,2024,12,328.0,12.3
case1_0145,bangkok_normal,2025,1,344.7,10.0
case1_0145,bangkok_normal,2025,2,504.0,10.4
case1_0145,bangkok_normal,2025,3,537.0,12.6
case1_0145,bangkok_normal,2025,4,621.8,12.4
case1_0145,bangkok_normal,2025,5,585.1,10.9
case1_0145,bangkok_normal,2025,6,517.2,14.3
case1_0145,bangkok_normal,2025,7,469.3,11.6
case1_0145,bangkok_normal,2025,8,484.0,11.6
case1_0145,bangkok_normal,2025,9,455.1,11.4
case1_0145,bangkok_normal,2025,10,422.2,12.3
case1_0145,bangkok_normal,2025,11,372.8,12.3
case1_0145,bangkok_normal,2025,12,334.2,10.3
case1_0145,bangkok_normal,2026,1,338.5,10.5
case1_0145,bangkok_normal,2026,2,394.7,11.2
case1_0145,bangkok_normal,2026,3,591.3,13.0
case1_0145,bangkok_normal,2026,4,496.1,11.6
case1_0145,bangkok_normal,2026,5,549.9,14.7
case1_0145,bangkok_normal,2026,6,439.7,11.9
case1_0145,bangkok_normal,2026,7,433.0,11.7
case1_0145,bangkok_normal,2026,8,524.0,10.4
case1_0146,bangkok_normal,2024,3,414.6,16.6
case1_0146,bangkok_normal,2024,4,481.2,15.4
case1_0146,bangkok_normal,2024,5,439.8,12.8
case1_0146,bangkok_normal,2024,6,467.0,12.6
case1_0146,bangkok_normal,2024,7,393.6,11.2
case1_0146,bangkok_normal,2024,8,364.9,13.8
case1_0146,bangkok_normal,2024,9,356.1,12.2
case1_0146,bangkok_normal,2024,10,396.7,13.2
case1_0146,bangkok_normal,2024,11,377.7,14.7
case1_0146,bangkok_normal,2024,12,303.1,12.2
case1_0146,bangkok_normal,2025,1,270.4,12.3
case1_0146,bangkok_normal,2025,2,319.9,11.7
case1_0146,bangkok_normal,2025,3,365.9,13.2
case1_0146,bangkok_normal,2025,4,532.8,18.3
case1_0146,bangkok_normal,2025,5,511.6,16.8
case1_0146,bangkok_normal,2025,6,408.6,18.5
case1_0146,bangkok_normal,2025,7,375.5,16.8
case1_0146,bangkok_normal,2025,8,352.5,17.3
case1_0146,bangkok_normal,2025,9,325.5,17.4
case1_0146,bangkok_normal,2025,10,358.4,16.5
case1_0146,bangkok_normal,2025,11,339.6,17.7
case1_0146,bangkok_normal,2025,12,345.9,14.9
case1_0146,bangkok_normal,2026,1,353.8,14.5
case1_0146,bangkok_normal,2026,2,425.9,17.4
case1_0146,bangkok_normal,2026,3,471.6,16.3
case1_0146,bangkok_normal,2026,4,474.1,19.9
case1_0146,bangkok_normal,2026,5,483.7,19.1
case1_0146,bangkok_normal,2026,6,410.9,15.2
case1_0146,bangkok_normal,2026,7,447.4,17.2
case1_0146,bangkok_normal,2026,8,408.0,14.7
case1_0147,bangkok_normal,2024,3,229.3,8.9
case1_0147,bangkok_normal,2024,4,224.9,10.6
case1_0147,bangkok_normal,2024,5,240.9,12.8
case1_0147,bangkok_normal,2024,6,215.9,11.2
case1_0147,bangkok_normal,2024,7,270.2,11.3
case1_0147,bangkok_normal,2024,8,242.0,13.0
case1_0147,bangkok_normal,2024,9,242.1,11.4
case1_0147,bangkok_normal,2024,10,278.0,9.7
case1_0147,bangkok_normal,2024,11,268.7,9.3
case1_0147,bangkok_normal,2024,12,227.2,9.2
case1_0147,bangkok_normal,2025,1,262.9,8.9
case1_0147,bangkok_normal,2025,2,305.5,9.3
case1_0147,bangkok_normal,2025,3,310.0,11.3
case1_0147,bangkok_normal,2025,4,433.3,12.3
case1_0147,bangkok_normal,2025,5,374.7,9.5
case1_0147,bangkok_normal,2025,6,326.0,9.3
case1_0147,bangkok_normal,2025,7,228.1,9.4
case1_0147,bangkok_normal,2025,8,301.7,10.4
case1_0147,bangkok_normal,2025,9,292.2,11.0
case1_0147,bangkok_normal,2025,10,285.8,12.5
case1_0147,bangkok_normal,2025,11,269.0,10.0
case1_0147,bangkok_normal,2025,12,218.5,8.8
case1_0147,bangkok_normal,2026,1,229.9,9.6
case1_0147,bangkok_normal,2026,2,302.2,9.1
case1_0147,bangkok_normal,2026,3,368.8,11.7
case1_0147,bangkok_normal,2026,4,390.9,11.9
case1_0147,bangkok_normal,2026,5,412.4,9.1
case1_0147,bangkok_normal,2026,6,353.5,11.1
case1_0147,bangkok_normal,2026,7,310.5,11.1
case1_0147,bangkok_normal,2026,8,317.5,12.7
case1_0148,bangkok_normal,2024,3,300.9,12.7
case1_0148,bangkok_normal,2024,4,277.2,13.1
case1_0148,bangkok_normal,2024,5,277.3,11.3
case1_0148,bangkok_normal,2024,6,310.8,12.5
case1_0148,bangkok_normal,2024,7,281.8,13.6
case1_0148,bangkok_normal,2024,8,302.6,14.1
case1_0148,bangkok_normal,2024,9,220.4,13.1
case1_0148,bangkok_normal,2024,10,236.8,13.8
case1_0148,bangkok_normal,2024,11,234.3,13.7
case1_0148,bangkok_normal,2024,12,225.1,13.4
case1_0148,bangkok_normal,2025,1,237.0,13.5
case1_0148,bangkok_normal,2025,2,286.3,15.0
case1_0148,bangkok_normal,2025,3,361.9,13.8
case1_0148,bangkok_normal,2025,4,355.4,12.3
case1_0148,bangkok_normal,2025,5,381.9,14.1
case1_0148,bangkok_normal,2025,6,290.1,14.4
case1_0148,bangkok_normal,2025,7,253.2,15.2
case1_0148,bangkok_normal,2025,8,289.8,15.1
case1_0148,bangkok_normal,2025,9,228.5,15.6
case1_0148,bangkok_normal,2025,10,259.0,14.1
case1_0148,bangkok_normal,2025,11,254.7,13.1
case1_0148,bangkok_normal,2025,12,232.6,10.4
case1_0148,bangkok_normal,2026,1,224.1,11.8
case1_0148,bangkok_normal,2026,2,267.0,11.9
case1_0148,bangkok_normal,2026,3,324.8,13.3
case1_0148,bangkok_normal,2026,4,333.0,14.0
case1_0148,bangkok_normal,2026,5,309.8,14.3
case1_0148,bangkok_normal,2026,6,315.0,13.3
case1_0148,bangkok_normal,2026,7,289.1,14.1
case1_0148,bangkok_normal,2026,8,269.3,9.8
case1_0149,bangkok_normal,2024,3,280.3,16.9
case1_0149,bangkok_normal,2024,4,291.3,17.4
case1_0149,bangkok_normal,2024,5,269.3,18.5
case1_0149,bangkok_normal,2024,6,255.4,16.5
case1_0149,bangkok_normal,2024,7,229.6,18.6
case1_0149,bangkok_normal,2024,8,204.2,18.6
case1_0149,bangkok_normal,2024,9,192.3,19.1
case1_0149,bangkok_normal,2024,10,175.0,15.6
case1_0149,bangkok_normal,2024,11,199.7,13.6
case1_0149,bangkok_normal,2024,12,166.0,14.9
case1_0149,bangkok_normal,2025,1,166.0,20.1
case1_0149,bangkok_normal,2025,2,194.0,20.2
case1_0149,bangkok_normal,2025,3,249.9,17.9
case1_0149,bangkok_normal,2025,4,298.1,19.5
case1_0149,bangkok_normal,2025,5,243.6,19.9
case1_0149,bangkok_normal,2025,6,207.3,16.0
case1_0149,bangkok_normal,2025,7,237.8,19.1
case1_0149,bangkok_normal,2025,8,149.7,17.5
case1_0149,bangkok_normal,2025,9,162.5,16.9
case1_0149,bangkok_normal,2025,10,179.5,16.8
case1_0149,bangkok_normal,2025,11,183.3,18.5
case1_0149,bangkok_normal,2025,12,144.3,15.2
case1_0149,bangkok_normal,2026,1,146.8,13.2
case1_0149,bangkok_normal,2026,2,199.6,16.6
case1_0149,bangkok_normal,2026,3,159.7,14.3
case1_0149,bangkok_normal,2026,4,193.7,17.1
case1_0149,bangkok_normal,2026,5,216.4,20.1
case1_0149,bangkok_normal,2026,6,184.9,19.4
case1_0149,bangkok_normal,2026,7,195.4,19.7
case1_0149,bangkok_normal,2026,8,175.7,19.0
