household_id,case,year,month,elec_units,water_units
case3_0000,upcountry_normal,2024,3,626.2,4.6
case3_0000,upcountry_normal,2024,4,719.8,5.3
case3_0000,upcountry_normal,2024,5,753.7,4.3
case3_0000,upcountry_normal,2024,6,614.7,4.6
case3_0000,upcountry_normal,2024,7,569.6,4.3
case3_0000,upcountry_normal,2024,8,521.1,4.6
case3_0000,upcountry_normal,2024,9,593.1,5.0
case3_0000,upcountry_normal,2024,10,528.6,4.0
case3_0000,upcountry_normal,2024,11,373.5,3.9
case3_0000,upcountry_normal,2024,12,376.6,4.4
case3_0000,upcountry_normal,2025,1,394.2,4.7
case3_0000,upcountry_normal,2025,2,389.2,4.1
case3_0000,upcountry_normal,2025,3,541.5,5.0
case3_0000,upcountry_normal,2025,4,743.7,5.4
case3_0000,upcountry_normal,2025,5,650.1,5.2
case3_0000,upcountry_normal,2025,6,631.8,4.8
case3_0000,upcountry_normal,2025,7,713.9,5.0
case3_0000,upcountry_normal,2025,8,664.6,5.1
case3_0000,upcountry_normal,2025,9,505.3,4.5
case3_0000,upcountry_normal,2025,10,595.7,4.7
case3_0000,upcountry_normal,2025,11,378.8,3.7
case3_0000,upcountry_normal,2025,12,455.5,3.6
case3_0000,upcountry_normal,2026,1,418.7,4.2
case3_0000,upcountry_normal,2026,2,440.2,4.1
case3_0000,upcountry_normal,2026,3,486.6,4.3
case3_0000,upcountry_normal,2026,4,645.7,5.2
case3_0000,upcountry_normal,2026,5,632.9,5.4
case3_0000,upcountry_normal,2026,6,615.6,5.1
case3_0000,upcountry_normal,2026,7,577.9,5.6
case3_0000,upcountry_normal,2026,8,557.6,4.7
case3_0001,upcountry_normal,2024,3,250.0,4.2
case3_0001,upcountry_normal,2024,4,318.7,6.1
case3_0001,upcountry_normal,2024,5,258.6,5.1
case3_0001,upcountry_normal,2024,6,255.1,5.5
case3_0001,upcountry_normal,2024,7,273.2,5.8
case3_0001,upcountry_normal,2024,8,268.4,5.2
case3_0001,upcountry_normal,2024,9,314.5,5.3
case3_0001,upcountry_normal,2024,10,254.1,5.5
case3_0001,upcountry_normal,2024,11,237.8,4.0
case3_0001,upcountry_normal,2024,12,244.2,4.6
case3_0001,upcountry_normal,2025,1,239.8,4.9
case3_0001,upcountry_normal,2025,2,266.6,5.1
case3_0001,upcountry_normal,2025,3,265.0,5.0
case3_0001,upcountry_normal,2025,4,284.0,5.7
case3_0001,upcountry_normal,2025,5,262.7,5.2
case3_0001,upcountry_normal,2025,6,304.3,5.0
case3_0001,upcountry_normal,2025,7,295.6,4.7
case3_0001,upcountry_normal,2025,8,289.4,5.3
case3_0001,upcountry_normal,2025,9,282.0,5.2
case3_0001,upcountry_normal,2025,10,237.8,5.5
case3_0001,upcountry_normal,2025,11,242.1,3.7
case3_0001,upcountry_normal,2025,12,245.8,3.9
case3_0001,upcountry_normal,2026,1,271.6,4.5
case3_0001,upcountry_normal,2026,2,256.5,5.3
case3_0001,upcountry_normal,2026,3,252.9,5.0
case3_0001,upcountry_normal,2026,4,282.3,4.7
case3_0001,upcountry_normal,2026,5,335.1,5.0
case3_0001,upcountry_normal,2026,6,265.5,5.3
case3_0001,upcountry_normal,2026,7,237.7,5.8
case3_0001,upcountry_normal,2026,8,267.7,6.1
case3_0002,upcountry_normal,2024,3,383.5,5.7
case3_0002,upcountry_normal,2024,4,456.9,6.1
case3_0002,upcountry_normal,2024,5,436.8,6.5
case3_0002,upcountry_normal,2024,6,438.2,6.0
case3_0002,upcountry_normal,2024,7,380.7,5.2
case3_0002,upcountry_normal,2024,8,359.2,5.9
case3_0002,upcountry_normal,2024,9,365.9,5.3
case3_0002,upcountry_normal,2024,10,281.3,5.5
case3_0002,upcountry_normal,2024,11,179.0,5.4
case3_0002,upcountry_normal,2024,12,181.7,5.2
case3_0002,upcountry_normal,2025,1,225.1,5.4
case3_0002,upcountry_normal,2025,2,213.2,4.4
case3_0002,upcountry_normal,2025,3,321.7,4.9
case3_0002,upcountry_normal,2025,4,501.5,5.8
case3_0002,upcountry_normal,2025,5,413.4,5.0
case3_0002,upcountry_normal,2025,6,433.0,6.0
case3_0002,upcountry_normal,2025,7,343.6,6.2
case3_0002,upcountry_normal,2025,8,389.3,5.8
case3_0002,upcountry_normal,2025,9,354.5,5.6
case3_0002,upcountry_normal,2025,10,271.3,5.1
case3_0002,upcountry_normal,2025,11,191.3,4.1
case3_0002,upcountry_normal,2025,12,206.6,4.1
case3_0002,upcountry_normal,2026,1,203.3,4.3
case3_0002,upcountry_normal,2026,2,198.8,4.5
case3_0002,upcountry_normal,2026,3,300.0,4.9
case3_0002,upcountry_normal,2026,4,503.5,5.6
case3_0002,upcountry_normal,2026,5,373.5,4.8
case3_0002,upcountry_normal,2026,6,389.0,4.7
case3_0002,upcountry_normal,2026,7,475.1,5.1
case3_0002,upcountry_normal,2026,8,357.0,5.5
case3_0003,upcountry_normal,2024,3,529.3,5.9
case3_0003,upcountry_normal,2024,4,637.7,5.7
case3_0003,upcountry_normal,2024,5,611.8,6.3
case3_0003,upcountry_normal,2024,6,561.1,5.6
case3_0003,upcountry_normal,2024,7,548.8,6.2
case3_0003,upcountry_normal,2024,8,511.9,6.1
case3_0003,upcountry_normal,2024,9,432.4,5.9
case3_0003,upcountry_normal,2024,10,499.8,5.4
case3_0003,upcountry_normal,2024,11,371.7,4.8
case3_0003,upcountry_normal,2024,12,340.4,4.9
case3_0003,upcountry_normal,2025,1,389.5,3.8
case3_0003,upcountry_normal,2025,2,351.9,5.0
case3_0003,upcountry_normal,2025,3,504.9,5.5
case3_0003,upcountry_normal,2025,4,520.6,6.2
case3_0003,upcountry_normal,2025,5,523.1,5.5
case3_0003,upcountry_normal,2025,6,593.9,5.9
case3_0003,upcountry_normal,2025,7,614.6,5.5
case3_0003,upcountry_normal,2025,8,620.3,6.4
case3_0003,upcountry_normal,2025,9,581.8,5.1
case3_0003,upcountry_normal,2025,10,542.0,5.9
case3_0003,upcountry_normal,2025,11,339.0,4.7
case3_0003,upcountry_normal,2025,12,293.3,5.0
case3_0003,upcountry_normal,2026,1,248.2,4.8
case3_0003,upcountry_normal,2026,2,311.0,4.4
case3_0003,upcountry_normal,2026,3,435.6,4.3
case3_0003,upcountry_normal,2026,4,649.1,6.1
case3_0003,upcountry_normal,2026,5,562.6,5.0
case3_0003,upcountry_normal,2026,6,613.2,5.3
case3_0003,upcountry_normal,2026,7,458.6,6.3
case3_0003,upcountry_normal,2026,8,551.8,6.5
case3_0004,upcountry_normal,2024,3,418.6,9.9
case3_0004,upcountry_normal,2024,4,605.0,9.5
case3_0004,upcountry_normal,2024,5,531.8,10.0
case3_0004,upcountry_normal,2024,6,601.9,11.1
case3_0004,upcountry_normal,2024,7,543.8,9.1
case3_0004,upcountry_normal,2024,8,509.3,9.2
case3_0004,upcountry_normal,2024,9,459.5,10.3
case3_0004,upcountry_normal,2024,10,348.1,9.0
case3_0004,upcountry_normal,2024,11,218.6,7.9
case3_0004,upcountry_normal,2024,12,217.8,6.4
case3_0004,upcountry_normal,2025,1,269.1,8.7
case3_0004,upcountry_normal,2025,2,257.2,8.1
case3_0004,upcountry_normal,2025,3,452.1,7.9
case3_0004,upcountry_normal,2025,4,643.6,10.4
case3_0004,upcountry_normal,2025,5,612.7,9.5
case3_0004,upcountry_normal,2025,6,647.3,9.4
case3_0004,upcountry_normal,2025,7,591.1,8.8
case3_0004,upcountry_normal,2025,8,526.2,9.7
case3_0004,upcountry_normal,2025,9,479.2,9.7
case3_0004,upcountry_normal,2025,10,462.8,8.5
case3_0004,upcountry_normal,2025,11,221.4,7.8
case3_0004,upcountry_normal,2025,12,275.6,9.0
case3_0004,upcountry_normal,2026,1,247.8,8.3
case3_0004,upcountry_normal,2026,2,263.7,7.6
case3_0004,upcountry_normal,2026,3,430.0,9.8
case3_0004,upcountry_normal,2026,4,617.8,9.3
case3_0004,upcountry_normal,2026,5,574.9,9.4
case3_0004,upcountry_normal,2026,6,364.5,8.1
case3_0004,upcountry_normal,2026,7,416.8,8.0
case3_0004,upcountry_normal,2026,8,427.7,8.1
case3_0005,upcountry_normal,2024,3,349.4,24.7
case3_0005,upcountry_normal,2024,4,516.4,26.6
case3_0005,upcountry_normal,2024,5,472.1,25.6
case3_0005,upcountry_normal,2024,6,479.3,27.3
case3_0005,upcountry_normal,2024,7,405.1,27.2
case3_0005,upcountry_normal,2024,8,412.4,23.5
case3_0005,upcountry_normal,2024,9,383.9,28.7
case3_0005,upcountry_normal,2024,10,351.1,26.1
case3_0005,upcountry_normal,2024,11,304.4,19.9
case3_0005,upcountry_normal,2024,12,270.4,23.5
case3_0005,upcountry_normal,2025,1,286.6,20.9
case3_0005,upcountry_normal,2025,2,284.0,25.7
case3_0005,upcountry_normal,2025,3,334.5,29.1
case3_0005,upcountry_normal,2025,4,501.4,30.2
case3_0005,upcountry_normal,2025,5,526.9,33.6
case3_0005,upcountry_normal,2025,6,403.8,26.1
case3_0005,upcountry_normal,2025,7,388.1,26.5
case3_0005,upcountry_normal,2025,8,538.6,24.9
case3_0005,upcountry_normal,2025,9,434.5,22.5
case3_0005,upcountry_normal,2025,10,350.5,20.3
case3_0005,upcountry_normal,2025,11,250.3,23.0
case3_0005,upcountry_normal,2025,12,230.5,21.5
case3_0005,upcountry_normal,2026,1,247.6,19.5
case3_0005,upcountry_normal,2026,2,255.9,19.8
case3_0005,upcountry_normal,2026,3,370.6,30.4
case3_0005,upcountry_normal,2026,4,571.3,28.5
case3_0005,upcountry_normal,2026,5,583.5,24.7
case3_0005,upcountry_normal,2026,6,539.4,24.4
case3_0005,upcountry_normal,2026,7,433.5,27.3
case3_0005,upcountry_normal,2026,8,400.0,24.8
case3_0006,upcountry_normal,2024,3,202.2,8.4
case3_0006,upcountry_normal,2024,4,228.4,9.3
case3_0006,upcountry_normal,2024,5,261.5,7.5
case3_0006,upcountry_normal,2024,6,232.7,9.7
case3_0006,upcountry_normal,2024,7,224.3,8.9
case3_0006,upcountry_normal,2024,8,159.6,9.5
case3_0006,upcountry_normal,2024,9,212.9,9.4
case3_0006,upcountry_normal,2024,10,231.7,8.2
case3_0006,upcountry_normal,2024,11,181.5,8.0
case3_0006,upcountry_normal,2024,12,194.0,6.7
case3_0006,upcountry_normal,2025,1,169.8,6.9
case3_0006,upcountry_normal,2025,2,187.5,8.6
case3_0006,upcountry_normal,2025,3,219.1,8.2
case3_0006,upcountry_normal,2025,4,188.5,9.8
case3_0006,upcountry_normal,2025,5,242.1,9.5
case3_0006,upcountry_normal,2025,6,259.4,8.5
case3_0006,upcountry_normal,2025,7,229.8,10.1
case3_0006,upcountry_normal,2025,8,198.3,9.1
case3_0006,upcountry_normal,2025,9,208.8,9.4
case3_0006,upcountry_normal,2025,10,202.1,10.3
case3_0006,upcountry_normal,2025,11,201.5,7.1
case3_0006,upcountry_normal,2025,12,189.8,7.4
case3_0006,upcountry_normal,2026,1,184.9,8.2
case3_0006,upcountry_normal,2026,2,203.5,7.8
case3_0006,upcountry_normal,2026,3,229.9,9.5
case3_0006,upcountry_normal,2026,4,244.0,10.3
case3_0006,upcountry_normal,2026,5,218.7,9.7
case3_0006,upcountry_normal,2026,6,207.1,9.7
case3_0006,upcountry_normal,2026,7,202.7,8.4
case3_0006,upcountry_normal,2026,8,196.1,7.3
case3_0007,upcountry_normal,2024,3,131.6,6.4
case3_0007,upcountry_normal,2024,4,132.0,6.6
case3_0007,upcountry_normal,2024,5,120.6,6.0
case3_0007,upcountry_normal,2024,6,167.5,6.8
case3_0007,upcountry_normal,2024,7,158.1,7.3
case3_0007,upcountry_normal,2024,8,160.2,7.0
case3_0007,upcountry_normal,2024,9,132.7,6.8
case3_0007,upcountry_normal,2024,10,158.0,5.4
case3_0007,upcountry_normal,2024,11,112.9,5.5
case3_0007,upcountry_normal,2024,12,121.4,6.3
case3_0007,upcountry_normal,2025,1,118.6,6.3
case3_0007,upcountry_normal,2025,2,135.2,5.7
case3_0007,upcountry_normal,2025,3,160.0,6.7
case3_0007,upcountry_normal,2025,4,181.5,6.6
case3_0007,upcountry_normal,2025,5,180.5,6.2
case3_0007,upcountry_normal,2025,6,181.7,6.5
case3_0007,upcountry_normal,2025,7,180.5,6.5
case3_0007,upcountry_normal,2025,8,189.5,5.8
case3_0007,upcountry_normal,2025,9,192.6,5.7
case3_0007,upcountry_normal,2025,10,166.4,6.2
case3_0007,upcountry_normal,2025,11,146.9,5.0
case3_0007,upcountry_normal,2025,12,150.1,5.2
case3_0007,upcountry_normal,2026,1,153.7,5.3
case3_0007,upcountry_normal,2026,2,147.3,5.6
case3_0007,upcountry_normal,2026,3,174.3,5.8
case3_0007,upcountry_normal,2026,4,192.3,6.4
case3_0007,upcountry_normal,2026,5,196.5,6.8
case3_0007,upcountry_normal,2026,6,170.4,5.9
case3_0007,upcountry_normal,2026,7,174.0,5.4
case3_0007,upcountry_normal,2026,8,159.6,4.8
case3_0008,upcountry_normal,2024,3,314.1,15.4
case3_0008,upcountry_normal,2024,4,400.6,14.8
case3_0008,upcountry_normal,2024,5,402.2,15.3
case3_0008,upcountry_normal,2024,6,388.4,15.2
case3_0008,upcountry_normal,2024,7,385.2,17.6
case3_0008,upcountry_normal,2024,8,426.8,19.0
case3_0008,upcountry_normal,2024,9,331.2,19.0
case3_0008,upcountry_normal,2024,10,304.6,12.7
case3_0008,upcountry_normal,2024,11,200.1,13.1
case3_0008,upcountry_normal,2024,12,203.7,12.0
case3_0008,upcountry_normal,2025,1,214.5,13.2
case3_0008,upcountry_normal,2025,2,232.7,13.2
case3_0008,upcountry_normal,2025,3,348.3,13.0
case3_0008,upcountry_normal,2025,4,472.9,14.6
case3_0008,upcountry_normal,2025,5,471.1,17.3
case3_0008,upcountry_normal,2025,6,435.3,16.7
case3_0008,upcountry_normal,2025,7,389.2,15.7
case3_0008,upcountry_normal,2025,8,377.9,16.4
case3_0008,upcountry_normal,2025,9,365.5,14.7
case3_0008,upcountry_normal,2025,10,275.1,16.2
case3_0008,upcountry_normal,2025,11,225.8,14.1
case3_0008,upcountry_normal,2025,12,225.7,15.8
case3_0008,upcountry_normal,2026,1,237.0,12.3
case3_0008,upcountry_normal,2026,2,230.9,14.4
case3_0008,upcountry_normal,2026,3,233.9,15.7
case3_0008,upcountry_normal,2026,4,322.5,15.7
case3_0008,upcountry_normal,2026,5,330.3,15.6
case3_0008,upcountry_normal,2026,6,285.5,17.2
case3_0008,upcountry_normal,2026,7,332.7,18.3
case3_0008,upcountry_normal,2026,8,268.6,16.9
case3_0009,upcountry_normal,2024,3,190.7,9.3
case3_0009,upcountry_normal,2024,4,256.5,9.4
case3_0009,upcountry_normal,2024,5,242.7,9.4
case3_0009,upcountry_normal,2024,6,252.5,9.5
case3_0009,upcountry_normal,2024,7,215.0,9.0
case3_0009,upcountry_normal,2024,8,216.7,8.1
case3_0009,upcountry_normal,2024,9,204.9,8.0
case3_0009,upcountry_normal,2024,10,216.6,8.8
case3_0009,upcountry_normal,2024,11,190.3,7.9
case3_0009,upcountry_normal,2024,12,210.1,7.0
case3_0009,upcountry_normal,2025,1,192.6,7.1
case3_0009,upcountry_normal,2025,2,178.1,8.0
case3_0009,upcountry_normal,2025,3,182.3,8.7
case3_0009,upcountry_normal,2025,4,203.2,8.8
case3_0009,upcountry_normal,2025,5,227.5,8.1
case3_0009,upcountry_normal,2025,6,207.5,8.9
case3_0009,upcountry_normal,2025,7,210.4,10.2
case3_0009,upcountry_normal,2025,8,221.9,9.0
case3_0009,upcountry_normal,2025,9,231.4,8.0
case3_0009,upcountry_normal,2025,10,185.6,7.4
case3_0009,upcountry_normal,2025,11,172.3,8.0
case3_0009,upcountry_normal,2025,12,157.1,6.3
case3_0009,upcountry_normal,2026,1,175.4,6.8
case3_0009,upcountry_normal,2026,2,177.2,7.2
case3_0009,upcountry_normal,2026,3,202.1,7.8
case3_0009,upcountry_normal,2026,4,195.0,10.8
case3_0009,upcountry_normal,2026,5,199.9,9.7
case3_0009,upcountry_normal,2026,6,174.8,9.2
case3_0009,upcountry_normal,2026,7,209.6,9.6
case3_0009,upcountry_normal,2026,8,196.0,8.8
case3_0010,upcountry_normal,2024,3,392.8,9.6
case3_0010,upcountry_normal,2024,4,467.2,10.6
case3_0010,upcountry_normal,2024,5,528.8,9.6
case3_0010,upcountry_normal,2024,6,441.8,10.1
case3_0010,upcountry_normal,2024,7,443.0,10.4
case3_0010,upcountry_normal,2024,8,430.2,9.6
case3_0010,upcountry_normal,2024,9,426.0,9.4
case3_0010,upcountry_normal,2024,10,459.6,9.3
case3_0010,upcountry_normal,2024,11,301.0,12.6
case3_0010,upcountry_normal,2024,12,303.0,13.4
case3_0010,upcountry_normal,2025,1,335.0,11.4
case3_0010,upcountry_normal,2025,2,314.2,12.8
case3_0010,upcountry_normal,2025,3,368.4,13.4
case3_0010,upcountry_normal,2025,4,447.2,13.2
case3_0010,upcountry_normal,2025,5,499.5,13.5
case3_0010,upcountry_normal,2025,6,403.1,12.9
case3_0010,upcountry_normal,2025,7,482.2,12.5
case3_0010,upcountry_normal,2025,8,495.1,11.4
case3_0010,upcountry_normal,2025,9,423.1,12.8
case3_0010,upcountry_normal,2025,10,385.9,10.9
case3_0010,upcountry_normal,2025,11,310.7,10.4
case3_0010,upcountry_normal,2025,12,288.7,11.8
case3_0010,upcountry_normal,2026,1,299.2,13.6
case3_0010,upcountry_normal,2026,2,237.0,12.1
case3_0010,upcountry_normal,2026,3,294.9,13.2
case3_0010,upcountry_normal,2026,4,386.7,15.4
case3_0010,upcountry_normal,2026,5,389.4,14.2
case3_0010,upcountry_normal,2026,6,426.6,15.6
case3_0010,upcountry_normal,2026,7,414.5,11.3
case3_0010,upcountry_normal,2026,8,421.0,13.1
case3_0011,upcountry_normal,2024,3,279.3,11.0
case3_0011,upcountry_normal,2024,4,356.6,12.4
case3_0011,upcountry_normal,2024,5,330.3,12.3
case3_0011,upcountry_normal,2024,6,330.8,12.9
case3_0011,upcountry_normal,2024,7,308.0,12.2
case3_0011,upcountry_normal,2024,8,282.7,12.5
case3_0011,upcountry_normal,2024,9,250.5,10.7
case3_0011,upcountry_normal,2024,10,273.9,10.0
case3_0011,upcountry_normal,2024,11,208.5,10.6
case3_0011,upcountry_normal,2024,12,186.5,10.6
case3_0011,upcountry_normal,2025,1,180.9,9.9
case3_0011,upcountry_normal,2025,2,204.1,10.7
case3_0011,upcountry_normal,2025,3,252.8,12.2
case3_0011,upcountry_normal,2025,4,340.9,14.4
case3_0011,upcountry_normal,2025,5,365.2,13.8
case3_0011,upcountry_normal,2025,6,424.2,12.1
case3_0011,upcountry_normal,2025,7,349.0,12.4
case3_0011,upcountry_normal,2025,8,352.2,13.4
case3_0011,upcountry_normal,2025,9,260.8,13.0
case3_0011,upcountry_normal,2025,10,240.8,11.3
case3_0011,upcountry_normal,2025,11,206.2,11.6
case3_0011,upcountry_normal,2025,12,215.5,10.2
case3_0011,upcountry_normal,2026,1,179.9,10.3
case3_0011,upcountry_normal,2026,2,218.1,8.7
case3_0011,upcountry_normal,2026,3,289.7,11.2
case3_0011,upcountry_normal,2026,4,353.7,13.2
case3_0011,upcountry_normal,2026,5,290.2,12.6
case3_0011,upcountry_normal,2026,6,256.6,12.5
case3_0011,upcountry_normal,2026,7,275.4,11.5
case3_0011,upcountry_normal,2026,8,255.3,12.4
case3_0012,upcountry_normal,2024,3,176.1,11.8
case3_0012,upcountry_normal,2024,4,187.8,14.5
case3_0012,upcountry_normal,2024,5,178.7,15.2
case3_0012,upcountry_normal,2024,6,153.1,15.1
case3_0012,upcountry_normal,2024,7,193.9,12.9
case3_0012,upcountry_normal,2024,8,214.4,13.2
case3_0012,upcountry_normal,2024,9,188.1,13.3
case3_0012,upcountry_normal,2024,10,161.7,16.4
case3_0012,upcountry_normal,2024,11,160.7,13.5
case3_0012,upcountry_normal,2024,12,112.2,12.1
case3_0012,upcountry_normal,2025,1,128.9,13.2
case3_0012,upcountry_normal,2025,2,145.9,12.1
case3_0012,upcountry_normal,2025,3,147.5,13.4
case3_0012,upcountry_normal,2025,4,154.9,17.0
case3_0012,upcountry_normal,2025,5,121.0,17.0
case3_0012,upcountry_normal,2025,6,130.3,15.6
case3_0012,upcountry_normal,2025,7,120.2,13.7
case3_0012,upcountry_normal,2025,8,152.6,10.2
case3_0012,upcountry_normal,2025,9,139.4,12.9
case3_0012,upcountry_normal,2025,10,130.4,12.0
case3_0012,upcountry_normal,2025,11,131.1,13.0
case3_0012,upcountry_normal,2025,12,139.1,13.8
case3_0012,upcountry_normal,2026,1,136.7,11.4
case3_0012,upcountry_normal,2026,2,120.7,10.6
case3_0012,upcountry_normal,2026,3,136.8,12.7
case3_0012,upcountry_normal,2026,4,150.2,15.1
case3_0012,upcountry_normal,2026,5,139.4,16.3
case3_0012,upcountry_normal,2026,6,147.7,13.5
case3_0012,upcountry_normal,2026,7,131.3,11.5
case3_0012,upcountry_normal,2026,8,141.1,13.1
case3_0013,upcountry_normal,2024,3,333.6,6.4
case3_0013,upcountry_normal,2024,4,371.4,7.4
case3_0013,upcountry_normal,2024,5,374.2,7.4
case3_0013,upcountry_normal,2024,6,378.8,8.0
case3_0013,upcountry_normal,2024,7,341.8,7.0
case3_0013,upcountry_normal,2024,8,278.8,6.4
case3_0013,upcountry_normal,2024,9,271.4,9.0
case3_0013,upcountry_normal,2024,10,275.3,8.0
case3_0013,upcountry_normal,2024,11,201.6,7.4
case3_0013,upcountry_normal,2024,12,197.7,6.9
case3_0013,upcountry_normal,2025,1,214.3,6.8
case3_0013,upcountry_normal,2025,2,208.4,7.1
case3_0013,upcountry_normal,2025,3,308.9,7.7
case3_0013,upcountry_normal,2025,4,388.3,8.1
case3_0013,upcountry_normal,2025,5,276.0,7.8
case3_0013,upcountry_normal,2025,6,336.5,8.9
case3_0013,upcountry_normal,2025,7,233.7,7.6
case3_0013,upcountry_normal,2025,8,233.7,8.2
case3_0013,upcountry_normal,2025,9,262.9,7.8
case3_0013,upcountry_normal,2025,10,230.1,7.3
case3_0013,upcountry_normal,2025,11,178.2,7.3
case3_0013,upcountry_normal,2025,12,165.2,6.7
case3_0013,upcountry_normal,2026,1,177.9,5.5
case3_0013,upcountry_normal,2026,2,188.8,7.0
case3_0013,upcountry_normal,2026,3,247.9,7.9
case3_0013,upcountry_normal,2026,4,269.5,8.9
case3_0013,upcountry_normal,2026,5,313.1,9.4
case3_0013,upcountry_normal,2026,6,269.8,8.5
case3_0013,upcountry_normal,2026,7,295.6,9.3
case3_0013,upcountry_normal,2026,8,258.0,8.2
case3_0014,upcountry_normal,2024,3,393.1,8.7
case3_0014,upcountry_normal,2024,4,498.6,9.5
case3_0014,upcountry_normal,2024,5,432.5,10.5
case3_0014,upcountry_normal,2024,6,414.6,10.2
case3_0014,upcountry_normal,2024,7,441.4,8.4
case3_0014,upcountry_normal,2024,8,363.3,7.5
case3_0014,upcountry_normal,2024,9,399.3,7.8
case3_0014,upcountry_normal,2024,10,405.3,7.8
case3_0014,upcountry_normal,2024,11,260.0,6.7
case3_0014,upcountry_normal,2024,12,257.4,8.0
case3_0014,upcountry_normal,2025,1,239.2,7.7
case3_0014,upcountry_normal,2025,2,261.5,8.3
case3_0014,upcountry_normal,2025,3,393.5,9.5
case3_0014,upcountry_normal,2025,4,487.4,8.9
case3_0014,upcountry_normal,2025,5,468.6,10.8
case3_0014,upcountry_normal,2025,6,494.3,10.9
case3_0014,upcountry_normal,2025,7,498.3,6.9
case3_0014,upcountry_normal,2025,8,415.9,6.0
case3_0014,upcountry_normal,2025,9,410.2,5.7
case3_0014,upcountry_normal,2025,10,369.3,6.3
case3_0014,upcountry_normal,2025,11,247.9,5.3
case3_0014,upcountry_normal,2025,12,286.5,5.6
case3_0014,upcountry_normal,2026,1,313.3,6.5
case3_0014,upcountry_normal,2026,2,317.3,5.8
case3_0014,upcountry_normal,2026,3,407.0,6.1
case3_0014,upcountry_normal,2026,4,620.2,7.1
case3_0014,upcountry_normal,2026,5,612.1,7.0
case3_0014,upcountry_normal,2026,6,516.5,6.0
case3_0014,upcountry_normal,2026,7,494.5,5.2
case3_0014,upcountry_normal,2026,8,532.3,5.9
case3_0015,upcountry_normal,2024,3,289.0,16.1
case3_0015,upcountry_normal,2024,4,380.7,18.1
case3_0015,upcountry_normal,2024,5,327.1,18.2
case3_0015,upcountry_normal,2024,6,354.3,16.5
case3_0015,upcountry_normal,2024,7,302.9,16.5
case3_0015,upcountry_normal,2024,8,299.9,19.9
case3_0015,upcountry_normal,2024,9,300.6,16.8
case3_0015,upcountry_normal,2024,10,292.0,15.6
case3_0015,upcountry_normal,2024,11,237.0,15.3
case3_0015,upcountry_normal,2024,12,225.0,13.7
case3_0015,upcountry_normal,2025,1,211.6,13.9
case3_0015,upcountry_normal,2025,2,216.7,12.5
case3_0015,upcountry_normal,2025,3,298.0,15.7
case3_0015,upcountry_normal,2025,4,343.0,16.4
case3_0015,upcountry_normal,2025,5,341.9,13.9
case3_0015,upcountry_normal,2025,6,322.2,17.2
case3_0015,upcountry_normal,2025,7,325.7,18.5
case3_0015,upcountry_normal,2025,8,260.0,17.1
case3_0015,upcountry_normal,2025,9,240.9,19.9
case3_0015,upcountry_normal,2025,10,197.7,14.5
case3_0015,upcountry_normal,2025,11,204.4,12.2
case3_0015,upcountry_normal,2025,12,196.5,14.2
case3_0015,upcountry_normal,2026,1,201.7,16.1
case3_0015,upcountry_normal,2026,2,165.6,15.1
case3_0015,upcountry_normal,2026,3,278.0,16.0
case3_0015,upcountry_normal,2026,4,361.7,16.3
case3_0015,upcountry_normal,2026,5,386.9,20.8
case3_0015,upcountry_normal,2026,6,388.9,17.7
case3_0015,upcountry_normal,2026,7,345.2,18.6
case3_0015,upcountry_normal,2026,8,314.9,18.0
case3_0016,upcountry_normal,2024,3,157.4,9.1
case3_0016,upcountry_normal,2024,4,181.0,9.1
case3_0016,upcountry_normal,2024,5,184.9,10.8
case3_0016,upcountry_normal,2024,6,172.3,9.7
case3_0016,upcountry_normal,2024,7,198.2,8.3
case3_0016,upcountry_normal,2024,8,198.7,7.5
case3_0016,upcountry_normal,2024,9,173.6,8.9
case3_0016,upcountry_normal,2024,10,177.0,5.6
case3_0016,upcountry_normal,2024,11,175.6,6.3
case3_0016,upcountry_normal,2024,12,185.4,8.4
case3_0016,upcountry_normal,2025,1,157.1,7.5
case3_0016,upcountry_normal,2025,2,182.7,7.8
case3_0016,upcountry_normal,2025,3,156.7,8.2
case3_0016,upcountry_normal,2025,4,149.0,9.4
case3_0016,upcountry_normal,2025,5,172.1,8.2
case3_0016,upcountry_normal,2025,6,151.2,8.5
case3_0016,upcountry_normal,2025,7,185.7,9.5
case3_0016,upcountry_normal,2025,8,138.1,8.6
case3_0016,upcountry_normal,2025,9,151.7,8.4
case3_0016,upcountry_normal,2025,10,162.0,8.9
case3_0016,upcountry_normal,2025,11,124.3,8.2
case3_0016,upcountry_normal,2025,12,153.6,7.7
case3_0016,upcountry_normal,2026,1,126.7,6.8
case3_0016,upcountry_normal,2026,2,143.3,6.3
case3_0016,upcountry_normal,2026,3,156.0,7.9
case3_0016,upcountry_normal,2026,4,166.5,8.9
case3_0016,upcountry_normal,2026,5,174.1,10.3
case3_0016,upcountry_normal,2026,6,174.3,11.7
case3_0016,upcountry_normal,2026,7,148.0,10.8
case3_0016,upcountry_normal,2026,8,137.1,8.6
case3_0017,upcountry_normal,2024,3,331.5,11.0
case3_0017,upcountry_normal,2024,4,363.6,10.9
case3_0017,upcountry_normal,2024,5,377.5,10.6
case3_0017,upcountry_normal,2024,6,360.2,10.2
case3_0017,upcountry_normal,2024,7,377.8,9.0
case3_0017,upcountry_normal,2024,8,294.0,9.1
case3_0017,upcountry_normal,2024,9,345.4,9.1
case3_0017,upcountry_normal,2024,10,296.3,8.8
case3_0017,upcountry_normal,2024,11,217.7,7.3
case3_0017,upcountry_normal,2024,12,191.2,7.9
case3_0017,upcountry_normal,2025,1,204.2,7.5
case3_0017,upcountry_normal,2025,2,218.4,6.8
case3_0017,upcountry_normal,2025,3,292.7,7.5
case3_0017,upcountry_normal,2025,4,386.7,8.8
case3_0017,upcountry_normal,2025,5,327.7,9.1
case3_0017,upcountry_normal,2025,6,341.5,8.0
case3_0017,upcountry_normal,2025,7,305.0,7.3
case3_0017,upcountry_normal,2025,8,256.1,7.5
case3_0017,upcountry_normal,2025,9,249.0,7.9
case3_0017,upcountry_normal,2025,10,212.2,9.5
case3_0017,upcountry_normal,2025,11,177.2,8.3
case3_0017,upcountry_normal,2025,12,177.3,6.2
case3_0017,upcountry_normal,2026,1,199.3,6.8
case3_0017,upcountry_normal,2026,2,188.3,7.5
case3_0017,upcountry_normal,2026,3,250.4,9.4
case3_0017,upcountry_normal,2026,4,298.8,9.7
case3_0017,upcountry_normal,2026,5,311.9,11.0
case3_0017,upcountry_normal,2026,6,289.8,9.1
case3_0017,upcountry_normal,2026,7,226.8,10.8
case3_0017,upcountry_normal,2026,8,249.5,9.1
case3_0018,upcountry_normal,2024,3,305.2,10.7
case3_0018,upcountry_normal,2024,4,385.0,12.9
case3_0018,upcountry_normal,2024,5,420.6,11.8
case3_0018,upcountry_normal,2024,6,408.2,11.6
case3_0018,upcountry_normal,2024,7,439.9,11.2
case3_0018,upcountry_normal,2024,8,407.6,12.2
case3_0018,upcountry_normal,2024,9,333.9,12.1
case3_0018,upcountry_normal,2024,10,316.3,11.1
case3_0018,upcountry_normal,2024,11,191.2,7.4
case3_0018,upcountry_normal,2024,12,167.7,10.2
case3_0018,upcountry_normal,2025,1,187.8,9.5
case3_0018,upcountry_normal,2025,2,186.8,10.3
case3_0018,upcountry_normal,2025,3,289.2,11.1
case3_0018,upcountry_normal,2025,4,461.9,10.4
case3_0018,upcountry_normal,2025,5,419.7,12.7
case3_0018,upcountry_normal,2025,6,359.9,11.9
case3_0018,upcountry_normal,2025,7,346.4,12.1
case3_0018,upcountry_normal,2025,8,355.4,12.2
case3_0018,upcountry_normal,2025,9,267.5,14.7
case3_0018,upcountry_normal,2025,10,292.2,11.8
case3_0018,upcountry_normal,2025,11,204.2,10.3
case3_0018,upcountry_normal,2025,12,210.9,9.8
case3_0018,upcountry_normal,2026,1,229.6,10.0
case3_0018,upcountry_normal,2026,2,234.3,10.7
case3_0018,upcountry_normal,2026,3,317.0,11.6
case3_0018,upcountry_normal,2026,4,477.1,13.2
case3_0018,upcountry_normal,2026,5,432.3,12.9
case3_0018,upcountry_normal,2026,6,352.6,12.5
case3_0018,upcountry_normal,2026,7,360.3,12.2
case3_0018,upcountry_normal,2026,8,344.4,15.2
case3_0019,upcountry_normal,2024,3,436.6,15.8
case3_0019,upcountry_normal,2024,4,519.7,14.8
case3_0019,upcountry_normal,2024,5,450.8,14.4
case3_0019,upcountry_normal,2024,6,498.1,13.1
case3_0019,upcountry_normal,2024,7,520.4,13.8
case3_0019,upcountry_normal,2024,8,389.0,12.1
case3_0019,upcountry_normal,2024,9,374.7,13.5
case3_0019,upcountry_normal,2024,10,367.0,11.3
case3_0019,upcountry_normal,2024,11,289.5,13.1
case3_0019,upcountry_normal,2024,12,293.6,11.9
case3_0019,upcountry_normal,2025,1,312.6,10.6
case3_0019,upcountry_normal,2025,2,289.9,11.0
case3_0019,upcountry_normal,2025,3,395.6,13.2
case3_0019,upcountry_normal,2025,4,535.4,13.2
case3_0019,upcountry_normal,2025,5,480.4,16.4
case3_0019,upcountry_normal,2025,6,532.1,15.5
case3_0019,upcountry_normal,2025,7,476.2,13.8
case3_0019,upcountry_normal,2025,8,482.6,12.2
case3_0019,upcountry_normal,2025,9,442.4,13.6
case3_0019,upcountry_normal,2025,10,416.8,13.8
case3_0019,upcountry_normal,2025,11,303.1,13.2
case3_0019,upcountry_normal,2025,12,300.9,12.4
case3_0019,upcountry_normal,2026,1,308.3,11.3
case3_0019,upcountry_normal,2026,2,352.2,13.0
case3_0019,upcountry_normal,2026,3,560.5,13.8
case3_0019,upcountry_normal,2026,4,608.7,13.9
case3_0019,upcountry_normal,2026,5,663.6,14.7
case3_0019,upcountry_normal,2026,6,577.7,14.5
case3_0019,upcountry_normal,2026,7,601.7,13.9
case3_0019,upcountry_normal,2026,8,570.5,15.2
case3_0020,upcountry_normal,2024,3,376.3,7.7
case3_0020,upcountry_normal,2024,4,503.4,8.5
case3_0020,upcountry_normal,2024,5,480.0,8.0
case3_0020,upcountry_normal,2024,6,486.5,8.3
case3_0020,upcountry_normal,2024,7,402.1,9.4
case3_0020,upcountry_normal,2024,8,407.4,8.9
case3_0020,upcountry_normal,2024,9,432.0,9.1
case3_0020,upcountry_normal,2024,10,384.4,8.8
case3_0020,upcountry_normal,2024,11,214.2,7.4
case3_0020,upcountry_normal,2024,12,206.5,6.1
case3_0020,upcountry_normal,2025,1,188.9,7.1
case3_0020,upcountry_normal,2025,2,183.7,7.2
case3_0020,upcountry_normal,2025,3,369.4,8.0
case3_0020,upcountry_normal,2025,4,541.0,8.6
case3_0020,upcountry_normal,2025,5,426.1,8.6
case3_0020,upcountry_normal,2025,6,510.7,8.0
case3_0020,upcountry_normal,2025,7,490.8,7.7
case3_0020,upcountry_normal,2025,8,435.9,7.7
case3_0020,upcountry_normal,2025,9,365.8,8.2
case3_0020,upcountry_normal,2025,10,306.0,9.2
case3_0020,upcountry_normal,2025,11,226.2,8.0
case3_0020,upcountry_normal,2025,12,226.5,6.2
case3_0020,upcountry_normal,2026,1,185.1,7.0
case3_0020,upcountry_normal,2026,2,206.0,7.5
case3_0020,upcountry_normal,2026,3,338.7,8.8
case3_0020,upcountry_normal,2026,4,518.8,8.7
case3_0020,upcountry_normal,2026,5,415.2,7.4
case3_0020,upcountry_normal,2026,6,391.0,8.9
case3_0020,upcountry_normal,2026,7,373.9,8.2
case3_0020,upcountry_normal,2026,8,352.9,9.7
case3_0021,upcountry_normal,2024,3,141.6,12.6
case3_0021,upcountry_normal,2024,4,228.5,14.2
case3_0021,upcountry_normal,2024,5,204.4,14.8
case3_0021,upcountry_normal,2024,6,205.7,13.7
case3_0021,upcountry_normal,2024,7,194.2,15.5
case3_0021,upcountry_normal,2024,8,194.0,14.1
case3_0021,upcountry_normal,2024,9,176.5,16.8
case3_0021,upcountry_normal,2024,10,167.0,15.4
case3_0021,upcountry_normal,2024,11,109.9,14.4
case3_0021,upcountry_normal,2024,12,115.0,14.2
case3_0021,upcountry_normal,2025,1,103.5,11.3
case3_0021,upcountry_normal,2025,2,112.9,13.3
case3_0021,upcountry_normal,2025,3,157.5,17.3
case3_0021,upcountry_normal,2025,4,192.7,18.6
case3_0021,upcountry_normal,2025,5,205.8,16.2
case3_0021,upcountry_normal,2025,6,199.9,13.5
case3_0021,upcountry_normal,2025,7,189.5,15.4
case3_0021,upcountry_normal,2025,8,186.4,13.7
case3_0021,upcountry_normal,2025,9,188.0,13.9
case3_0021,upcountry_normal,2025,10,143.8,14.4
case3_0021,upcountry_normal,2025,11,110.5,13.6
case3_0021,upcountry_normal,2025,12,114.1,11.6
case3_0021,upcountry_normal,2026,1,103.9,12.9
case3_0021,upcountry_normal,2026,2,105.6,12.8
case3_0021,upcountry_normal,2026,3,125.4,13.3
case3_0021,upcountry_normal,2026,4,156.4,14.3
case3_0021,upcountry_normal,2026,5,194.4,14.9
case3_0021,upcountry_normal,2026,6,173.4,16.7
case3_0021,upcountry_normal,2026,7,136.6,14.2
case3_0021,upcountry_normal,2026,8,155.0,15.0
case3_0022,upcountry_normal,2024,3,196.9,11.2
case3_0022,upcountry_normal,2024,4,204.9,10.7
case3_0022,upcountry_normal,2024,5,199.6,8.1
case3_0022,upcountry_normal,2024,6,199.5,10.9
case3_0022,upcountry_normal,2024,7,218.1,10.0
case3_0022,upcountry_normal,2024,8,214.4,9.9
case3_0022,upcountry_normal,2024,9,218.4,10.7
case3_0022,upcountry_normal,2024,10,219.1,9.5
case3_0022,upcountry_normal,2024,11,180.3,8.6
case3_0022,upcountry_normal,2024,12,165.0,9.7
case3_0022,upcountry_normal,2025,1,158.8,9.6
case3_0022,upcountry_normal,2025,2,195.6,9.0
case3_0022,upcountry_normal,2025,3,218.6,9.2
case3_0022,upcountry_normal,2025,4,255.3,9.7
case3_0022,upcountry_normal,2025,5,247.1,11.3
case3_0022,upcountry_normal,2025,6,215.8,11.3
case3_0022,upcountry_normal,2025,7,216.5,9.6
case3_0022,upcountry_normal,2025,8,206.3,10.2
case3_0022,upcountry_normal,2025,9,239.2,8.0
case3_0022,upcountry_normal,2025,10,211.5,9.6
case3_0022,upcountry_normal,2025,11,202.4,9.0
case3_0022,upcountry_normal,2025,12,181.9,8.2
case3_0022,upcountry_normal,2026,1,194.8,9.5
case3_0022,upcountry_normal,2026,2,131.2,9.3
case3_0022,upcountry_normal,2026,3,132.9,9.6
case3_0022,upcountry_normal,2026,4,170.7,10.3
case3_0022,upcountry_normal,2026,5,145.7,10.1
case3_0022,upcountry_normal,2026,6,142.4,11.1
case3_0022,upcountry_normal,2026,7,154.0,11.0
case3_0022,upcountry_normal,2026,8,150.1,9.8
case3_0023,upcountry_normal,2024,3,383.6,4.9
case3_0023,upcountry_normal,2024,4,497.0,5.2
case3_0023,upcountry_normal,2024,5,456.2,5.2
case3_0023,upcountry_normal,2024,6,453.9,5.0
case3_0023,upcountry_normal,2024,7,453.8,5.5
case3_0023,upcountry_normal,2024,8,445.7,4.8
case3_0023,upcountry_normal,2024,9,437.8,5.0
case3_0023,upcountry_normal,2024,10,289.0,5.1
case3_0023,upcountry_normal,2024,11,212.0,4.2
case3_0023,upcountry_normal,2024,12,210.5,3.7
case3_0023,upcountry_normal,2025,1,192.0,4.5
case3_0023,upcountry_normal,2025,2,212.2,4.5
case3_0023,upcountry_normal,2025,3,294.0,4.9
case3_0023,upcountry_normal,2025,4,394.2,5.4
case3_0023,upcountry_normal,2025,5,542.2,5.4
case3_0023,upcountry_normal,2025,6,415.2,5.5
case3_0023,upcountry_normal,2025,7,426.5,5.2
case3_0023,upcountry_normal,2025,8,358.3,4.8
case3_0023,upcountry_normal,2025,9,345.4,5.2
case3_0023,upcountry_normal,2025,10,282.4,5.2
case3_0023,upcountry_normal,2025,11,204.3,4.3
case3_0023,upcountry_normal,2025,12,158.2,3.6
case3_0023,upcountry_normal,2026,1,180.9,4.6
case3_0023,upcountry_normal,2026,2,168.7,4.9
case3_0023,upcountry_normal,2026,3,294.7,5.5
case3_0023,upcountry_normal,2026,4,509.1,5.5
case3_0023,upcountry_normal,2026,5,428.4,6.0
case3_0023,upcountry_normal,2026,6,422.9,5.8
case3_0023,upcountry_normal,2026,7,426.1,5.3
case3_0023,upcountry_normal,2026,8,392.6,4.8
case3_0024,upcountry_normal,2024,3,104.5,14.9
case3_0024,upcountry_normal,2024,4,132.3,15.2
case3_0024,upcountry_normal,2024,5,145.6,14.0
case3_0024,upcountry_normal,2024,6,132.2,15.6
case3_0024,upcountry_normal,2024,7,147.7,16.3
case3_0024,upcountry_normal,2024,8,128.4,14.4
case3_0024,upcountry_normal,2024,9,121.8,15.5
case3_0024,upcountry_normal,2024,10,94.7,13.3
case3_0024,upcountry_normal,2024,11,57.4,13.8
case3_0024,upcountry_normal,2024,12,57.9,13.4
case3_0024,upcountry_normal,2025,1,60.9,12.4
case3_0024,upcountry_normal,2025,2,56.7,10.8
case3_0024,upcountry_normal,2025,3,93.1,13.4
case3_0024,upcountry_normal,2025,4,126.4,15.8
case3_0024,upcountry_normal,2025,5,144.2,17.8
case3_0024,upcountry_normal,2025,6,149.6,14.9
case3_0024,upcountry_normal,2025,7,125.6,14.2
case3_0024,upcountry_normal,2025,8,141.9,12.9
case3_0024,upcountry_normal,2025,9,128.7,14.1
case3_0024,upcountry_normal,2025,10,108.5,13.1
case3_0024,upcountry_normal,2025,11,71.8,10.9
case3_0024,upcountry_normal,2025,12,82.0,11.4
case3_0024,upcountry_normal,2026,1,78.3,11.5
case3_0024,upcountry_normal,2026,2,80.3,10.9
case3_0024,upcountry_normal,2026,3,153.3,13.4
case3_0024,upcountry_normal,2026,4,172.6,13.9
case3_0024,upcountry_normal,2026,5,154.0,13.6
case3_0024,upcountry_normal,2026,6,153.3,13.9
case3_0024,upcountry_normal,2026,7,128.7,11.7
case3_0024,upcountry_normal,2026,8,121.3,13.2
case3_0025,upcountry_normal,2024,3,470.2,5.1
case3_0025,upcountry_normal,2024,4,506.4,6.4
case3_0025,upcountry_normal,2024,5,429.9,5.7
case3_0025,upcountry_normal,2024,6,370.6,5.7
case3_0025,upcountry_normal,2024,7,378.2,5.8
case3_0025,upcountry_normal,2024,8,456.0,6.2
case3_0025,upcountry_normal,2024,9,332.4,4.5
case3_0025,upcountry_normal,2024,10,379.7,5.8
case3_0025,upcountry_normal,2024,11,295.3,5.6
case3_0025,upcountry_normal,2024,12,327.7,5.4
case3_0025,upcountry_normal,2025,1,401.9,5.3
case3_0025,upcountry_normal,2025,2,389.1,6.3
case3_0025,upcountry_normal,2025,3,428.3,6.3
case3_0025,upcountry_normal,2025,4,456.8,5.1
case3_0025,upcountry_normal,2025,5,478.3,6.9
case3_0025,upcountry_normal,2025,6,407.8,5.8
case3_0025,upcountry_normal,2025,7,374.1,6.1
case3_0025,upcountry_normal,2025,8,400.8,7.1
case3_0025,upcountry_normal,2025,9,468.2,5.7
case3_0025,upcountry_normal,2025,10,410.5,5.6
case3_0025,upcountry_normal,2025,11,373.0,5.6
case3_0025,upcountry_normal,2025,12,322.6,5.3
case3_0025,upcountry_normal,2026,1,330.2,5.7
case3_0025,upcountry_normal,2026,2,282.9,5.1
case3_0025,upcountry_normal,2026,3,379.7,5.6
case3_0025,upcountry_normal,2026,4,420.0,6.4
case3_0025,upcountry_normal,2026,5,482.5,6.3
case3_0025,upcountry_normal,2026,6,469.7,6.5
case3_0025,upcountry_normal,2026,7,455.3,6.8
case3_0025,upcountry_normal,2026,8,466.3,7.1
case3_0026,upcountry_normal,2024,3,166.2,65.0
case3_0026,upcountry_normal,2024,4,251.9,59.2
case3_0026,upcountry_normal,2024,5,242.2,57.5
case3_0026,upcountry_normal,2024,6,193.4,55.9
case3_0026,upcountry_normal,2024,7,228.9,55.1
case3_0026,upcountry_normal,2024,8,190.4,60.2
case3_0026,upcountry_normal,2024,9,213.8,55.2
case3_0026,upcountry_normal,2024,10,150.3,57.0
case3_0026,upcountry_normal,2024,11,92.6,59.3
case3_0026,upcountry_normal,2024,12,110.9,47.3
case3_0026,upcountry_normal,2025,1,97.4,46.8
case3_0026,upcountry_normal,2025,2,98.0,44.2
case3_0026,upcountry_normal,2025,3,177.1,54.2
case3_0026,upcountry_normal,2025,4,239.9,51.7
case3_0026,upcountry_normal,2025,5,256.5,56.1
case3_0026,upcountry_normal,2025,6,199.8,36.9
case3_0026,upcountry_normal,2025,7,192.1,52.8
case3_0026,upcountry_normal,2025,8,166.4,48.8
case3_0026,upcountry_normal,2025,9,175.3,51.7
case3_0026,upcountry_normal,2025,10,161.3,39.9
case3_0026,upcountry_normal,2025,11,102.4,48.2
case3_0026,upcountry_normal,2025,12,86.9,37.3
case3_0026,upcountry_normal,2026,1,96.3,37.3
case3_0026,upcountry_normal,2026,2,85.5,44.3
case3_0026,upcountry_normal,2026,3,138.2,45.8
case3_0026,upcountry_normal,2026,4,196.7,51.0
case3_0026,upcountry_normal,2026,5,199.0,66.1
case3_0026,upcountry_normal,2026,6,198.3,61.0
case3_0026,upcountry_normal,2026,7,169.3,54.4
case3_0026,upcountry_normal,2026,8,162.3,51.0
case3_0027,upcountry_normal,2024,3,191.0,10.0
case3_0027,upcountry_normal,2024,4,205.3,13.1
case3_0027,upcountry_normal,2024,5,217.2,13.6
case3_0027,upcountry_normal,2024,6,253.9,12.9
case3_0027,upcountry_normal,2024,7,275.2,13.4
case3_0027,upcountry_normal,2024,8,267.4,13.9
case3_0027,upcountry_normal,2024,9,239.4,10.9
case3_0027,upcountry_normal,2024,10,215.4,12.2
case3_0027,upcountry_normal,2024,11,112.3,9.7
case3_0027,upcountry_normal,2024,12,130.0,10.0
case3_0027,upcountry_normal,2025,1,105.3,9.0
case3_0027,upcountry_normal,2025,2,107.7,9.4
case3_0027,upcountry_normal,2025,3,200.1,11.0
case3_0027,upcountry_normal,2025,4,342.7,11.7
case3_0027,upcountry_normal,2025,5,273.9,12.2
case3_0027,upcountry_normal,2025,6,236.8,11.5
case3_0027,upcountry_normal,2025,7,255.4,11.2
case3_0027,upcountry_normal,2025,8,254.9,11.1
case3_0027,upcountry_normal,2025,9,202.7,10.5
case3_0027,upcountry_normal,2025,10,194.2,12.1
case3_0027,upcountry_normal,2025,11,120.0,9.0
case3_0027,upcountry_normal,2025,12,109.3,11.1
case3_0027,upcountry_normal,2026,1,110.3,9.8
case3_0027,upcountry_normal,2026,2,107.9,8.5
case3_0027,upcountry_normal,2026,3,169.4,8.9
case3_0027,upcountry_normal,2026,4,244.7,10.6
case3_0027,upcountry_normal,2026,5,208.5,11.2
case3_0027,upcountry_normal,2026,6,245.1,11.7
case3_0027,upcountry_normal,2026,7,254.2,13.2
case3_0027,upcountry_normal,2026,8,224.9,10.2
case3_0028,upcountry_normal,2024,3,527.3,9.4
case3_0028,upcountry_normal,2024,4,725.0,10.6
case3_0028,upcountry_normal,2024,5,799.5,10.0
case3_0028,upcountry_normal,2024,6,780.0,9.4
case3_0028,upcountry_normal,2024,7,641.9,8.7
case3_0028,upcountry_normal,2024,8,713.9,8.8
case3_0028,upcountry_normal,2024,9,644.2,8.5
case3_0028,upcountry_normal,2024,10,567.2,8.0
case3_0028,upcountry_normal,2024,11,441.1,7.3
case3_0028,upcountry_normal,2024,12,488.9,8.1
case3_0028,upcountry_normal,2025,1,468.8,7.5
case3_0028,upcountry_normal,2025,2,488.0,6.8
case3_0028,upcountry_normal,2025,3,588.2,7.0
case3_0028,upcountry_normal,2025,4,719.8,8.7
case3_0028,upcountry_normal,2025,5,731.6,7.0
case3_0028,upcountry_normal,2025,6,717.0,8.9
case3_0028,upcountry_normal,2025,7,652.2,7.7
case3_0028,upcountry_normal,2025,8,640.6,8.2
case3_0028,upcountry_normal,2025,9,597.9,9.0
case3_0028,upcountry_normal,2025,10,577.3,8.4
case3_0028,upcountry_normal,2025,11,405.1,8.1
case3_0028,upcountry_normal,2025,12,422.2,8.8
case3_0028,upcountry_normal,2026,1,503.6,8.0
case3_0028,upcountry_normal,2026,2,490.4,6.4
case3_0028,upcountry_normal,2026,3,613.7,8.5
case3_0028,upcountry_normal,2026,4,661.2,9.0
case3_0028,upcountry_normal,2026,5,706.2,9.3
case3_0028,upcountry_normal,2026,6,678.5,9.2
case3_0028,upcountry_normal,2026,7,637.4,7.4
case3_0028,upcountry_normal,2026,8,737.1,8.4
case3_0029,upcountry_normal,2024,3,217.6,14.3
case3_0029,upcountry_normal,2024,4,349.9,17.2
case3_0029,upcountry_normal,2024,5,308.9,20.2
case3_0029,upcountry_normal,2024,6,305.6,17.0
case3_0029,upcountry_normal,2024,7,234.4,18.3
case3_0029,upcountry_normal,2024,8,233.9,16.7
case3_0029,upcountry_normal,2024,9,266.5,14.3
case3_0029,upcountry_normal,2024,10,267.1,13.2
case3_0029,upcountry_normal,2024,11,187.0,14.5
case3_0029,upcountry_normal,2024,12,167.2,13.5
case3_0029,upcountry_normal,2025,1,173.4,15.4
case3_0029,upcountry_normal,2025,2,179.5,14.6
case3_0029,upcountry_normal,2025,3,251.3,15.9
case3_0029,upcountry_normal,2025,4,306.8,15.0
case3_0029,upcountry_normal,2025,5,333.5,15.2
case3_0029,upcountry_normal,2025,6,273.2,12.7
case3_0029,upcountry_normal,2025,7,284.8,15.4
case3_0029,upcountry_normal,2025,8,274.1,14.9
case3_0029,upcountry_normal,2025,9,278.1,16.9
case3_0029,upcountry_normal,2025,10,206.9,14.0
case3_0029,upcountry_normal,2025,11,167.8,13.2
case3_0029,upcountry_normal,2025,12,179.1,12.4
case3_0029,upcountry_normal,2026,1,192.3,13.8
case3_0029,upcountry_normal,2026,2,183.5,11.6
case3_0029,upcountry_normal,2026,3,261.6,13.9
case3_0029,upcountry_normal,2026,4,308.1,14.9
case3_0029,upcountry_normal,2026,5,281.0,11.9
case3_0029,upcountry_normal,2026,6,240.6,12.7
case3_0029,upcountry_normal,2026,7,281.8,15.9
case3_0029,upcountry_normal,2026,8,340.9,16.3
case3_0030,upcountry_normal,2024,3,235.1,23.1
case3_0030,upcountry_normal,2024,4,353.8,27.7
case3_0030,upcountry_normal,2024,5,317.6,24.9
case3_0030,upcountry_normal,2024,6,272.8,23.3
case3_0030,upcountry_normal,2024,7,267.4,22.6
case3_0030,upcountry_normal,2024,8,290.9,23.9
case3_0030,upcountry_normal,2024,9,244.4,23.8
case3_0030,upcountry_normal,2024,10,155.3,21.8
case3_0030,upcountry_normal,2024,11,117.9,22.7
case3_0030,upcountry_normal,2024,12,115.3,23.7
case3_0030,upcountry_normal,2025,1,90.0,23.0
case3_0030,upcountry_normal,2025,2,109.5,18.0
case3_0030,upcountry_normal,2025,3,210.0,22.6
case3_0030,upcountry_normal,2025,4,316.3,25.3
case3_0030,upcountry_normal,2025,5,319.4,22.5
case3_0030,upcountry_normal,2025,6,285.0,25.5
case3_0030,upcountry_normal,2025,7,274.3,22.4
case3_0030,upcountry_normal,2025,8,235.1,25.8
case3_0030,upcountry_normal,2025,9,207.0,27.0
case3_0030,upcountry_normal,2025,10,198.3,24.2
case3_0030,upcountry_normal,2025,11,114.7,25.1
case3_0030,upcountry_normal,2025,12,112.7,20.2
case3_0030,upcountry_normal,2026,1,108.6,24.8
case3_0030,upcountry_normal,2026,2,117.7,23.3
case3_0030,upcountry_normal,2026,3,189.0,24.7
case3_0030,upcountry_normal,2026,4,284.8,26.8
case3_0030,upcountry_normal,2026,5,268.4,31.0
case3_0030,upcountry_normal,2026,6,319.3,28.1
case3_0030,upcountry_normal,2026,7,292.1,26.0
case3_0030,upcountry_normal,2026,8,263.7,31.7
case3_0031,upcountry_normal,2024,3,305.9,25.6
case3_0031,upcountry_normal,2024,4,459.0,24.6
case3_0031,upcountry_normal,2024,5,385.5,30.3
case3_0031,upcountry_normal,2024,6,357.6,24.6
case3_0031,upcountry_normal,2024,7,358.7,19.2
case3_0031,upcountry_normal,2024,8,295.9,22.7
case3_0031,upcountry_normal,2024,9,298.4,27.0
case3_0031,upcountry_normal,2024,10,253.2,22.2
case3_0031,upcountry_normal,2024,11,166.6,18.0
case3_0031,upcountry_normal,2024,12,195.4,15.4
case3_0031,upcountry_normal,2025,1,182.3,16.8
case3_0031,upcountry_normal,2025,2,175.9,19.2
case3_0031,upcountry_normal,2025,3,279.8,22.8
case3_0031,upcountry_normal,2025,4,446.0,26.5
case3_0031,upcountry_normal,2025,5,429.5,29.1
case3_0031,upcountry_normal,2025,6,455.7,23.8
case3_0031,upcountry_normal,2025,7,408.4,26.2
case3_0031,upcountry_normal,2025,8,394.8,24.5
case3_0031,upcountry_normal,2025,9,354.3,27.5
case3_0031,upcountry_normal,2025,10,338.6,24.9
case3_0031,upcountry_normal,2025,11,167.5,22.4
case3_0031,upcountry_normal,2025,12,185.7,22.3
case3_0031,upcountry_normal,2026,1,167.0,20.2
case3_0031,upcountry_normal,2026,2,151.4,19.0
case3_0031,upcountry_normal,2026,3,292.2,23.0
case3_0031,upcountry_normal,2026,4,391.5,23.6
case3_0031,upcountry_normal,2026,5,439.3,29.0
case3_0031,upcountry_normal,2026,6,412.3,23.1
case3_0031,upcountry_normal,2026,7,353.7,25.0
case3_0031,upcountry_normal,2026,8,324.0,25.4
case3_0032,upcountry_normal,2024,3,252.4,12.3
case3_0032,upcountry_normal,2024,4,310.6,12.4
case3_0032,upcountry_normal,2024,5,289.6,12.7
case3_0032,upcountry_normal,2024,6,283.7,11.8
case3_0032,upcountry_normal,2024,7,269.7,12.4
case3_0032,upcountry_normal,2024,8,326.0,13.3
case3_0032,upcountry_normal,2024,9,243.1,10.7
case3_0032,upcountry_normal,2024,10,183.7,11.2
case3_0032,upcountry_normal,2024,11,222.2,10.0
case3_0032,upcountry_normal,2024,12,236.9,9.7
case3_0032,upcountry_normal,2025,1,223.5,10.0
case3_0032,upcountry_normal,2025,2,185.0,9.7
case3_0032,upcountry_normal,2025,3,267.8,12.6
case3_0032,upcountry_normal,2025,4,311.1,12.9
case3_0032,upcountry_normal,2025,5,301.4,12.3
case3_0032,upcountry_normal,2025,6,309.2,14.2
case3_0032,upcountry_normal,2025,7,259.3,13.5
case3_0032,upcountry_normal,2025,8,228.0,11.7
case3_0032,upcountry_normal,2025,9,244.0,11.3
case3_0032,upcountry_normal,2025,10,231.9,11.4
case3_0032,upcountry_normal,2025,11,191.5,10.0
case3_0032,upcountry_normal,2025,12,203.0,9.6
case3_0032,upcountry_normal,2026,1,180.5,9.9
case3_0032,upcountry_normal,2026,2,194.5,9.4
case3_0032,upcountry_normal,2026,3,257.7,12.8
case3_0032,upcountry_normal,2026,4,243.7,14.6
case3_0032,upcountry_normal,2026,5,237.3,12.1
case3_0032,upcountry_normal,2026,6,227.5,13.2
case3_0032,upcountry_normal,2026,7,203.4,11.9
case3_0032,upcountry_normal,2026,8,239.6,10.6
case3_0033,upcountry_normal,2024,3,208.5,17.8
case3_0033,upcountry_normal,2024,4,243.8,18.1
case3_0033,upcountry_normal,2024,5,228.8,21.1
case3_0033,upcountry_normal,2024,6,237.0,21.3
case3_0033,upcountry_normal,2024,7,237.7,21.4
case3_0033,upcountry_normal,2024,8,178.4,19.0
case3_0033,upcountry_normal,2024,9,208.4,17.3
case3_0033,upcountry_normal,2024,10,161.6,15.1
case3_0033,upcountry_normal,2024,11,142.5,14.5
case3_0033,upcountry_normal,2024,12,154.5,15.0
case3_0033,upcountry_normal,2025,1,139.9,15.6
case3_0033,upcountry_normal,2025,2,125.5,17.4
case3_0033,upcountry_normal,2025,3,176.4,18.5
case3_0033,upcountry_normal,2025,4,260.1,19.9
case3_0033,upcountry_normal,2025,5,217.4,17.4
case3_0033,upcountry_normal,2025,6,180.9,16.7
case3_0033,upcountry_normal,2025,7,209.2,17.6
case3_0033,upcountry_normal,2025,8,201.3,18.7
case3_0033,upcountry_normal,2025,9,181.2,18.7
case3_0033,upcountry_normal,2025,10,187.6,16.9
case3_0033,upcountry_normal,2025,11,145.2,15.1
case3_0033,upcountry_normal,2025,12,136.7,12.3
case3_0033,upcountry_normal,2026,1,130.9,17.7
case3_0033,upcountry_normal,2026,2,122.1,16.0
case3_0033,upcountry_normal,2026,3,176.8,15.6
case3_0033,upcountry_normal,2026,4,183.3,16.5
case3_0033,upcountry_normal,2026,5,180.2,18.1
case3_0033,upcountry_normal,2026,6,189.2,17.3
case3_0033,upcountry_normal,2026,7,208.3,18.1
case3_0033,upcountry_normal,2026,8,159.7,15.4
case3_0034,upcountry_normal,2024,3,285.1,15.8
case3_0034,upcountry_normal,2024,4,363.7,16.9
case3_0034,upcountry_normal,2024,5,338.7,15.8
case3_0034,upcountry_normal,2024,6,329.3,17.0
case3_0034,upcountry_normal,2024,7,332.0,18.0
case3_0034,upcountry_normal,2024,8,368.2,16.0
case3_0034,upcountry_normal,2024,9,359.6,13.2
case3_0034,upcountry_normal,2024,10,251.8,13.4
case3_0034,upcountry_normal,2024,11,183.1,9.9
case3_0034,upcountry_normal,2024,12,168.3,11.0
case3_0034,upcountry_normal,2025,1,181.7,12.1
case3_0034,upcountry_normal,2025,2,174.8,10.4
case3_0034,upcountry_normal,2025,3,308.2,13.6
case3_0034,upcountry_normal,2025,4,404.2,16.5
case3_0034,upcountry_normal,2025,5,433.9,14.6
case3_0034,upcountry_normal,2025,6,391.3,13.9
case3_0034,upcountry_normal,2025,7,413.2,15.5
case3_0034,upcountry_normal,2025,8,356.1,15.3
case3_0034,upcountry_normal,2025,9,297.2,16.1
case3_0034,upcountry_normal,2025,10,318.1,15.6
case3_0034,upcountry_normal,2025,11,196.8,11.3
case3_0034,upcountry_normal,2025,12,158.2,11.2
case3_0034,upcountry_normal,2026,1,190.4,10.7
case3_0034,upcountry_normal,2026,2,213.3,11.4
case3_0034,upcountry_normal,2026,3,285.6,11.2
case3_0034,upcountry_normal,2026,4,390.5,14.0
case3_0034,upcountry_normal,2026,5,407.4,14.0
case3_0034,upcountry_normal,2026,6,376.7,15.1
case3_0034,upcountry_normal,2026,7,354.3,16.4
case3_0034,upcountry_normal,2026,8,283.4,16.7
case3_0035,upcountry_normal,2024,3,853.2,10.1
case3_0035,upcountry_normal,2024,4,992.2,10.1
case3_0035,upcountry_normal,2024,5,1207.3,9.4
case3_0035,upcountry_normal,2024,6,1027.0,11.9
case3_0035,upcountry_normal,2024,7,1035.0,9.5
case3_0035,upcountry_normal,2024,8,1035.5,11.3
case3_0035,upcountry_normal,2024,9,885.4,11.3
case3_0035,upcountry_normal,2024,10,894.6,9.5
case3_0035,upcountry_normal,2024,11,446.5,9.6
case3_0035,upcountry_normal,2024,12,557.3,8.6
case3_0035,upcountry_normal,2025,1,463.9,8.6
case3_0035,upcountry_normal,2025,2,541.5,8.4
case3_0035,upcountry_normal,2025,3,733.5,9.2
case3_0035,upcountry_normal,2025,4,1012.6,11.9
case3_0035,upcountry_normal,2025,5,1082.7,11.3
case3_0035,upcountry_normal,2025,6,1068.4,11.4
case3_0035,upcountry_normal,2025,7,1103.7,11.0
case3_0035,upcountry_normal,2025,8,1049.1,13.4
case3_0035,upcountry_normal,2025,9,793.1,10.0
case3_0035,upcountry_normal,2025,10,693.5,10.1
case3_0035,upcountry_normal,2025,11,522.9,10.3
case3_0035,upcountry_normal,2025,12,504.7,8.6
case3_0035,upcountry_normal,2026,1,457.9,8.7
case3_0035,upcountry_normal,2026,2,482.4,10.1
case3_0035,upcountry_normal,2026,3,798.9,12.1
case3_0035,upcountry_normal,2026,4,1111.8,13.0
case3_0035,upcountry_normal,2026,5,1121.4,13.5
case3_0035,upcountry_normal,2026,6,884.1,11.6
case3_0035,upcountry_normal,2026,7,847.1,10.7
case3_0035,upcountry_normal,2026,8,842.1,11.2
case3_0036,upcountry_normal,2024,3,530.5,4.3
case3_0036,upcountry_normal,2024,4,575.5,5.0
case3_0036,upcountry_normal,2024,5,485.6,4.3
case3_0036,upcountry_normal,2024,6,574.8,5.0
case3_0036,upcountry_normal,2024,7,506.3,4.0
case3_0036,upcountry_normal,2024,8,448.2,4.2
case3_0036,upcountry_normal,2024,9,498.3,3.5
case3_0036,upcountry_normal,2024,10,431.2,4.1
case3_0036,upcountry_normal,2024,11,336.8,4.0
case3_0036,upcountry_normal,2024,12,414.7,3.9
case3_0036,upcountry_normal,2025,1,341.7,4.0
case3_0036,upcountry_normal,2025,2,367.7,4.2
case3_0036,upcountry_normal,2025,3,515.5,3.9
case3_0036,upcountry_normal,2025,4,597.9,4.4
case3_0036,upcountry_normal,2025,5,499.1,4.1
case3_0036,upcountry_normal,2025,6,492.2,4.9
case3_0036,upcountry_normal,2025,7,474.5,3.7
case3_0036,upcountry_normal,2025,8,534.2,3.6
case3_0036,upcountry_normal,2025,9,444.6,3.8
case3_0036,upcountry_normal,2025,10,554.4,3.8
case3_0036,upcountry_normal,2025,11,403.2,4.2
case3_0036,upcountry_normal,2025,12,392.7,3.5
case3_0036,upcountry_normal,2026,1,345.1,3.6
case3_0036,upcountry_normal,2026,2,392.1,3.7
case3_0036,upcountry_normal,2026,3,467.5,4.4
case3_0036,upcountry_normal,2026,4,542.8,4.7
case3_0036,upcountry_normal,2026,5,467.0,4.6
case3_0036,upcountry_normal,2026,6,605.1,4.5
case3_0036,upcountry_normal,2026,7,562.5,4.5
case3_0036,upcountry_normal,2026,8,475.4,4.4
case3_0037,upcountry_normal,2024,3,327.8,9.0
case3_0037,upcountry_normal,2024,4,382.5,13.2
case3_0037,upcountry_normal,2024,5,397.2,10.4
case3_0037,upcountry_normal,2024,6,408.4,9.5
case3_0037,upcountry_normal,2024,7,416.6,10.1
case3_0037,upcountry_normal,2024,8,370.5,9.7
case3_0037,upcountry_normal,2024,9,340.1,10.3
case3_0037,upcountry_normal,2024,10,322.3,8.9
case3_0037,upcountry_normal,2024,11,228.1,9.3
case3_0037,upcountry_normal,2024,12,241.2,7.8
case3_0037,upcountry_normal,2025,1,225.2,7.9
case3_0037,upcountry_normal,2025,2,299.0,8.3
case3_0037,upcountry_normal,2025,3,360.1,8.7
case3_0037,upcountry_normal,2025,4,402.5,11.0
case3_0037,upcountry_normal,2025,5,419.1,10.8
case3_0037,upcountry_normal,2025,6,411.3,11.2
case3_0037,upcountry_normal,2025,7,369.3,9.5
case3_0037,upcountry_normal,2025,8,371.2,9.6
case3_0037,upcountry_normal,2025,9,343.2,9.7
case3_0037,upcountry_normal,2025,10,340.0,10.3
case3_0037,upcountry_normal,2025,11,252.3,9.0
case3_0037,upcountry_normal,2025,12,252.0,9.3
case3_0037,upcountry_normal,2026,1,257.5,9.4
case3_0037,upcountry_normal,2026,2,268.7,10.0
case3_0037,upcountry_normal,2026,3,289.6,10.4
case3_0037,upcountry_normal,2026,4,363.8,9.2
case3_0037,upcountry_normal,2026,5,323.7,9.6
case3_0037,upcountry_normal,2026,6,330.4,11.8
case3_0037,upcountry_normal,2026,7,265.6,10.3
case3_0037,upcountry_normal,2026,8,229.3,10.7
case3_0038,upcountry_normal,2024,3,300.0,2.4
case3_0038,upcountry_normal,2024,4,339.8,3.0
case3_0038,upcountry_normal,2024,5,387.3,2.9
case3_0038,upcountry_normal,2024,6,358.3,2.6
case3_0038,upcountry_normal,2024,7,313.9,2.6
case3_0038,upcountry_normal,2024,8,307.4,2.7
case3_0038,upcountry_normal,2024,9,294.0,2.4
case3_0038,upcountry_normal,2024,10,257.2,2.6
case3_0038,upcountry_normal,2024,11,265.6,2.9
case3_0038,upcountry_normal,2024,12,290.6,2.2
case3_0038,upcountry_normal,2025,1,315.8,2.1
case3_0038,upcountry_normal,2025,2,268.8,2.2
case3_0038,upcountry_normal,2025,3,354.8,2.5
case3_0038,upcountry_normal,2025,4,481.2,2.6
case3_0038,upcountry_normal,2025,5,328.9,3.0
case3_0038,upcountry_normal,2025,6,315.8,2.7
case3_0038,upcountry_normal,2025,7,310.6,2.9
case3_0038,upcountry_normal,2025,8,402.3,2.9
case3_0038,upcountry_normal,2025,9,372.4,2.6
case3_0038,upcountry_normal,2025,10,332.6,2.6
case3_0038,upcountry_normal,2025,11,272.5,2.8
case3_0038,upcountry_normal,2025,12,261.3,2.4
case3_0038,upcountry_normal,2026,1,244.4,2.2
case3_0038,upcountry_normal,2026,2,260.7,2.7
case3_0038,upcountry_normal,2026,3,291.4,2.7
case3_0038,upcountry_normal,2026,4,408.6,2.6
case3_0038,upcountry_normal,2026,5,402.3,2.2
case3_0038,upcountry_normal,2026,6,399.8,2.7
case3_0038,upcountry_normal,2026,7,449.8,2.8
case3_0038,upcountry_normal,2026,8,432.1,2.2
case3_0039,upcountry_normal,2024,3,433.2,5.0
case3_0039,upcountry_normal,2024,4,557.9,6.3
case3_0039,upcountry_normal,2024,5,502.7,6.7
case3_0039,upcountry_normal,2024,6,535.8,7.1
case3_0039,upcountry_normal,2024,7,398.5,7.2
case3_0039,upcountry_normal,2024,8,335.3,6.2
case3_0039,upcountry_normal,2024,9,433.4,6.4
case3_0039,upcountry_normal,2024,10,340.9,6.7
case3_0039,upcountry_normal,2024,11,309.1,5.3
case3_0039,upcountry_normal,2024,12,379.0,5.6
case3_0039,upcountry_normal,2025,1,364.4,5.5
case3_0039,upcountry_normal,2025,2,332.0,5.6
case3_0039,upcountry_normal,2025,3,403.7,5.1
case3_0039,upcountry_normal,2025,4,543.1,7.0
case3_0039,upcountry_normal,2025,5,454.2,6.8
case3_0039,upcountry_normal,2025,6,472.2,7.3
case3_0039,upcountry_normal,2025,7,460.0,7.4
case3_0039,upcountry_normal,2025,8,451.4,7.3
case3_0039,upcountry_normal,2025,9,420.2,7.3
case3_0039,upcountry_normal,2025,10,366.5,7.0
case3_0039,upcountry_normal,2025,11,275.0,6.8
case3_0039,upcountry_normal,2025,12,346.0,5.9
case3_0039,upcountry_normal,2026,1,325.1,4.8
case3_0039,upcountry_normal,2026,2,362.8,5.5
case3_0039,upcountry_normal,2026,3,448.1,6.4
case3_0039,upcountry_normal,2026,4,403.5,7.7
case3_0039,upcountry_normal,2026,5,481.9,7.4
case3_0039,upcountry_normal,2026,6,454.4,6.9
case3_0039,upcountry_normal,2026,7,485.2,7.6
case3_0039,upcountry_normal,2026,8,406.5,6.9
case3_0040,upcountry_normal,2024,3,350.5,16.7
case3_0040,upcountry_normal,2024,4,559.2,23.5
case3_0040,upcountry_normal,2024,5,475.8,21.2
case3_0040,upcountry_normal,2024,6,419.1,22.2
case3_0040,upcountry_normal,2024,7,415.5,23.0
case3_0040,upcountry_normal,2024,8,335.7,25.4
case3_0040,upcountry_normal,2024,9,421.7,20.1
case3_0040,upcountry_normal,2024,10,318.9,23.1
case3_0040,upcountry_normal,2024,11,231.6,20.5
case3_0040,upcountry_normal,2024,12,241.2,19.0
case3_0040,upcountry_normal,2025,1,288.9,18.7
case3_0040,upcountry_normal,2025,2,296.1,19.3
case3_0040,upcountry_normal,2025,3,393.5,23.7
case3_0040,upcountry_normal,2025,4,488.2,25.7
case3_0040,upcountry_normal,2025,5,364.1,22.2
case3_0040,upcountry_normal,2025,6,456.3,20.9
case3_0040,upcountry_normal,2025,7,427.6,22.2
case3_0040,upcountry_normal,2025,8,371.6,19.5
case3_0040,upcountry_normal,2025,9,326.5,25.7
case3_0040,upcountry_normal,2025,10,338.6,26.2
case3_0040,upcountry_normal,2025,11,226.4,15.6
case3_0040,upcountry_normal,2025,12,234.7,16.2
case3_0040,upcountry_normal,2026,1,292.5,12.7
case3_0040,upcountry_normal,2026,2,251.0,18.2
case3_0040,upcountry_normal,2026,3,349.7,16.0
case3_0040,upcountry_normal,2026,4,432.0,15.9
case3_0040,upcountry_normal,2026,5,469.4,22.6
case3_0040,upcountry_normal,2026,6,394.1,18.8
case3_0040,upcountry_normal,2026,7,418.6,19.5
case3_0040,upcountry_normal,2026,8,416.9,16.5
case3_0041,upcountry_normal,2024,3,175.3,10.6
case3_0041,upcountry_normal,2024,4,223.9,12.7
case3_0041,upcountry_normal,2024,5,214.9,13.8
case3_0041,upcountry_normal,2024,6,209.4,12.8
case3_0041,upcountry_normal,2024,7,208.4,11.6
case3_0041,upcountry_normal,2024,8,216.9,11.6
case3_0041,upcountry_normal,2024,9,178.6,12.4
case3_0041,upcountry_normal,2024,10,157.5,10.3
case3_0041,upcountry_normal,2024,11,110.8,10.7
case3_0041,upcountry_normal,2024,12,113.4,9.5
case3_0041,upcountry_normal,2025,1,114.7,10.1
case3_0041,upcountry_normal,2025,2,121.2,9.7
case3_0041,upcountry_normal,2025,3,164.9,11.4
case3_0041,upcountry_normal,2025,4,261.2,11.4
case3_0041,upcountry_normal,2025,5,237.2,11.6
case3_0041,upcountry_normal,2025,6,218.8,12.0
case3_0041,upcountry_normal,2025,7,215.0,10.8
case3_0041,upcountry_normal,2025,8,189.6,10.4
case3_0041,upcountry_normal,2025,9,205.1,12.9
case3_0041,upcountry_normal,2025,10,153.3,12.3
case3_0041,upcountry_normal,2025,11,105.3,10.7
case3_0041,upcountry_normal,2025,12,120.3,10.7
case3_0041,upcountry_normal,2026,1,121.5,10.2
case3_0041,upcountry_normal,2026,2,116.3,11.0
case3_0041,upcountry_normal,2026,3,156.6,12.3
case3_0041,upcountry_normal,2026,4,202.2,12.3
case3_0041,upcountry_normal,2026,5,248.4,12.4
case3_0041,upcountry_normal,2026,6,228.8,12.6
case3_0041,upcountry_normal,2026,7,156.6,12.7
case3_0041,upcountry_normal,2026,8,187.3,10.8
case3_0042,upcountry_normal,2024,3,309.3,8.8
case3_0042,upcountry_normal,2024,4,388.4,10.8
case3_0042,upcountry_normal,2024,5,341.1,10.4
case3_0042,upcountry_normal,2024,6,367.5,10.3
case3_0042,upcountry_normal,2024,7,413.5,10.3
case3_0042,upcountry_normal,2024,8,457.7,10.5
case3_0042,upcountry_normal,2024,9,388.4,9.4
case3_0042,upcountry_normal,2024,10,297.5,8.7
case3_0042,upcountry_normal,2024,11,226.7,7.9
case3_0042,upcountry_normal,2024,12,226.9,9.5
case3_0042,upcountry_normal,2025,1,296.5,8.8
case3_0042,upcountry_normal,2025,2,255.8,8.1
case3_0042,upcountry_normal,2025,3,436.5,10.7
case3_0042,upcountry_normal,2025,4,559.4,11.6
case3_0042,upcountry_normal,2025,5,613.3,11.2
case3_0042,upcountry_normal,2025,6,528.1,11.0
case3_0042,upcountry_normal,2025,7,532.0,8.9
case3_0042,upcountry_normal,2025,8,521.4,9.1
case3_0042,upcountry_normal,2025,9,541.6,8.7
case3_0042,upcountry_normal,2025,10,428.5,8.5
case3_0042,upcountry_normal,2025,11,279.0,8.8
case3_0042,upcountry_normal,2025,12,258.2,11.2
case3_0042,upcountry_normal,2026,1,234.4,10.8
case3_0042,upcountry_normal,2026,2,280.9,10.9
case3_0042,upcountry_normal,2026,3,476.0,9.6
case3_0042,upcountry_normal,2026,4,682.6,12.2
case3_0042,upcountry_normal,2026,5,633.4,11.4
case3_0042,upcountry_normal,2026,6,720.3,9.9
case3_0042,upcountry_normal,2026,7,662.3,9.8
case3_0042,upcountry_normal,2026,8,582.7,11.1
case3_0043,upcountry_normal,2024,3,272.8,5.6
case3_0043,upcountry_normal,2024,4,419.9,7.1
case3_0043,upcountry_normal,2024,5,355.4,7.0
case3_0043,upcountry_normal,2024,6,382.3,6.5
case3_0043,upcountry_normal,2024,7,383.1,6.5
case3_0043,upcountry_normal,2024,8,382.5,6.2
case3_0043,upcountry_normal,2024,9,328.2,5.2
case3_0043,upcountry_normal,2024,10,269.3,6.1
case3_0043,upcountry_normal,2024,11,157.7,5.0
case3_0043,upcountry_normal,2024,12,211.4,6.0
case3_0043,upcountry_normal,2025,1,152.1,6.1
case3_0043,upcountry_normal,2025,2,183.4,5.1
case3_0043,upcountry_normal,2025,3,310.0,6.5
case3_0043,upcountry_normal,2025,4,416.7,6.7
case3_0043,upcountry_normal,2025,5,450.2,5.2
case3_0043,upcountry_normal,2025,6,486.8,6.4
case3_0043,upcountry_normal,2025,7,403.7,6.0
case3_0043,upcountry_normal,2025,8,394.3,5.7
case3_0043,upcountry_normal,2025,9,378.2,6.1
case3_0043,upcountry_normal,2025,10,309.4,6.3
case3_0043,upcountry_normal,2025,11,208.0,5.4
case3_0043,upcountry_normal,2025,12,210.4,5.4
case3_0043,upcountry_normal,2026,1,195.0,4.3
case3_0043,upcountry_normal,2026,2,218.7,4.9
case3_0043,upcountry_normal,2026,3,365.7,5.4
case3_0043,upcountry_normal,2026,4,468.6,6.2
case3_0043,upcountry_normal,2026,5,499.5,6.8
case3_0043,upcountry_normal,2026,6,385.7,6.6
case3_0043,upcountry_normal,2026,7,347.4,6.8
case3_0043,upcountry_normal,2026,8,431.6,5.6
case3_0044,upcountry_normal,2024,3,624.4,5.0
case3_0044,upcountry_normal,2024,4,797.7,5.5
case3_0044,upcountry_normal,2024,5,651.3,5.2
case3_0044,upcountry_normal,2024,6,707.3,5.9
case3_0044,upcountry_normal,2024,7,709.4,6.6
case3_0044,upcountry_normal,2024,8,513.3,6.6
case3_0044,upcountry_normal,2024,9,623.6,5.2
case3_0044,upcountry_normal,2024,10,706.9,6.1
case3_0044,upcountry_normal,2024,11,621.0,4.5
case3_0044,upcountry_normal,2024,12,618.6,5.5
case3_0044,upcountry_normal,2025,1,616.3,6.1
case3_0044,upcountry_normal,2025,2,591.8,6.1
case3_0044,upcountry_normal,2025,3,660.1,7.2
case3_0044,upcountry_normal,2025,4,650.5,7.0
case3_0044,upcountry_normal,2025,5,722.5,6.7
case3_0044,upcountry_normal,2025,6,696.7,6.6
case3_0044,upcountry_normal,2025,7,637.2,6.8
case3_0044,upcountry_normal,2025,8,601.1,5.8
case3_0044,upcountry_normal,2025,9,620.2,6.9
case3_0044,upcountry_normal,2025,10,618.0,7.6
case3_0044,upcountry_normal,2025,11,504.4,6.4
case3_0044,upcountry_normal,2025,12,519.7,5.7
case3_0044,upcountry_normal,2026,1,703.5,5.8
case3_0044,upcountry_normal,2026,2,642.3,5.4
case3_0044,upcountry_normal,2026,3,618.7,6.6
case3_0044,upcountry_normal,2026,4,636.2,6.6
case3_0044,upcountry_normal,2026,5,595.6,7.0
case3_0044,upcountry_normal,2026,6,616.4,7.1
case3_0044,upcountry_normal,2026,7,641.7,5.5
case3_0044,upcountry_normal,2026,8,666.6,7.8
case3_0045,upcountry_normal,2024,3,252.3,7.0
case3_0045,upcountry_normal,2024,4,375.7,7.3
case3_0045,upcountry_normal,2024,5,287.4,7.1
case3_0045,upcountry_normal,2024,6,316.1,6.5
case3_0045,upcountry_normal,2024,7,297.6,7.4
case3_0045,upcountry_normal,2024,8,307.7,8.9
case3_0045,upcountry_normal,2024,9,307.4,6.8
case3_0045,upcountry_normal,2024,10,226.5,6.0
case3_0045,upcountry_normal,2024,11,111.2,5.5
case3_0045,upcountry_normal,2024,12,123.7,6.2
case3_0045,upcountry_normal,2025,1,108.1,6.6
case3_0045,upcountry_normal,2025,2,138.8,6.1
case3_0045,upcountry_normal,2025,3,243.5,6.5
case3_0045,upcountry_normal,2025,4,406.2,7.7
case3_0045,upcountry_normal,2025,5,345.0,6.5
case3_0045,upcountry_normal,2025,6,386.9,7.0
case3_0045,upcountry_normal,2025,7,264.4,5.9
case3_0045,upcountry_normal,2025,8,290.9,6.0
case3_0045,upcountry_normal,2025,9,256.7,6.8
case3_0045,upcountry_normal,2025,10,190.1,5.7
case3_0045,upcountry_normal,2025,11,137.5,5.0
case3_0045,upcountry_normal,2025,12,116.8,4.6
case3_0045,upcountry_normal,2026,1,120.0,4.2
case3_0045,upcountry_normal,2026,2,120.4,5.3
case3_0045,upcountry_normal,2026,3,241.3,5.4
case3_0045,upcountry_normal,2026,4,312.2,6.5
case3_0045,upcountry_normal,2026,5,284.6,6.1
case3_0045,upcountry_normal,2026,6,246.9,5.6
case3_0045,upcountry_normal,2026,7,273.9,6.5
case3_0045,upcountry_normal,2026,8,272.3,5.5
case3_0046,upcountry_normal,2024,3,515.1,4.4
case3_0046,upcountry_normal,2024,4,625.9,4.7
case3_0046,upcountry_normal,2024,5,673.7,5.2
case3_0046,upcountry_normal,2024,6,605.2,5.2
case3_0046,upcountry_normal,2024,7,584.0,4.4
case3_0046,upcountry_normal,2024,8,635.0,4.6
case3_0046,upcountry_normal,2024,9,544.0,4.5
case3_0046,upcountry_normal,2024,10,566.1,4.6
case3_0046,upcountry_normal,2024,11,507.5,3.8
case3_0046,upcountry_normal,2024,12,481.9,4.2
case3_0046,upcountry_normal,2025,1,461.8,4.3
case3_0046,upcountry_normal,2025,2,449.8,3.9
case3_0046,upcountry_normal,2025,3,582.7,5.3
case3_0046,upcountry_normal,2025,4,604.5,5.0
case3_0046,upcountry_normal,2025,5,561.4,5.0
case3_0046,upcountry_normal,2025,6,519.5,5.3
case3_0046,upcountry_normal,2025,7,521.4,5.2
case3_0046,upcountry_normal,2025,8,526.4,4.4
case3_0046,upcountry_normal,2025,9,632.8,5.9
case3_0046,upcountry_normal,2025,10,569.5,5.1
case3_0046,upcountry_normal,2025,11,470.1,5.0
case3_0046,upcountry_normal,2025,12,421.9,4.5
case3_0046,upcountry_normal,2026,1,477.0,6.0
case3_0046,upcountry_normal,2026,2,474.2,6.3
case3_0046,upcountry_normal,2026,3,560.9,6.4
case3_0046,upcountry_normal,2026,4,621.9,6.0
case3_0046,upcountry_normal,2026,5,559.2,5.8
case3_0046,upcountry_normal,2026,6,605.6,7.8
case3_0046,upcountry_normal,2026,7,590.2,6.4
case3_0046,upcountry_normal,2026,8,526.5,5.8
case3_0047,upcountry_normal,2024,3,112.7,2.9
case3_0047,upcountry_normal,2024,4,194.8,2.7
case3_0047,upcountry_normal,2024,5,158.4,3.0
case3_0047,upcountry_normal,2024,6,177.3,3.3
case3_0047,upcountry_normal,2024,7,186.8,3.2
case3_0047,upcountry_normal,2024,8,161.7,3.0
case3_0047,upcountry_normal,2024,9,176.1,3.2
case3_0047,upcountry_normal,2024,10,132.5,3.0
case3_0047,upcountry_normal,2024,11,78.4,2.7
case3_0047,upcountry_normal,2024,12,85.9,2.7
case3_0047,upcountry_normal,2025,1,90.1,1.9
case3_0047,upcountry_normal,2025,2,82.9,2.1
case3_0047,upcountry_normal,2025,3,158.3,3.0
case3_0047,upcountry_normal,2025,4,179.6,2.8
case3_0047,upcountry_normal,2025,5,192.2,3.1
case3_0047,upcountry_normal,2025,6,216.1,2.8
case3_0047,upcountry_normal,2025,7,203.8,2.8
case3_0047,upcountry_normal,2025,8,197.2,2.3
case3_0047,upcountry_normal,2025,9,187.1,2.3
case3_0047,upcountry_normal,2025,10,155.1,2.5
case3_0047,upcountry_normal,2025,11,105.7,2.4
case3_0047,upcountry_normal,2025,12,99.0,2.1
case3_0047,upcountry_normal,2026,1,69.4,1.9
case3_0047,upcountry_normal,2026,2,89.1,2.4
case3_0047,upcountry_normal,2026,3,112.4,2.8
case3_0047,upcountry_normal,2026,4,160.0,3.2
case3_0047,upcountry_normal,2026,5,184.4,3.4
case3_0047,upcountry_normal,2026,6,205.9,3.3
case3_0047,upcountry_normal,2026,7,162.1,3.1
case3_0047,upcountry_normal,2026,8,128.9,3.0
case3_0048,upcountry_normal,2024,3,332.5,17.7
case3_0048,upcountry_normal,2024,4,444.6,19.5
case3_0048,upcountry_normal,2024,5,469.4,20.7
case3_0048,upcountry_normal,2024,6,411.2,20.0
case3_0048,upcountry_normal,2024,7,389.5,22.2
case3_0048,upcountry_normal,2024,8,392.9,21.8
case3_0048,upcountry_normal,2024,9,352.5,19.1
case3_0048,upcountry_normal,2024,10,287.4,17.9
case3_0048,upcountry_normal,2024,11,221.5,15.5
case3_0048,upcountry_normal,2024,12,225.5,16.3
case3_0048,upcountry_normal,2025,1,216.0,15.0
case3_0048,upcountry_normal,2025,2,203.8,15.4
case3_0048,upcountry_normal,2025,3,336.2,18.6
case3_0048,upcountry_normal,2025,4,468.2,21.4
case3_0048,upcountry_normal,2025,5,373.0,20.8
case3_0048,upcountry_normal,2025,6,442.1,18.1
case3_0048,upcountry_normal,2025,7,325.5,17.9
case3_0048,upcountry_normal,2025,8,350.8,15.2
case3_0048,upcountry_normal,2025,9,347.0,13.3
case3_0048,upcountry_normal,2025,10,281.9,15.4
case3_0048,upcountry_normal,2025,11,249.3,16.7
case3_0048,upcountry_normal,2025,12,233.2,11.8
case3_0048,upcountry_normal,2026,1,230.6,12.2
case3_0048,upcountry_normal,2026,2,205.1,15.3
case3_0048,upcountry_normal,2026,3,239.1,17.3
case3_0048,upcountry_normal,2026,4,329.5,19.0
case3_0048,upcountry_normal,2026,5,407.5,18.2
case3_0048,upcountry_normal,2026,6,320.6,19.7
case3_0048,upcountry_normal,2026,7,322.0,17.0
case3_0048,upcountry_normal,2026,8,314.4,16.4
case3_0049,upcountry_normal,2024,3,212.1,24.9
case3_0049,upcountry_normal,2024,4,190.0,26.5
case3_0049,upcountry_normal,2024,5,159.3,28.1
case3_0049,upcountry_normal,2024,6,187.9,30.7
case3_0049,upcountry_normal,2024,7,144.1,24.2
case3_0049,upcountry_normal,2024,8,171.4,26.2
case3_0049,upcountry_normal,2024,9,143.6,25.1
case3_0049,upcountry_normal,2024,10,160.9,25.7
case3_0049,upcountry_normal,2024,11,160.8,20.0
case3_0049,upcountry_normal,2024,12,136.4,21.5
case3_0049,upcountry_normal,2025,1,162.8,23.8
case3_0049,upcountry_normal,2025,2,173.4,26.3
case3_0049,upcountry_normal,2025,3,185.9,27.4
case3_0049,upcountry_normal,2025,4,164.8,33.6
case3_0049,upcountry_normal,2025,5,204.9,29.1
case3_0049,upcountry_normal,2025,6,186.1,28.9
case3_0049,upcountry_normal,2025,7,207.2,24.4
case3_0049,upcountry_normal,2025,8,190.3,27.1
case3_0049,upcountry_normal,2025,9,202.9,24.8
case3_0049,upcountry_normal,2025,10,190.8,27.7
case3_0049,upcountry_normal,2025,11,149.9,20.2
case3_0049,upcountry_normal,2025,12,174.7,17.2
case3_0049,upcountry_normal,2026,1,153.6,17.1
case3_0049,upcountry_normal,2026,2,146.2,23.6
case3_0049,upcountry_normal,2026,3,148.9,25.2
case3_0049,upcountry_normal,2026,4,185.3,28.8
case3_0049,upcountry_normal,2026,5,187.7,27.8
case3_0049,upcountry_normal,2026,6,186.1,30.5
case3_0049,upcountry_normal,2026,7,145.0,24.5
case3_0049,upcountry_normal,2026,8,198.2,24.1
case3_0050,upcountry_normal,2024,3,154.0,7.3
case3_0050,upcountry_normal,2024,4,176.8,6.6
case3_0050,upcountry_normal,2024,5,187.1,7.8
case3_0050,upcountry_normal,2024,6,177.6,7.2
case3_0050,upcountry_normal,2024,7,163.9,7.9
case3_0050,upcountry_normal,2024,8,170.6,7.5
case3_0050,upcountry_normal,2024,9,161.3,7.8
case3_0050,upcountry_normal,2024,10,138.6,7.1
case3_0050,upcountry_normal,2024,11,137.9,6.7
case3_0050,upcountry_normal,2024,12,127.8,6.2
case3_0050,upcountry_normal,2025,1,159.3,7.2
case3_0050,upcountry_normal,2025,2,145.1,6.2
case3_0050,upcountry_normal,2025,3,128.5,6.6
case3_0050,upcountry_normal,2025,4,168.4,7.0
case3_0050,upcountry_normal,2025,5,196.9,8.0
case3_0050,upcountry_normal,2025,6,159.5,7.6
case3_0050,upcountry_normal,2025,7,174.5,7.5
case3_0050,upcountry_normal,2025,8,140.8,8.1
case3_0050,upcountry_normal,2025,9,148.3,7.7
case3_0050,upcountry_normal,2025,10,152.8,7.9
case3_0050,upcountry_normal,2025,11,145.4,6.6
case3_0050,upcountry_normal,2025,12,157.2,7.4
case3_0050,upcountry_normal,2026,1,157.1,6.7
case3_0050,upcountry_normal,2026,2,164.6,6.6
case3_0050,upcountry_normal,2026,3,175.9,8.8
case3_0050,upcountry_normal,2026,4,186.4,8.0
case3_0050,upcountry_normal,2026,5,162.7,8.2
case3_0050,upcountry_normal,2026,6,158.3,6.9
case3_0050,upcountry_normal,2026,7,146.3,7.5
case3_0050,upcountry_normal,2026,8,166.6,6.9
case3_0051,upcountry_normal,2024,3,388.5,14.5
case3_0051,upcountry_normal,2024,4,542.8,17.7
case3_0051,upcountry_normal,2024,5,497.5,15.6
case3_0051,upcountry_normal,2024,6,545.7,15.3
case3_0051,upcountry_normal,2024,7,487.1,16.3
case3_0051,upcountry_normal,2024,8,484.3,14.8
case3_0051,upcountry_normal,2024,9,459.9,13.1
case3_0051,upcountry_normal,2024,10,413.3,11.7
case3_0051,upcountry_normal,2024,11,319.7,10.7
case3_0051,upcountry_normal,2024,12,267.6,13.9
case3_0051,upcountry_normal,2025,1,272.1,13.7
case3_0051,upcountry_normal,2025,2,229.8,12.9
case3_0051,upcountry_normal,2025,3,413.5,14.2
case3_0051,upcountry_normal,2025,4,562.4,14.3
case3_0051,upcountry_normal,2025,5,622.4,15.1
case3_0051,upcountry_normal,2025,6,578.6,15.5
case3_0051,upcountry_normal,2025,7,483.5,16.8
case3_0051,upcountry_normal,2025,8,439.5,20.8
case3_0051,upcountry_normal,2025,9,492.9,17.5
case3_0051,upcountry_normal,2025,10,396.9,14.6
case3_0051,upcountry_normal,2025,11,258.9,14.3
case3_0051,upcountry_normal,2025,12,270.5,17.1
case3_0051,upcountry_normal,2026,1,289.5,15.0
case3_0051,upcountry_normal,2026,2,275.3,15.3
case3_0051,upcountry_normal,2026,3,441.2,17.8
case3_0051,upcountry_normal,2026,4,578.1,18.7
case3_0051,upcountry_normal,2026,5,493.9,19.2
case3_0051,upcountry_normal,2026,6,444.9,21.7
case3_0051,upcountry_normal,2026,7,415.9,22.0
case3_0051,upcountry_normal,2026,8,430.8,18.7
case3_0052,upcountry_normal,2024,3,158.8,4.6
case3_0052,upcountry_normal,2024,4,193.8,5.2
case3_0052,upcountry_normal,2024,5,204.1,5.8
case3_0052,upcountry_normal,2024,6,180.3,5.6
case3_0052,upcountry_normal,2024,7,192.8,5.3
case3_0052,upcountry_normal,2024,8,169.9,5.4
case3_0052,upcountry_normal,2024,9,134.4,4.7
case3_0052,upcountry_normal,2024,10,140.0,5.2
case3_0052,upcountry_normal,2024,11,76.2,4.8
case3_0052,upcountry_normal,2024,12,88.9,4.8
case3_0052,upcountry_normal,2025,1,73.8,4.3
case3_0052,upcountry_normal,2025,2,89.0,4.3
case3_0052,upcountry_normal,2025,3,143.0,5.4
case3_0052,upcountry_normal,2025,4,273.8,5.6
case3_0052,upcountry_normal,2025,5,235.5,5.5
case3_0052,upcountry_normal,2025,6,237.5,4.9
case3_0052,upcountry_normal,2025,7,214.1,4.6
case3_0052,upcountry_normal,2025,8,189.5,4.5
case3_0052,upcountry_normal,2025,9,144.5,4.1
case3_0052,upcountry_normal,2025,10,154.5,4.6
case3_0052,upcountry_normal,2025,11,105.9,4.3
case3_0052,upcountry_normal,2025,12,101.3,4.0
case3_0052,upcountry_normal,2026,1,104.2,4.7
case3_0052,upcountry_normal,2026,2,103.2,3.7
case3_0052,upcountry_normal,2026,3,192.4,5.2
case3_0052,upcountry_normal,2026,4,239.6,5.6
case3_0052,upcountry_normal,2026,5,252.0,5.1
case3_0052,upcountry_normal,2026,6,217.7,5.2
case3_0052,upcountry_normal,2026,7,191.3,5.7
case3_0052,upcountry_normal,2026,8,197.9,4.9
case3_0053,upcountry_normal,2024,3,185.8,12.2
case3_0053,upcountry_normal,2024,4,223.3,12.8
case3_0053,upcountry_normal,2024,5,296.4,12.7
case3_0053,upcountry_normal,2024,6,300.9,10.5
case3_0053,upcountry_normal,2024,7,262.0,12.1
case3_0053,upcountry_normal,2024,8,219.5,10.9
case3_0053,upcountry_normal,2024,9,243.9,11.6
case3_0053,upcountry_normal,2024,10,248.8,11.4
case3_0053,upcountry_normal,2024,11,234.6,8.9
case3_0053,upcountry_normal,2024,12,185.6,11.0
case3_0053,upcountry_normal,2025,1,210.0,10.0
case3_0053,upcountry_normal,2025,2,239.0,11.1
case3_0053,upcountry_normal,2025,3,274.5,12.0
case3_0053,upcountry_normal,2025,4,250.5,14.5
case3_0053,upcountry_normal,2025,5,242.9,12.7
case3_0053,upcountry_normal,2025,6,261.2,14.9
case3_0053,upcountry_normal,2025,7,293.3,13.3
case3_0053,upcountry_normal,2025,8,310.9,14.2
case3_0053,upcountry_normal,2025,9,262.9,14.9
case3_0053,upcountry_normal,2025,10,254.6,12.0
case3_0053,upcountry_normal,2025,11,262.4,12.1
case3_0053,upcountry_normal,2025,12,266.6,10.5
case3_0053,upcountry_normal,2026,1,243.6,10.8
case3_0053,upcountry_normal,2026,2,215.0,11.6
case3_0053,upcountry_normal,2026,3,246.8,13.1
case3_0053,upcountry_normal,2026,4,267.0,13.7
case3_0053,upcountry_normal,2026,5,317.2,12.2
case3_0053,upcountry_normal,2026,6,285.3,13.2
case3_0053,upcountry_normal,2026,7,253.6,12.1
case3_0053,upcountry_normal,2026,8,297.3,14.5
case3_0054,upcountry_normal,2024,3,165.7,4.5
case3_0054,upcountry_normal,2024,4,221.9,4.3
case3_0054,upcountry_normal,2024,5,231.1,4.7
case3_0054,upcountry_normal,2024,6,212.8,5.2
case3_0054,upcountry_normal,2024,7,200.5,5.8
case3_0054,upcountry_normal,2024,8,188.0,4.3
case3_0054,upcountry_normal,2024,9,172.5,3.7
case3_0054,upcountry_normal,2024,10,189.9,3.6
case3_0054,upcountry_normal,2024,11,163.5,3.7
case3_0054,upcountry_normal,2024,12,135.2,4.3
case3_0054,upcountry_normal,2025,1,137.8,5.0
case3_0054,upcountry_normal,2025,2,151.6,4.9
case3_0054,upcountry_normal,2025,3,181.0,4.1
case3_0054,upcountry_normal,2025,4,213.9,4.4
case3_0054,upcountry_normal,2025,5,217.1,5.3
case3_0054,upcountry_normal,2025,6,205.6,4.9
case3_0054,upcountry_normal,2025,7,175.1,5.1
case3_0054,upcountry_normal,2025,8,187.9,4.6
case3_0054,upcountry_normal,2025,9,188.0,5.2
case3_0054,upcountry_normal,2025,10,171.4,4.3
case3_0054,upcountry_normal,2025,11,137.3,4.0
case3_0054,upcountry_normal,2025,12,101.4,3.7
case3_0054,upcountry_normal,2026,1,91.0,4.5
case3_0054,upcountry_normal,2026,2,90.1,4.0
case3_0054,upcountry_normal,2026,3,113.3,4.8
case3_0054,upcountry_normal,2026,4,175.0,5.7
case3_0054,upcountry_normal,2026,5,162.3,5.3
case3_0054,upcountry_normal,2026,6,142.8,4.2
case3_0054,upcountry_normal,2026,7,149.7,5.2
case3_0054,upcountry_normal,2026,8,147.9,5.1
case3_0055,upcountry_normal,2024,3,338.8,13.2
case3_0055,upcountry_normal,2024,4,456.0,15.7
case3_0055,upcountry_normal,2024,5,303.2,14.1
case3_0055,upcountry_normal,2024,6,363.1,16.4
case3_0055,upcountry_normal,2024,7,351.0,17.4
case3_0055,upcountry_normal,2024,8,421.7,15.3
case3_0055,upcountry_normal,2024,9,411.5,14.8
case3_0055,upcountry_normal,2024,10,314.4,15.7
case3_0055,upcountry_normal,2024,11,287.0,12.8
case3_0055,upcountry_normal,2024,12,273.3,12.3
case3_0055,upcountry_normal,2025,1,257.2,13.8
case3_0055,upcountry_normal,2025,2,240.6,14.1
case3_0055,upcountry_normal,2025,3,296.1,15.4
case3_0055,upcountry_normal,2025,4,399.1,17.9
case3_0055,upcountry_normal,2025,5,327.7,16.3
case3_0055,upcountry_normal,2025,6,396.1,17.1
case3_0055,upcountry_normal,2025,7,290.2,18.5
case3_0055,upcountry_normal,2025,8,295.7,15.8
case3_0055,upcountry_normal,2025,9,376.6,17.1
case3_0055,upcountry_normal,2025,10,374.4,17.2
case3_0055,upcountry_normal,2025,11,328.7,12.3
case3_0055,upcountry_normal,2025,12,302.0,14.3
case3_0055,upcountry_normal,2026,1,305.8,12.7
case3_0055,upcountry_normal,2026,2,387.9,14.8
case3_0055,upcountry_normal,2026,3,460.3,16.5
case3_0055,upcountry_normal,2026,4,468.2,16.0
case3_0055,upcountry_normal,2026,5,437.2,14.4
case3_0055,upcountry_normal,2026,6,377.4,14.5
case3_0055,upcountry_normal,2026,7,343.9,16.4
case3_0055,upcountry_normal,2026,8,335.5,16.0
case3_0056,upcountry_normal,2024,3,315.4,9.8
case3_0056,upcountry_normal,2024,4,386.4,10.7
case3_0056,upcountry_normal,2024,5,385.0,10.9
case3_0056,upcountry_normal,2024,6,308.4,11.7
case3_0056,upcountry_normal,2024,7,331.9,11.5
case3_0056,upcountry_normal,2024,8,249.9,13.1
case3_0056,upcountry_normal,2024,9,290.0,11.6
case3_0056,upcountry_normal,2024,10,295.6,10.3
case3_0056,upcountry_normal,2024,11,302.8,8.3
case3_0056,upcountry_normal,2024,12,339.8,8.5
case3_0056,upcountry_normal,2025,1,295.5,9.3
case3_0056,upcountry_normal,2025,2,307.3,9.5
case3_0056,upcountry_normal,2025,3,372.9,11.0
case3_0056,upcountry_normal,2025,4,461.7,12.5
case3_0056,upcountry_normal,2025,5,431.7,10.7
case3_0056,upcountry_normal,2025,6,485.2,11.2
case3_0056,upcountry_normal,2025,7,353.0,10.6
case3_0056,upcountry_normal,2025,8,388.6,11.3
case3_0056,upcountry_normal,2025,9,434.7,13.1
case3_0056,upcountry_normal,2025,10,429.4,10.4
case3_0056,upcountry_normal,2025,11,357.4,11.0
case3_0056,upcountry_normal,2025,12,355.5,9.7
case3_0056,upcountry_normal,2026,1,347.2,9.3
case3_0056,upcountry_normal,2026,2,342.2,10.9
case3_0056,upcountry_normal,2026,3,414.6,9.1
case3_0056,upcountry_normal,2026,4,496.6,13.9
case3_0056,upcountry_normal,2026,5,407.1,12.6
case3_0056,upcountry_normal,2026,6,458.9,9.9
case3_0056,upcountry_normal,2026,7,384.5,11.0
case3_0056,upcountry_normal,2026,8,487.0,10.2
case3_0057,upcountry_normal,2024,3,75.6,4.8
case3_0057,upcountry_normal,2024,4,88.1,6.1
case3_0057,upcountry_normal,2024,5,112.7,5.5
case3_0057,upcountry_normal,2024,6,94.5,5.2
case3_0057,upcountry_normal,2024,7,91.6,5.2
case3_0057,upcountry_normal,2024,8,97.0,5.8
case3_0057,upcountry_normal,2024,9,83.8,4.8
case3_0057,upcountry_normal,2024,10,71.8,5.9
case3_0057,upcountry_normal,2024,11,51.1,4.9
case3_0057,upcountry_normal,2024,12,61.1,4.0
case3_0057,upcountry_normal,2025,1,58.4,3.7
case3_0057,upcountry_normal,2025,2,60.1,4.5
case3_0057,upcountry_normal,2025,3,68.9,4.5
case3_0057,upcountry_normal,2025,4,90.5,5.6
case3_0057,upcountry_normal,2025,5,102.2,5.0
case3_0057,upcountry_normal,2025,6,96.9,5.0
case3_0057,upcountry_normal,2025,7,87.9,4.8
case3_0057,upcountry_normal,2025,8,79.8,5.1
case3_0057,upcountry_normal,2025,9,74.3,5.7
case3_0057,upcountry_normal,2025,10,75.7,5.6
case3_0057,upcountry_normal,2025,11,47.9,5.2
case3_0057,upcountry_normal,2025,12,48.9,4.5
case3_0057,upcountry_normal,2026,1,50.6,3.8
case3_0057,upcountry_normal,2026,2,54.0,3.8
case3_0057,upcountry_normal,2026,3,80.0,4.8
case3_0057,upcountry_normal,2026,4,101.4,4.9
case3_0057,upcountry_normal,2026,5,103.7,5.5
case3_0057,upcountry_normal,2026,6,88.4,5.8
case3_0057,upcountry_normal,2026,7,72.1,6.0
case3_0057,upcountry_normal,2026,8,84.4,5.4
case3_0058,upcountry_normal,2024,3,355.4,15.2
case3_0058,upcountry_normal,2024,4,486.9,14.9
case3_0058,upcountry_normal,2024,5,447.3,15.3
case3_0058,upcountry_normal,2024,6,410.4,16.3
case3_0058,upcountry_normal,2024,7,437.0,14.7
case3_0058,upcountry_normal,2024,8,327.3,15.8
case3_0058,upcountry_normal,2024,9,382.0,13.1
case3_0058,upcountry_normal,2024,10,408.7,14.6
case3_0058,upcountry_normal,2024,11,293.9,12.4
case3_0058,upcountry_normal,2024,12,272.8,12.7
case3_0058,upcountry_normal,2025,1,326.0,11.1
case3_0058,upcountry_normal,2025,2,320.2,12.0
case3_0058,upcountry_normal,2025,3,431.9,14.3
case3_0058,upcountry_normal,2025,4,460.6,13.7
case3_0058,upcountry_normal,2025,5,502.4,9.7
case3_0058,upcountry_normal,2025,6,423.4,11.7
case3_0058,upcountry_normal,2025,7,438.0,11.3
case3_0058,upcountry_normal,2025,8,451.1,11.0
case3_0058,upcountry_normal,2025,9,434.8,10.9
case3_0058,upcountry_normal,2025,10,517.1,11.4
case3_0058,upcountry_normal,2025,11,349.3,9.7
case3_0058,upcountry_normal,2025,12,337.3,13.3
case3_0058,upcountry_normal,2026,1,355.1,11.7
case3_0058,upcountry_normal,2026,2,277.0,11.8
case3_0058,upcountry_normal,2026,3,421.9,11.9
case3_0058,upcountry_normal,2026,4,482.4,14.1
case3_0058,upcountry_normal,2026,5,476.2,16.1
case3_0058,upcountry_normal,2026,6,477.2,15.4
case3_0058,upcountry_normal,2026,7,398.0,15.9
case3_0058,upcountry_normal,2026,8,444.3,14.5
case3_0059,upcountry_normal,2024,3,185.8,25.9
case3_0059,upcountry_normal,2024,4,252.0,23.2
case3_0059,upcountry_normal,2024,5,263.5,30.9
case3_0059,upcountry_normal,2024,6,236.2,27.3
case3_0059,upcountry_normal,2024,7,214.9,22.0
case3_0059,upcountry_normal,2024,8,211.9,23.3
case3_0059,upcountry_normal,2024,9,207.9,27.3
case3_0059,upcountry_normal,2024,10,163.1,23.2
case3_0059,upcountry_normal,2024,11,109.5,22.0
case3_0059,upcountry_normal,2024,12,141.9,23.0
case3_0059,upcountry_normal,2025,1,137.1,18.3
case3_0059,upcountry_normal,2025,2,109.7,25.0
case3_0059,upcountry_normal,2025,3,191.1,26.3
case3_0059,upcountry_normal,2025,4,251.7,28.3
case3_0059,upcountry_normal,2025,5,209.9,31.2
case3_0059,upcountry_normal,2025,6,216.8,22.8
case3_0059,upcountry_normal,2025,7,194.8,27.8
case3_0059,upcountry_normal,2025,8,228.2,27.6
case3_0059,upcountry_normal,2025,9,221.4,27.0
case3_0059,upcountry_normal,2025,10,199.0,25.2
case3_0059,upcountry_normal,2025,11,119.6,25.7
case3_0059,upcountry_normal,2025,12,101.6,19.6
case3_0059,upcountry_normal,2026,1,103.5,23.2
case3_0059,upcountry_normal,2026,2,124.2,25.2
case3_0059,upcountry_normal,2026,3,197.2,30.7
case3_0059,upcountry_normal,2026,4,257.8,37.8
case3_0059,upcountry_normal,2026,5,238.4,27.9
case3_0059,upcountry_normal,2026,6,237.1,25.6
case3_0059,upcountry_normal,2026,7,208.8,29.6
case3_0059,upcountry_normal,2026,8,202.1,31.7
case3_0060,upcountry_normal,2024,3,760.6,10.0
case3_0060,upcountry_normal,2024,4,1002.9,12.2
case3_0060,upcountry_normal,2024,5,1037.8,11.2
case3_0060,upcountry_normal,2024,6,834.3,12.6
case3_0060,upcountry_normal,2024,7,1027.2,10.3
case3_0060,upcountry_normal,2024,8,1003.0,10.1
case3_0060,upcountry_normal,2024,9,975.7,8.8
case3_0060,upcountry_normal,2024,10,624.8,8.6
case3_0060,upcountry_normal,2024,11,467.5,8.9
case3_0060,upcountry_normal,2024,12,546.4,9.3
case3_0060,upcountry_normal,2025,1,472.5,9.9
case3_0060,upcountry_normal,2025,2,562.1,10.1
case3_0060,upcountry_normal,2025,3,911.2,10.1
case3_0060,upcountry_normal,2025,4,1404.3,12.6
case3_0060,upcountry_normal,2025,5,1043.4,12.3
case3_0060,upcountry_normal,2025,6,1018.7,11.2
case3_0060,upcountry_normal,2025,7,867.0,9.3
case3_0060,upcountry_normal,2025,8,860.5,9.9
case3_0060,upcountry_normal,2025,9,812.5,10.3
case3_0060,upcountry_normal,2025,10,572.9,9.2
case3_0060,upcountry_normal,2025,11,589.5,9.4
case3_0060,upcountry_normal,2025,12,473.5,8.7
case3_0060,upcountry_normal,2026,1,344.7,8.8
case3_0060,upcountry_normal,2026,2,385.9,9.4
case3_0060,upcountry_normal,2026,3,544.1,10.2
case3_0060,upcountry_normal,2026,4,812.6,9.9
case3_0060,upcountry_normal,2026,5,722.7,10.0
case3_0060,upcountry_normal,2026,6,692.9,9.9
case3_0060,upcountry_normal,2026,7,702.0,9.3
case3_0060,upcountry_normal,2026,8,771.6,9.9
case3_0061,upcountry_normal,2024,3,497.1,10.7
case3_0061,upcountry_normal,2024,4,568.1,11.7
case3_0061,upcountry_normal,2024,5,529.9,10.2
case3_0061,upcountry_normal,2024,6,479.6,8.5
case3_0061,upcountry_normal,2024,7,510.0,10.0
case3_0061,upcountry_normal,2024,8,453.4,9.3
case3_0061,upcountry_normal,2024,9,435.0,8.7
case3_0061,upcountry_normal,2024,10,394.7,10.7
case3_0061,upcountry_normal,2024,11,363.4,9.2
case3_0061,upcountry_normal,2024,12,328.2,9.0
case3_0061,upcountry_normal,2025,1,321.5,10.6
case3_0061,upcountry_normal,2025,2,310.8,10.2
case3_0061,upcountry_normal,2025,3,453.5,10.4
case3_0061,upcountry_normal,2025,4,559.0,10.7
case3_0061,upcountry_normal,2025,5,489.6,10.8
case3_0061,upcountry_normal,2025,6,463.5,10.3
case3_0061,upcountry_normal,2025,7,500.7,11.5
case3_0061,upcountry_normal,2025,8,428.4,11.5
case3_0061,upcountry_normal,2025,9,400.3,11.3
case3_0061,upcountry_normal,2025,10,333.3,11.8
case3_0061,upcountry_normal,2025,11,288.4,10.1
case3_0061,upcountry_normal,2025,12,291.3,10.5
case3_0061,upcountry_normal,2026,1,378.8,9.7
case3_0061,upcountry_normal,2026,2,295.1,11.4
case3_0061,upcountry_normal,2026,3,376.4,11.8
case3_0061,upcountry_normal,2026,4,488.2,12.6
case3_0061,upcountry_normal,2026,5,524.6,15.0
case3_0061,upcountry_normal,2026,6,587.6,12.5
case3_0061,upcountry_normal,2026,7,543.1,14.0
case3_0061,upcountry_normal,2026,8,509.5,12.6
case3_0062,upcountry_normal,2024,3,396.2,9.6
case3_0062,upcountry_normal,2024,4,482.3,10.0
case3_0062,upcountry_normal,2024,5,431.0,11.2
case3_0062,upcountry_normal,2024,6,497.2,8.9
case3_0062,upcountry_normal,2024,7,522.1,9.2
case3_0062,upcountry_normal,2024,8,489.6,11.2
case3_0062,upcountry_normal,2024,9,452.4,11.4
case3_0062,upcountry_normal,2024,10,431.7,9.3
case3_0062,upcountry_normal,2024,11,383.3,9.2
case3_0062,upcountry_normal,2024,12,383.9,8.2
case3_0062,upcountry_normal,2025,1,378.2,7.2
case3_0062,upcountry_normal,2025,2,354.7,8.0
case3_0062,upcountry_normal,2025,3,508.9,9.4
case3_0062,upcountry_normal,2025,4,538.5,10.2
case3_0062,upcountry_normal,2025,5,574.1,10.5
case3_0062,upcountry_normal,2025,6,582.8,12.3
case3_0062,upcountry_normal,2025,7,564.0,11.7
case3_0062,upcountry_normal,2025,8,474.0,11.4
case3_0062,upcountry_normal,2025,9,453.7,10.2
case3_0062,upcountry_normal,2025,10,490.3,9.3
case3_0062,upcountry_normal,2025,11,464.9,8.0
case3_0062,upcountry_normal,2025,12,419.0,8.0
case3_0062,upcountry_normal,2026,1,390.1,8.7
case3_0062,upcountry_normal,2026,2,474.5,7.7
case3_0062,upcountry_normal,2026,3,585.4,10.8
case3_0062,upcountry_normal,2026,4,598.5,11.4
case3_0062,upcountry_normal,2026,5,484.1,12.3
case3_0062,upcountry_normal,2026,6,482.3,11.9
case3_0062,upcountry_normal,2026,7,630.3,10.4
case3_0062,upcountry_normal,2026,8,551.3,10.2
case3_0063,upcountry_normal,2024,3,75.4,10.8
case3_0063,upcountry_normal,2024,4,107.8,10.6
case3_0063,upcountry_normal,2024,5,90.3,10.7
case3_0063,upcountry_normal,2024,6,95.7,12.3
case3_0063,upcountry_normal,2024,7,80.1,13.2
case3_0063,upcountry_normal,2024,8,82.6,12.6
case3_0063,upcountry_normal,2024,9,82.3,13.1
case3_0063,upcountry_normal,2024,10,71.6,10.9
case3_0063,upcountry_normal,2024,11,60.7,11.5
case3_0063,upcountry_normal,2024,12,53.9,11.2
case3_0063,upcountry_normal,2025,1,59.7,9.4
case3_0063,upcountry_normal,2025,2,55.0,8.5
case3_0063,upcountry_normal,2025,3,77.3,9.3
case3_0063,upcountry_normal,2025,4,104.0,10.1
case3_0063,upcountry_normal,2025,5,97.5,10.1
case3_0063,upcountry_normal,2025,6,78.9,12.8
case3_0063,upcountry_normal,2025,7,86.6,6.5
case3_0063,upcountry_normal,2025,8,99.5,8.4
case3_0063,upcountry_normal,2025,9,81.3,8.1
case3_0063,upcountry_normal,2025,10,71.0,8.9
case3_0063,upcountry_normal,2025,11,46.1,6.6
case3_0063,upcountry_normal,2025,12,49.4,6.1
case3_0063,upcountry_normal,2026,1,53.7,7.1
case3_0063,upcountry_normal,2026,2,62.6,6.1
case3_0063,upcountry_normal,2026,3,80.6,6.7
case3_0063,upcountry_normal,2026,4,107.7,9.1
case3_0063,upcountry_normal,2026,5,98.8,9.5
case3_0063,upcountry_normal,2026,6,89.4,9.2
case3_0063,upcountry_normal,2026,7,92.6,8.7
case3_0063,upcountry_normal,2026,8,100.9,6.7
case3_0064,upcountry_normal,2024,3,690.4,17.4
case3_0064,upcountry_normal,2024,4,952.0,22.6
case3_0064,upcountry_normal,2024,5,847.4,21.7
case3_0064,upcountry_normal,2024,6,815.3,21.9
case3_0064,upcountry_normal,2024,7,789.3,21.6
case3_0064,upcountry_normal,2024,8,818.8,21.1
case3_0064,upcountry_normal,2024,9,705.5,21.3
case3_0064,upcountry_normal,2024,10,619.9,19.4
case3_0064,upcountry_normal,2024,11,548.1,14.7
case3_0064,upcountry_normal,2024,12,530.9,15.0
case3_0064,upcountry_normal,2025,1,545.2,12.4
case3_0064,upcountry_normal,2025,2,535.6,14.3
case3_0064,upcountry_normal,2025,3,718.1,17.1
case3_0064,upcountry_normal,2025,4,736.6,17.5
case3_0064,upcountry_normal,2025,5,737.7,15.3
case3_0064,upcountry_normal,2025,6,820.5,16.9
case3_0064,upcountry_normal,2025,7,668.8,18.9
case3_0064,upcountry_normal,2025,8,649.6,19.1
case3_0064,upcountry_normal,2025,9,767.0,16.8
case3_0064,upcountry_normal,2025,10,711.9,16.2
case3_0064,upcountry_normal,2025,11,456.6,17.3
case3_0064,upcountry_normal,2025,12,529.4,18.4
case3_0064,upcountry_normal,2026,1,470.3,16.5
case3_0064,upcountry_normal,2026,2,401.1,17.5
case3_0064,upcountry_normal,2026,3,558.4,20.0
case3_0064,upcountry_normal,2026,4,737.5,19.1
case3_0064,upcountry_normal,2026,5,902.3,20.1
case3_0064,upcountry_normal,2026,6,808.4,20.3
case3_0064,upcountry_normal,2026,7,689.7,19.8
case3_0064,upcountry_normal,2026,8,665.5,21.3
case3_0065,upcountry_normal,2024,3,275.7,20.1
case3_0065,upcountry_normal,2024,4,387.1,22.1
case3_0065,upcountry_normal,2024,5,372.3,26.0
case3_0065,upcountry_normal,2024,6,346.2,25.1
case3_0065,upcountry_normal,2024,7,303.5,19.3
case3_0065,upcountry_normal,2024,8,323.1,16.6
case3_0065,upcountry_normal,2024,9,329.0,15.6
case3_0065,upcountry_normal,2024,10,260.1,17.2
case3_0065,upcountry_normal,2024,11,206.2,15.3
case3_0065,upcountry_normal,2024,12,196.6,16.7
case3_0065,upcountry_normal,2025,1,200.2,15.5
case3_0065,upcountry_normal,2025,2,234.9,15.8
case3_0065,upcountry_normal,2025,3,296.4,20.6
case3_0065,upcountry_normal,2025,4,412.9,21.7
case3_0065,upcountry_normal,2025,5,315.9,24.6
case3_0065,upcountry_normal,2025,6,352.1,22.6
case3_0065,upcountry_normal,2025,7,323.5,21.7
case3_0065,upcountry_normal,2025,8,335.1,16.7
case3_0065,upcountry_normal,2025,9,320.0,15.5
case3_0065,upcountry_normal,2025,10,252.7,17.4
case3_0065,upcountry_normal,2025,11,141.2,17.6
case3_0065,upcountry_normal,2025,12,195.1,19.2
case3_0065,upcountry_normal,2026,1,209.9,18.6
case3_0065,upcountry_normal,2026,2,199.8,18.2
case3_0065,upcountry_normal,2026,3,272.9,17.9
case3_0065,upcountry_normal,2026,4,315.1,17.7
case3_0065,upcountry_normal,2026,5,326.7,17.7
case3_0065,upcountry_normal,2026,6,306.4,19.5
case3_0065,upcountry_normal,2026,7,280.5,19.6
case3_0065,upcountry_normal,2026,8,276.8,20.0
case3_0066,upcountry_normal,2024,3,118.2,3.3
case3_0066,upcountry_normal,2024,4,179.5,3.6
case3_0066,upcountry_normal,2024,5,179.7,3.2
case3_0066,upcountry_normal,2024,6,168.4,3.2
case3_0066,upcountry_normal,2024,7,173.3,3.0
case3_0066,upcountry_normal,2024,8,150.3,3.3
case3_0066,upcountry_normal,2024,9,154.1,3.0
case3_0066,upcountry_normal,2024,10,126.7,3.1
case3_0066,upcountry_normal,2024,11,84.0,2.4
case3_0066,upcountry_normal,2024,12,86.7,2.7
case3_0066,upcountry_normal,2025,1,75.7,2.7
case3_0066,upcountry_normal,2025,2,83.2,2.9
case3_0066,upcountry_normal,2025,3,137.9,3.2
case3_0066,upcountry_normal,2025,4,204.9,2.9
case3_0066,upcountry_normal,2025,5,208.0,3.5
case3_0066,upcountry_normal,2025,6,185.7,2.8
case3_0066,upcountry_normal,2025,7,160.4,3.2
case3_0066,upcountry_normal,2025,8,155.3,3.4
case3_0066,upcountry_normal,2025,9,151.1,3.4
case3_0066,upcountry_normal,2025,10,127.2,3.1
case3_0066,upcountry_normal,2025,11,82.8,3.0
case3_0066,upcountry_normal,2025,12,79.2,2.4
case3_0066,upcountry_normal,2026,1,78.9,2.4
case3_0066,upcountry_normal,2026,2,79.3,2.4
case3_0066,upcountry_normal,2026,3,124.4,3.3
case3_0066,upcountry_normal,2026,4,189.1,3.7
case3_0066,upcountry_normal,2026,5,183.3,3.7
case3_0066,upcountry_normal,2026,6,221.2,3.6
case3_0066,upcountry_normal,2026,7,188.6,3.4
case3_0066,upcountry_normal,2026,8,161.3,3.7
case3_0067,upcountry_normal,2024,3,363.9,18.3
case3_0067,upcountry_normal,2024,4,367.2,20.0
case3_0067,upcountry_normal,2024,5,400.6,21.7
case3_0067,upcountry_normal,2024,6,331.2,23.2
case3_0067,upcountry_normal,2024,7,329.6,20.9
case3_0067,upcountry_normal,2024,8,372.6,21.4
case3_0067,upcountry_normal,2024,9,305.5,20.6
case3_0067,upcountry_normal,2024,10,309.5,21.5
case3_0067,upcountry_normal,2024,11,234.6,16.5
case3_0067,upcountry_normal,2024,12,228.7,17.3
case3_0067,upcountry_normal,2025,1,224.5,16.6
case3_0067,upcountry_normal,2025,2,266.6,17.8
case3_0067,upcountry_normal,2025,3,312.1,22.8
case3_0067,upcountry_normal,2025,4,391.3,21.9
case3_0067,upcountry_normal,2025,5,391.7,20.3
case3_0067,upcountry_normal,2025,6,369.6,22.3
case3_0067,upcountry_normal,2025,7,330.5,23.1
case3_0067,upcountry_normal,2025,8,390.3,20.2
case3_0067,upcountry_normal,2025,9,297.0,22.6
case3_0067,upcountry_normal,2025,10,301.5,23.8
case3_0067,upcountry_normal,2025,11,254.7,17.9
case3_0067,upcountry_normal,2025,12,193.3,15.8
case3_0067,upcountry_normal,2026,1,208.6,17.4
case3_0067,upcountry_normal,2026,2,219.7,17.3
case3_0067,upcountry_normal,2026,3,298.5,23.1
case3_0067,upcountry_normal,2026,4,412.8,21.9
case3_0067,upcountry_normal,2026,5,312.7,22.4
case3_0067,upcountry_normal,2026,6,288.6,22.2
case3_0067,upcountry_normal,2026,7,373.3,18.9
case3_0067,upcountry_normal,2026,8,344.3,20.1
case3_0068,upcountry_normal,2024,3,595.4,8.7
case3_0068,upcountry_normal,2024,4,590.5,9.8
case3_0068,upcountry_normal,2024,5,610.1,11.1
case3_0068,upcountry_normal,2024,6,628.6,10.1
case3_0068,upcountry_normal,2024,7,643.0,9.2
case3_0068,upcountry_normal,2024,8,645.6,9.3
case3_0068,upcountry_normal,2024,9,539.3,8.6
case3_0068,upcountry_normal,2024,10,465.3,8.6
case3_0068,upcountry_normal,2024,11,413.2,9.2
case3_0068,upcountry_normal,2024,12,449.3,7.9
case3_0068,upcountry_normal,2025,1,432.6,6.8
case3_0068,upcountry_normal,2025,2,413.8,8.6
case3_0068,upcountry_normal,2025,3,489.6,7.7
case3_0068,upcountry_normal,2025,4,538.8,10.8
case3_0068,upcountry_normal,2025,5,658.5,10.1
case3_0068,upcountry_normal,2025,6,467.2,7.8
case3_0068,upcountry_normal,2025,7,543.2,9.4
case3_0068,upcountry_normal,2025,8,512.9,8.4
case3_0068,upcountry_normal,2025,9,481.1,8.9
case3_0068,upcountry_normal,2025,10,502.8,8.1
case3_0068,upcountry_normal,2025,11,360.4,6.5
case3_0068,upcountry_normal,2025,12,354.1,6.7
case3_0068,upcountry_normal,2026,1,340.5,8.5
case3_0068,upcountry_normal,2026,2,326.2,7.7
case3_0068,upcountry_normal,2026,3,388.2,8.5
case3_0068,upcountry_normal,2026,4,573.3,9.0
case3_0068,upcountry_normal,2026,5,543.0,9.5
case3_0068,upcountry_normal,2026,6,505.8,9.2
case3_0068,upcountry_normal,2026,7,545.4,10.2
case3_0068,upcountry_normal,2026,8,522.7,8.7
case3_0069,upcountry_normal,2024,3,104.3,26.1
case3_0069,upcountry_normal,2024,4,147.1,34.2
case3_0069,upcountry_normal,2024,5,119.9,28.2
case3_0069,upcountry_normal,2024,6,137.8,32.0
case3_0069,upcountry_normal,2024,7,117.6,31.2
case3_0069,upcountry_normal,2024,8,139.2,27.3
case3_0069,upcountry_normal,2024,9,120.7,23.6
case3_0069,upcountry_normal,2024,10,119.9,21.1
case3_0069,upcountry_normal,2024,11,96.4,21.3
case3_0069,upcountry_normal,2024,12,74.6,23.9
case3_0069,upcountry_normal,2025,1,79.2,18.9
case3_0069,upcountry_normal,2025,2,78.0,18.9
case3_0069,upcountry_normal,2025,3,109.9,20.5
case3_0069,upcountry_normal,2025,4,158.7,28.0
case3_0069,upcountry_normal,2025,5,136.6,28.1
case3_0069,upcountry_normal,2025,6,150.9,34.8
case3_0069,upcountry_normal,2025,7,132.3,30.3
case3_0069,upcountry_normal,2025,8,120.8,31.6
case3_0069,upcountry_normal,2025,9,136.8,28.2
case3_0069,upcountry_normal,2025,10,99.2,23.6
case3_0069,upcountry_normal,2025,11,73.0,23.3
case3_0069,upcountry_normal,2025,12,88.5,28.8
case3_0069,upcountry_normal,2026,1,88.7,27.3
case3_0069,upcountry_normal,2026,2,79.5,25.3
case3_0069,upcountry_normal,2026,3,104.3,26.5
case3_0069,upcountry_normal,2026,4,128.2,21.7
case3_0069,upcountry_normal,2026,5,138.9,20.3
case3_0069,upcountry_normal,2026,6,123.1,21.0
case3_0069,upcountry_normal,2026,7,143.5,21.2
case3_0069,upcountry_normal,2026,8,108.4,20.7
case3_0070,upcountry_normal,2024,3,492.7,11.1
case3_0070,upcountry_normal,2024,4,571.6,12.1
case3_0070,upcountry_normal,2024,5,556.1,10.6
case3_0070,upcountry_normal,2024,6,538.1,12.5
case3_0070,upcountry_normal,2024,7,498.0,11.3
case3_0070,upcountry_normal,2024,8,449.4,13.2
case3_0070,upcountry_normal,2024,9,483.9,13.1
case3_0070,upcountry_normal,2024,10,453.1,11.9
case3_0070,upcountry_normal,2024,11,402.5,10.1
case3_0070,upcountry_normal,2024,12,360.8,11.2
case3_0070,upcountry_normal,2025,1,408.1,11.5
case3_0070,upcountry_normal,2025,2,357.9,11.7
case3_0070,upcountry_normal,2025,3,433.8,14.1
case3_0070,upcountry_normal,2025,4,563.3,14.1
case3_0070,upcountry_normal,2025,5,543.3,14.1
case3_0070,upcountry_normal,2025,6,505.7,13.6
case3_0070,upcountry_normal,2025,7,536.7,13.0
case3_0070,upcountry_normal,2025,8,555.6,13.1
case3_0070,upcountry_normal,2025,9,418.3,12.3
case3_0070,upcountry_normal,2025,10,400.7,10.6
case3_0070,upcountry_normal,2025,11,437.7,10.3
case3_0070,upcountry_normal,2025,12,462.9,11.4
case3_0070,upcountry_normal,2026,1,458.8,12.8
case3_0070,upcountry_normal,2026,2,404.6,10.8
case3_0070,upcountry_normal,2026,3,511.0,13.4
case3_0070,upcountry_normal,2026,4,591.6,14.6
case3_0070,upcountry_normal,2026,5,501.6,15.2
case3_0070,upcountry_normal,2026,6,589.3,12.7
case3_0070,upcountry_normal,2026,7,428.9,12.8
case3_0070,upcountry_normal,2026,8,531.7,11.6
case3_0071,upcountry_normal,2024,3,214.3,16.7
case3_0071,upcountry_normal,2024,4,315.9,18.4
case3_0071,upcountry_normal,2024,5,348.2,17.0
case3_0071,upcountry_normal,2024,6,302.0,18.8
case3_0071,upcountry_normal,2024,7,254.1,14.1
case3_0071,upcountry_normal,2024,8,191.7,12.7
case3_0071,upcountry_normal,2024,9,190.0,14.3
case3_0071,upcountry_normal,2024,10,190.9,15.5
case3_0071,upcountry_normal,2024,11,135.3,12.2
case3_0071,upcountry_normal,2024,12,145.0,13.7
case3_0071,upcountry_normal,2025,1,122.7,16.0
case3_0071,upcountry_normal,2025,2,125.2,14.5
case3_0071,upcountry_normal,2025,3,242.3,13.1
case3_0071,upcountry_normal,2025,4,331.3,16.5
case3_0071,upcountry_normal,2025,5,252.1,17.5
case3_0071,upcountry_normal,2025,6,252.0,17.8
case3_0071,upcountry_normal,2025,7,268.7,18.4
case3_0071,upcountry_normal,2025,8,248.4,16.6
case3_0071,upcountry_normal,2025,9,242.9,17.2
case3_0071,upcountry_normal,2025,10,212.6,18.6
case3_0071,upcountry_normal,2025,11,152.3,15.1
case3_0071,upcountry_normal,2025,12,153.2,14.8
case3_0071,upcountry_normal,2026,1,129.7,15.1
case3_0071,upcountry_normal,2026,2,131.6,14.8
case3_0071,upcountry_normal,2026,3,219.4,21.8
case3_0071,upcountry_normal,2026,4,270.4,18.2
case3_0071,upcountry_normal,2026,5,275.3,18.2
case3_0071,upcountry_normal,2026,6,319.9,16.6
case3_0071,upcountry_normal,2026,7,245.0,18.8
case3_0071,upcountry_normal,2026,8,235.9,21.8
case3_0072,upcountry_normal,2024,3,219.7,7.1
case3_0072,upcountry_normal,2024,4,265.5,8.7
case3_0072,upcountry_normal,2024,5,260.8,8.0
case3_0072,upcountry_normal,2024,6,235.0,8.2
case3_0072,upcountry_normal,2024,7,218.3,8.4
case3_0072,upcountry_normal,2024,8,217.7,8.0
case3_0072,upcountry_normal,2024,9,199.2,7.0
case3_0072,upcountry_normal,2024,10,205.4,5.5
case3_0072,upcountry_normal,2024,11,163.8,6.1
case3_0072,upcountry_normal,2024,12,140.5,6.3
case3_0072,upcountry_normal,2025,1,141.8,6.8
case3_0072,upcountry_normal,2025,2,171.0,6.5
case3_0072,upcountry_normal,2025,3,187.5,7.5
case3_0072,upcountry_normal,2025,4,201.3,9.4
case3_0072,upcountry_normal,2025,5,184.5,7.9
case3_0072,upcountry_normal,2025,6,186.4,8.6
case3_0072,upcountry_normal,2025,7,202.4,8.6
case3_0072,upcountry_normal,2025,8,196.1,7.9
case3_0072,upcountry_normal,2025,9,227.6,7.7
case3_0072,upcountry_normal,2025,10,207.7,6.8
case3_0072,upcountry_normal,2025,11,191.0,7.2
case3_0072,upcountry_normal,2025,12,182.3,6.1
case3_0072,upcountry_normal,2026,1,162.9,6.0
case3_0072,upcountry_normal,2026,2,164.4,5.7
case3_0072,upcountry_normal,2026,3,224.6,8.5
case3_0072,upcountry_normal,2026,4,265.8,8.2
case3_0072,upcountry_normal,2026,5,245.8,8.0
case3_0072,upcountry_normal,2026,6,243.6,6.7
case3_0072,upcountry_normal,2026,7,222.2,7.1
case3_0072,upcountry_normal,2026,8,237.0,7.5
case3_0073,upcountry_normal,2024,3,211.8,4.2
case3_0073,upcountry_normal,2024,4,204.5,5.8
case3_0073,upcountry_normal,2024,5,233.3,5.6
case3_0073,upcountry_normal,2024,6,250.7,4.9
case3_0073,upcountry_normal,2024,7,204.4,5.3
case3_0073,upcountry_normal,2024,8,210.3,4.5
case3_0073,upcountry_normal,2024,9,218.4,4.3
case3_0073,upcountry_normal,2024,10,226.4,4.5
case3_0073,upcountry_normal,2024,11,177.6,4.0
case3_0073,upcountry_normal,2024,12,185.3,3.5
case3_0073,upcountry_normal,2025,1,176.2,3.5
case3_0073,upcountry_normal,2025,2,199.9,4.8
case3_0073,upcountry_normal,2025,3,218.3,5.1
case3_0073,upcountry_normal,2025,4,263.9,4.8
case3_0073,upcountry_normal,2025,5,228.8,4.7
case3_0073,upcountry_normal,2025,6,234.4,5.0
case3_0073,upcountry_normal,2025,7,222.4,4.4
case3_0073,upcountry_normal,2025,8,164.5,4.0
case3_0073,upcountry_normal,2025,9,176.9,4.2
case3_0073,upcountry_normal,2025,10,202.8,4.5
case3_0073,upcountry_normal,2025,11,162.0,3.8
case3_0073,upcountry_normal,2025,12,158.1,3.4
case3_0073,upcountry_normal,2026,1,170.4,3.2
case3_0073,upcountry_normal,2026,2,182.2,2.9
case3_0073,upcountry_normal,2026,3,192.4,3.3
case3_0073,upcountry_normal,2026,4,254.8,4.1
case3_0073,upcountry_normal,2026,5,212.8,3.5
case3_0073,upcountry_normal,2026,6,206.6,4.4
case3_0073,upcountry_normal,2026,7,192.4,4.3
case3_0073,upcountry_normal,2026,8,230.8,4.3
case3_0074,upcountry_normal,2024,3,158.8,11.8
case3_0074,upcountry_normal,2024,4,214.6,14.1
case3_0074,upcountry_normal,2024,5,189.9,11.5
case3_0074,upcountry_normal,2024,6,202.0,12.1
case3_0074,upcountry_normal,2024,7,167.7,12.0
case3_0074,upcountry_normal,2024,8,175.4,11.8
case3_0074,upcountry_normal,2024,9,155.4,10.9
case3_0074,upcountry_normal,2024,10,137.8,11.9
case3_0074,upcountry_normal,2024,11,144.6,10.1
case3_0074,upcountry_normal,2024,12,150.4,8.6
case3_0074,upcountry_normal,2025,1,128.3,10.1
case3_0074,upcountry_normal,2025,2,125.3,10.4
case3_0074,upcountry_normal,2025,3,149.7,10.6
case3_0074,upcountry_normal,2025,4,201.5,12.4
case3_0074,upcountry_normal,2025,5,201.7,11.1
case3_0074,upcountry_normal,2025,6,207.0,11.3
case3_0074,upcountry_normal,2025,7,192.4,10.1
case3_0074,upcountry_normal,2025,8,173.7,11.4
case3_0074,upcountry_normal,2025,9,169.1,10.8
case3_0074,upcountry_normal,2025,10,152.1,10.6
case3_0074,upcountry_normal,2025,11,132.4,10.3
case3_0074,upcountry_normal,2025,12,148.0,9.1
case3_0074,upcountry_normal,2026,1,166.3,10.9
case3_0074,upcountry_normal,2026,2,124.2,11.6
case3_0074,upcountry_normal,2026,3,170.0,10.3
case3_0074,upcountry_normal,2026,4,199.0,11.5
case3_0074,upcountry_normal,2026,5,198.0,11.9
case3_0074,upcountry_normal,2026,6,186.2,10.5
case3_0074,upcountry_normal,2026,7,191.4,10.8
case3_0074,upcountry_normal,2026,8,187.6,11.5
case3_0075,upcountry_normal,2024,3,244.2,17.7
case3_0075,upcountry_normal,2024,4,333.9,19.9
case3_0075,upcountry_normal,2024,5,297.7,20.5
case3_0075,upcountry_normal,2024,6,309.3,21.3
case3_0075,upcountry_normal,2024,7,350.6,17.5
case3_0075,upcountry_normal,2024,8,320.9,16.4
case3_0075,upcountry_normal,2024,9,351.3,17.2
case3_0075,upcountry_normal,2024,10,314.8,14.4
case3_0075,upcountry_normal,2024,11,290.1,12.8
case3_0075,upcountry_normal,2024,12,277.0,12.7
case3_0075,upcountry_normal,2025,1,280.8,14.7
case3_0075,upcountry_normal,2025,2,286.5,15.6
case3_0075,upcountry_normal,2025,3,303.1,18.3
case3_0075,upcountry_normal,2025,4,351.9,21.3
case3_0075,upcountry_normal,2025,5,362.8,22.3
case3_0075,upcountry_normal,2025,6,336.3,20.5
case3_0075,upcountry_normal,2025,7,297.9,19.1
case3_0075,upcountry_normal,2025,8,309.3,17.7
case3_0075,upcountry_normal,2025,9,259.8,17.1
case3_0075,upcountry_normal,2025,10,258.3,20.2
case3_0075,upcountry_normal,2025,11,235.7,16.6
case3_0075,upcountry_normal,2025,12,268.5,16.9
case3_0075,upcountry_normal,2026,1,296.4,16.9
case3_0075,upcountry_normal,2026,2,245.9,15.2
case3_0075,upcountry_normal,2026,3,366.6,20.1
case3_0075,upcountry_normal,2026,4,355.1,22.6
case3_0075,upcountry_normal,2026,5,392.3,19.7
case3_0075,upcountry_normal,2026,6,409.0,23.3
case3_0075,upcountry_normal,2026,7,326.3,19.4
case3_0075,upcountry_normal,2026,8,338.4,17.6
case3_0076,upcountry_normal,2024,3,306.0,16.1
case3_0076,upcountry_normal,2024,4,304.7,13.8
case3_0076,upcountry_normal,2024,5,347.6,15.9
case3_0076,upcountry_normal,2024,6,333.6,17.4
case3_0076,upcountry_normal,2024,7,345.1,18.5
case3_0076,upcountry_normal,2024,8,337.3,14.1
case3_0076,upcountry_normal,2024,9,300.0,16.5
case3_0076,upcountry_normal,2024,10,274.0,15.9
case3_0076,upcountry_normal,2024,11,295.1,13.5
case3_0076,upcountry_normal,2024,12,253.1,11.7
case3_0076,upcountry_normal,2025,1,277.0,14.5
case3_0076,upcountry_normal,2025,2,284.4,13.4
case3_0076,upcountry_normal,2025,3,291.2,15.6
case3_0076,upcountry_normal,2025,4,350.9,17.5
case3_0076,upcountry_normal,2025,5,321.2,14.6
case3_0076,upcountry_normal,2025,6,303.1,16.7
case3_0076,upcountry_normal,2025,7,277.9,11.4
case3_0076,upcountry_normal,2025,8,327.9,13.3
case3_0076,upcountry_normal,2025,9,270.2,12.9
case3_0076,upcountry_normal,2025,10,280.8,13.5
case3_0076,upcountry_normal,2025,11,229.5,15.2
case3_0076,upcountry_normal,2025,12,279.5,12.3
case3_0076,upcountry_normal,2026,1,264.5,11.7
case3_0076,upcountry_normal,2026,2,297.1,12.9
case3_0076,upcountry_normal,2026,3,291.4,12.6
case3_0076,upcountry_normal,2026,4,336.1,13.9
case3_0076,upcountry_normal,2026,5,298.4,14.5
case3_0076,upcountry_normal,2026,6,316.7,13.8
case3_0076,upcountry_normal,2026,7,321.6,15.3
case3_0076,upcountry_normal,2026,8,312.2,14.3
case3_0077,upcountry_normal,2024,3,387.3,15.6
case3_0077,upcountry_normal,2024,4,654.3,16.3
case3_0077,upcountry_normal,2024,5,605.2,18.6
case3_0077,upcountry_normal,2024,6,660.6,16.9
case3_0077,upcountry_normal,2024,7,612.5,15.3
case3_0077,upcountry_normal,2024,8,547.7,17.8
case3_0077,upcountry_normal,2024,9,517.5,17.5
case3_0077,upcountry_normal,2024,10,478.0,16.7
case3_0077,upcountry_normal,2024,11,313.8,15.4
case3_0077,upcountry_normal,2024,12,301.4,13.3
case3_0077,upcountry_normal,2025,1,293.0,13.9
case3_0077,upcountry_normal,2025,2,274.1,13.7
case3_0077,upcountry_normal,2025,3,520.7,15.0
case3_0077,upcountry_normal,2025,4,667.7,16.7
case3_0077,upcountry_normal,2025,5,777.7,17.2
case3_0077,upcountry_normal,2025,6,579.0,15.2
case3_0077,upcountry_normal,2025,7,594.1,14.1
case3_0077,upcountry_normal,2025,8,541.4,15.1
case3_0077,upcountry_normal,2025,9,444.5,12.0
case3_0077,upcountry_normal,2025,10,372.1,16.5
case3_0077,upcountry_normal,2025,11,228.4,14.1
case3_0077,upcountry_normal,2025,12,266.0,15.2
case3_0077,upcountry_normal,2026,1,286.5,11.4
case3_0077,upcountry_normal,2026,2,309.1,12.8
case3_0077,upcountry_normal,2026,3,485.7,13.8
case3_0077,upcountry_normal,2026,4,774.5,17.3
case3_0077,upcountry_normal,2026,5,692.7,16.1
case3_0077,upcountry_normal,2026,6,671.2,18.6
case3_0077,upcountry_normal,2026,7,659.1,17.3
case3_0077,upcountry_normal,2026,8,559.0,13.9
case3_0078,upcountry_normal,2024,3,545.5,11.8
case3_0078,upcountry_normal,2024,4,801.5,13.6
case3_0078,upcountry_normal,2024,5,745.1,13.6
case3_0078,upcountry_normal,2024,6,683.1,10.3
case3_0078,upcountry_normal,2024,7,680.1,11.0
case3_0078,upcountry_normal,2024,8,741.5,8.9
case3_0078,upcountry_normal,2024,9,601.8,11.1
case3_0078,upcountry_normal,2024,10,592.6,11.5
case3_0078,upcountry_normal,2024,11,487.5,11.0
case3_0078,upcountry_normal,2024,12,472.3,9.4
case3_0078,upcountry_normal,2025,1,504.6,9.4
case3_0078,upcountry_normal,2025,2,490.3,10.1
case3_0078,upcountry_normal,2025,3,642.6,9.1
case3_0078,upcountry_normal,2025,4,705.5,12.2
case3_0078,upcountry_normal,2025,5,601.1,12.6
case3_0078,upcountry_normal,2025,6,724.3,10.9
case3_0078,upcountry_normal,2025,7,661.2,12.3
case3_0078,upcountry_normal,2025,8,566.9,11.9
case3_0078,upcountry_normal,2025,9,550.2,10.6
case3_0078,upcountry_normal,2025,10,423.0,10.2
case3_0078,upcountry_normal,2025,11,407.9,10.4
case3_0078,upcountry_normal,2025,12,368.5,11.1
case3_0078,upcountry_normal,2026,1,395.1,10.2
case3_0078,upcountry_normal,2026,2,372.2,9.9
case3_0078,upcountry_normal,2026,3,566.5,12.4
case3_0078,upcountry_normal,2026,4,635.9,15.9
case3_0078,upcountry_normal,2026,5,700.4,11.6
case3_0078,upcountry_normal,2026,6,743.2,11.6
case3_0078,upcountry_normal,2026,7,722.1,10.3
case3_0078,upcountry_normal,2026,8,683.8,10.3
case3_0079,upcountry_normal,2024,3,217.9,15.6
case3_0079,upcountry_normal,2024,4,261.3,16.4
case3_0079,upcountry_normal,2024,5,292.3,15.3
case3_0079,upcountry_normal,2024,6,276.6,17.6
case3_0079,upcountry_normal,2024,7,257.3,17.9
case3_0079,upcountry_normal,2024,8,256.2,17.4
case3_0079,upcountry_normal,2024,9,213.1,15.8
case3_0079,upcountry_normal,2024,10,203.9,17.6
case3_0079,upcountry_normal,2024,11,194.7,11.8
case3_0079,upcountry_normal,2024,12,169.3,12.2
case3_0079,upcountry_normal,2025,1,167.0,14.5
case3_0079,upcountry_normal,2025,2,157.0,11.3
case3_0079,upcountry_normal,2025,3,223.2,14.7
case3_0079,upcountry_normal,2025,4,284.9,21.5
case3_0079,upcountry_normal,2025,5,230.7,18.1
case3_0079,upcountry_normal,2025,6,271.3,18.6
case3_0079,upcountry_normal,2025,7,275.4,19.8
case3_0079,upcountry_normal,2025,8,268.5,21.3
case3_0079,upcountry_normal,2025,9,232.8,22.1
case3_0079,upcountry_normal,2025,10,191.7,19.7
case3_0079,upcountry_normal,2025,11,166.9,16.8
case3_0079,upcountry_normal,2025,12,159.4,17.5
case3_0079,upcountry_normal,2026,1,173.7,20.0
case3_0079,upcountry_normal,2026,2,194.1,14.2
case3_0079,upcountry_normal,2026,3,201.9,19.7
case3_0079,upcountry_normal,2026,4,233.3,17.6
case3_0079,upcountry_normal,2026,5,226.2,19.9
case3_0079,upcountry_normal,2026,6,245.1,19.5
case3_0079,upcountry_normal,2026,7,204.5,21.6
case3_0079,upcountry_normal,2026,8,196.4,18.3
case3_0080,upcountry_normal,2024,3,496.6,6.9
case3_0080,upcountry_normal,2024,4,587.3,8.0
case3_0080,upcountry_normal,2024,5,618.2,6.4
case3_0080,upcountry_normal,2024,6,570.9,5.3
case3_0080,upcountry_normal,2024,7,595.4,5.5
case3_0080,upcountry_normal,2024,8,667.4,7.7
case3_0080,upcountry_normal,2024,9,518.4,6.3
case3_0080,upcountry_normal,2024,10,424.0,5.8
case3_0080,upcountry_normal,2024,11,284.6,6.2
case3_0080,upcountry_normal,2024,12,317.3,5.4
case3_0080,upcountry_normal,2025,1,406.0,6.1
case3_0080,upcountry_normal,2025,2,338.8,5.7
case3_0080,upcountry_normal,2025,3,467.4,5.6
case3_0080,upcountry_normal,2025,4,704.4,6.4
case3_0080,upcountry_normal,2025,5,719.3,7.1
case3_0080,upcountry_normal,2025,6,584.3,6.3
case3_0080,upcountry_normal,2025,7,596.6,5.8
case3_0080,upcountry_normal,2025,8,555.8,5.9
case3_0080,upcountry_normal,2025,9,463.6,6.4
case3_0080,upcountry_normal,2025,10,445.8,6.5
case3_0080,upcountry_normal,2025,11,326.7,6.0
case3_0080,upcountry_normal,2025,12,297.8,5.4
case3_0080,upcountry_normal,2026,1,229.3,5.3
case3_0080,upcountry_normal,2026,2,293.2,4.8
case3_0080,upcountry_normal,2026,3,519.0,5.0
case3_0080,upcountry_normal,2026,4,621.6,5.8
case3_0080,upcountry_normal,2026,5,566.4,5.8
case3_0080,upcountry_normal,2026,6,521.8,6.4
case3_0080,upcountry_normal,2026,7,505.7,5.5
case3_0080,upcountry_normal,2026,8,507.7,6.1
case3_0081,upcountry_normal,2024,3,172.3,8.6
case3_0081,upcountry_normal,2024,4,192.9,10.5
case3_0081,upcountry_normal,2024,5,148.4,8.9
case3_0081,upcountry_normal,2024,6,179.7,10.4
case3_0081,upcountry_normal,2024,7,138.9,9.5
case3_0081,upcountry_normal,2024,8,163.6,8.9
case3_0081,upcountry_normal,2024,9,170.2,8.1
case3_0081,upcountry_normal,2024,10,145.4,7.5
case3_0081,upcountry_normal,2024,11,119.8,7.9
case3_0081,upcountry_normal,2024,12,118.0,7.9
case3_0081,upcountry_normal,2025,1,123.2,8.5
case3_0081,upcountry_normal,2025,2,109.4,8.1
case3_0081,upcountry_normal,2025,3,155.2,8.7
case3_0081,upcountry_normal,2025,4,184.9,10.1
case3_0081,upcountry_normal,2025,5,153.8,9.8
case3_0081,upcountry_normal,2025,6,200.5,10.5
case3_0081,upcountry_normal,2025,7,199.5,10.5
case3_0081,upcountry_normal,2025,8,184.3,9.9
case3_0081,upcountry_normal,2025,9,156.9,7.7
case3_0081,upcountry_normal,2025,10,139.7,8.0
case3_0081,upcountry_normal,2025,11,118.5,7.9
case3_0081,upcountry_normal,2025,12,112.2,7.9
case3_0081,upcountry_normal,2026,1,102.0,7.1
case3_0081,upcountry_normal,2026,2,124.1,8.0
case3_0081,upcountry_normal,2026,3,186.7,9.8
case3_0081,upcountry_normal,2026,4,264.5,9.8
case3_0081,upcountry_normal,2026,5,216.8,8.0
case3_0081,upcountry_normal,2026,6,225.7,8.9
case3_0081,upcountry_normal,2026,7,188.9,9.6
case3_0081,upcountry_normal,2026,8,168.5,9.0
case3_0082,upcountry_normal,2024,3,354.3,3.4
case3_0082,upcountry_normal,2024,4,422.8,4.1
case3_0082,upcountry_normal,2024,5,468.1,4.0
case3_0082,upcountry_normal,2024,6,459.0,4.6
case3_0082,upcountry_normal,2024,7,413.8,4.3
case3_0082,upcountry_normal,2024,8,368.5,4.5
case3_0082,upcountry_normal,2024,9,380.9,4.2
case3_0082,upcountry_normal,2024,10,397.4,3.9
case3_0082,upcountry_normal,2024,11,397.6,3.5
case3_0082,upcountry_normal,2024,12,406.3,4.2
case3_0082,upcountry_normal,2025,1,365.6,4.1
case3_0082,upcountry_normal,2025,2,338.2,4.1
case3_0082,upcountry_normal,2025,3,317.9,4.5
case3_0082,upcountry_normal,2025,4,389.4,5.2
case3_0082,upcountry_normal,2025,5,380.4,4.7
case3_0082,upcountry_normal,2025,6,351.0,4.8
case3_0082,upcountry_normal,2025,7,365.3,5.5
case3_0082,upcountry_normal,2025,8,406.7,5.3
case3_0082,upcountry_normal,2025,9,345.0,4.9
case3_0082,upcountry_normal,2025,10,411.0,4.6
case3_0082,upcountry_normal,2025,11,398.2,4.6
case3_0082,upcountry_normal,2025,12,331.2,4.4
case3_0082,upcountry_normal,2026,1,367.0,3.6
case3_0082,upcountry_normal,2026,2,429.3,4.4
case3_0082,upcountry_normal,2026,3,427.2,5.6
case3_0082,upcountry_normal,2026,4,335.0,5.6
case3_0082,upcountry_normal,2026,5,299.0,5.5
case3_0082,upcountry_normal,2026,6,364.1,5.1
case3_0082,upcountry_normal,2026,7,331.7,4.2
case3_0082,upcountry_normal,2026,8,330.6,5.6
case3_0083,upcountry_normal,2024,3,164.5,10.5
case3_0083,upcountry_normal,2024,4,250.2,10.4
case3_0083,upcountry_normal,2024,5,225.2,11.0
case3_0083,upcountry_normal,2024,6,204.4,10.9
case3_0083,upcountry_normal,2024,7,191.0,10.9
case3_0083,upcountry_normal,2024,8,179.1,12.0
case3_0083,upcountry_normal,2024,9,174.7,9.3
case3_0083,upcountry_normal,2024,10,131.1,9.4
case3_0083,upcountry_normal,2024,11,75.0,9.1
case3_0083,upcountry_normal,2024,12,78.9,9.1
case3_0083,upcountry_normal,2025,1,76.8,9.3
case3_0083,upcountry_normal,2025,2,67.1,9.8
case3_0083,upcountry_normal,2025,3,141.3,9.6
case3_0083,upcountry_normal,2025,4,199.6,10.6
case3_0083,upcountry_normal,2025,5,176.1,11.8
case3_0083,upcountry_normal,2025,6,194.3,10.8
case3_0083,upcountry_normal,2025,7,162.7,10.6
case3_0083,upcountry_normal,2025,8,163.3,9.9
case3_0083,upcountry_normal,2025,9,132.1,10.7
case3_0083,upcountry_normal,2025,10,133.4,10.1
case3_0083,upcountry_normal,2025,11,75.8,8.1
case3_0083,upcountry_normal,2025,12,76.6,8.6
case3_0083,upcountry_normal,2026,1,79.0,9.4
case3_0083,upcountry_normal,2026,2,75.5,9.4
case3_0083,upcountry_normal,2026,3,138.0,9.4
case3_0083,upcountry_normal,2026,4,159.5,10.9
case3_0083,upcountry_normal,2026,5,157.5,11.9
case3_0083,upcountry_normal,2026,6,176.1,14.1
case3_0083,upcountry_normal,2026,7,159.4,10.3
case3_0083,upcountry_normal,2026,8,150.5,10.9
case3_0084,upcountry_normal,2024,3,198.5,7.5
case3_0084,upcountry_normal,2024,4,189.6,8.5
case3_0084,upcountry_normal,2024,5,225.4,9.2
case3_0084,upcountry_normal,2024,6,238.7,9.0
case3_0084,upcountry_normal,2024,7,221.5,9.1
case3_0084,upcountry_normal,2024,8,244.0,10.4
case3_0084,upcountry_normal,2024,9,177.3,9.2
case3_0084,upcountry_normal,2024,10,203.1,7.5
case3_0084,upcountry_normal,2024,11,181.5,6.2
case3_0084,upcountry_normal,2024,12,183.3,6.8
case3_0084,upcountry_normal,2025,1,213.3,7.3
case3_0084,upcountry_normal,2025,2,179.9,7.3
case3_0084,upcountry_normal,2025,3,162.0,7.3
case3_0084,upcountry_normal,2025,4,211.7,9.6
case3_0084,upcountry_normal,2025,5,166.8,9.5
case3_0084,upcountry_normal,2025,6,197.2,8.4
case3_0084,upcountry_normal,2025,7,210.7,9.4
case3_0084,upcountry_normal,2025,8,197.3,9.3
case3_0084,upcountry_normal,2025,9,182.0,7.5
case3_0084,upcountry_normal,2025,10,191.3,7.9
case3_0084,upcountry_normal,2025,11,177.6,7.1
case3_0084,upcountry_normal,2025,12,208.3,7.5
case3_0084,upcountry_normal,2026,1,192.1,7.4
case3_0084,upcountry_normal,2026,2,217.3,8.1
case3_0084,upcountry_normal,2026,3,224.3,8.7
case3_0084,upcountry_normal,2026,4,241.5,9.3
case3_0084,upcountry_normal,2026,5,218.2,8.8
case3_0084,upcountry_normal,2026,6,223.5,7.9
case3_0084,upcountry_normal,2026,7,232.3,7.2
case3_0084,upcountry_normal,2026,8,214.1,6.8
case3_0085,upcountry_normal,2024,3,337.3,8.7
case3_0085,upcountry_normal,2024,4,420.5,9.7
case3_0085,upcountry_normal,2024,5,329.0,11.5
case3_0085,upcountry_normal,2024,6,344.9,9.8
case3_0085,upcountry_normal,2024,7,431.1,9.0
case3_0085,upcountry_normal,2024,8,368.7,9.3
case3_0085,upcountry_normal,2024,9,369.7,10.5
case3_0085,upcountry_normal,2024,10,389.0,10.8
case3_0085,upcountry_normal,2024,11,370.4,10.4
case3_0085,upcountry_normal,2024,12,328.5,9.8
case3_0085,upcountry_normal,2025,1,363.2,7.5
case3_0085,upcountry_normal,2025,2,333.9,9.6
case3_0085,upcountry_normal,2025,3,427.1,12.0
case3_0085,upcountry_normal,2025,4,475.9,11.2
case3_0085,upcountry_normal,2025,5,386.8,10.7
case3_0085,upcountry_normal,2025,6,471.8,10.9
case3_0085,upcountry_normal,2025,7,474.0,11.5
case3_0085,upcountry_normal,2025,8,374.1,11.1
case3_0085,upcountry_normal,2025,9,365.4,9.9
case3_0085,upcountry_normal,2025,10,391.8,9.9
case3_0085,upcountry_normal,2025,11,410.9,9.3
case3_0085,upcountry_normal,2025,12,310.6,10.4
case3_0085,upcountry_normal,2026,1,336.5,9.4
case3_0085,upcountry_normal,2026,2,312.3,6.9
case3_0085,upcountry_normal,2026,3,311.1,6.8
case3_0085,upcountry_normal,2026,4,389.2,10.3
case3_0085,upcountry_normal,2026,5,409.5,9.4
case3_0085,upcountry_normal,2026,6,328.9,10.6
case3_0085,upcountry_normal,2026,7,410.9,10.4
case3_0085,upcountry_normal,2026,8,443.9,11.2
case3_0086,upcountry_normal,2024,3,177.3,19.8
case3_0086,upcountry_normal,2024,4,245.5,22.8
case3_0086,upcountry_normal,2024,5,201.2,16.6
case3_0086,upcountry_normal,2024,6,247.9,19.9
case3_0086,upcountry_normal,2024,7,224.7,20.3
case3_0086,upcountry_normal,2024,8,204.3,19.0
case3_0086,upcountry_normal,2024,9,214.2,17.4
case3_0086,upcountry_normal,2024,10,139.4,21.7
case3_0086,upcountry_normal,2024,11,102.2,18.1
case3_0086,upcountry_normal,2024,12,99.9,19.6
case3_0086,upcountry_normal,2025,1,123.2,14.6
case3_0086,upcountry_normal,2025,2,110.2,14.3
case3_0086,upcountry_normal,2025,3,196.4,18.2
case3_0086,upcountry_normal,2025,4,227.1,21.1
case3_0086,upcountry_normal,2025,5,245.9,19.9
case3_0086,upcountry_normal,2025,6,239.7,18.4
case3_0086,upcountry_normal,2025,7,259.6,17.6
case3_0086,upcountry_normal,2025,8,249.9,17.7
case3_0086,upcountry_normal,2025,9,193.5,17.1
case3_0086,upcountry_normal,2025,10,193.6,13.8
case3_0086,upcountry_normal,2025,11,112.8,11.5
case3_0086,upcountry_normal,2025,12,123.5,14.0
case3_0086,upcountry_normal,2026,1,114.0,15.3
case3_0086,upcountry_normal,2026,2,110.6,16.9
case3_0086,upcountry_normal,2026,3,184.4,19.9
case3_0086,upcountry_normal,2026,4,262.8,22.9
case3_0086,upcountry_normal,2026,5,253.3,18.5
case3_0086,upcountry_normal,2026,6,243.1,19.0
case3_0086,upcountry_normal,2026,7,262.3,20.4
case3_0086,upcountry_normal,2026,8,233.7,18.5
case3_0087,upcountry_normal,2024,3,336.7,11.3
case3_0087,upcountry_normal,2024,4,381.7,10.4
case3_0087,upcountry_normal,2024,5,362.5,10.3
case3_0087,upcountry_normal,2024,6,340.1,11.1
case3_0087,upcountry_normal,2024,7,447.0,10.4
case3_0087,upcountry_normal,2024,8,343.4,11.6
case3_0087,upcountry_normal,2024,9,344.3,9.7
case3_0087,upcountry_normal,2024,10,351.2,9.6
case3_0087,upcountry_normal,2024,11,235.1,7.7
case3_0087,upcountry_normal,2024,12,263.7,10.5
case3_0087,upcountry_normal,2025,1,285.5,11.0
case3_0087,upcountry_normal,2025,2,256.4,9.6
case3_0087,upcountry_normal,2025,3,359.0,12.6
case3_0087,upcountry_normal,2025,4,524.5,12.3
case3_0087,upcountry_normal,2025,5,466.1,11.8
case3_0087,upcountry_normal,2025,6,450.7,13.6
case3_0087,upcountry_normal,2025,7,433.1,14.3
case3_0087,upcountry_normal,2025,8,381.3,15.8
case3_0087,upcountry_normal,2025,9,396.9,14.1
case3_0087,upcountry_normal,2025,10,372.7,9.3
case3_0087,upcountry_normal,2025,11,270.0,11.1
case3_0087,upcountry_normal,2025,12,232.9,11.5
case3_0087,upcountry_normal,2026,1,244.7,11.9
case3_0087,upcountry_normal,2026,2,264.2,12.1
case3_0087,upcountry_normal,2026,3,422.9,13.3
case3_0087,upcountry_normal,2026,4,460.6,13.1
case3_0087,upcountry_normal,2026,5,397.1,13.2
case3_0087,upcountry_normal,2026,6,393.1,14.5
case3_0087,upcountry_normal,2026,7,416.2,14.9
case3_0087,upcountry_normal,2026,8,370.5,11.4
case3_0088,upcountry_normal,2024,3,114.6,1.7
case3_0088,upcountry_normal,2024,4,120.8,2.0
case3_0088,upcountry_normal,2024,5,144.1,1.9
case3_0088,upcountry_normal,2024,6,134.5,2.3
case3_0088,upcountry_normal,2024,7,135.8,2.5
case3_0088,upcountry_normal,2024,8,119.3,2.2
case3_0088,upcountry_normal,2024,9,108.1,1.9
case3_0088,upcountry_normal,2024,10,82.6,2.1
case3_0088,upcountry_normal,2024,11,78.7,2.0
case3_0088,upcountry_normal,2024,12,93.7,1.5
case3_0088,upcountry_normal,2025,1,101.7,1.7
case3_0088,upcountry_normal,2025,2,109.8,1.8
case3_0088,upcountry_normal,2025,3,106.6,1.9
case3_0088,upcountry_normal,2025,4,108.2,2.3
case3_0088,upcountry_normal,2025,5,128.3,2.3
case3_0088,upcountry_normal,2025,6,134.3,2.4
case3_0088,upcountry_normal,2025,7,99.6,2.5
case3_0088,upcountry_normal,2025,8,86.8,2.0
case3_0088,upcountry_normal,2025,9,84.5,1.7
case3_0088,upcountry_normal,2025,10,87.7,2.0
case3_0088,upcountry_normal,2025,11,93.2,1.5
case3_0088,upcountry_normal,2025,12,89.6,1.9
case3_0088,upcountry_normal,2026,1,92.5,1.9
case3_0088,upcountry_normal,2026,2,83.2,2.0
case3_0088,upcountry_normal,2026,3,114.1,2.2
case3_0088,upcountry_normal,2026,4,110.6,2.5
case3_0088,upcountry_normal,2026,5,118.8,2.4
case3_0088,upcountry_normal,2026,6,104.6,2.4
case3_0088,upcountry_normal,2026,7,101.2,2.0
case3_0088,upcountry_normal,2026,8,107.2,1.8
case3_0089,upcountry_normal,2024,3,181.4,23.0
case3_0089,upcountry_normal,2024,4,246.5,26.5
case3_0089,upcountry_normal,2024,5,245.9,29.1
case3_0089,upcountry_normal,2024,6,209.7,23.0
case3_0089,upcountry_normal,2024,7,230.5,24.3
case3_0089,upcountry_normal,2024,8,211.4,23.0
case3_0089,upcountry_normal,2024,9,195.4,24.6
case3_0089,upcountry_normal,2024,10,133.2,19.8
case3_0089,upcountry_normal,2024,11,112.5,18.2
case3_0089,upcountry_normal,2024,12,96.7,17.8
case3_0089,upcountry_normal,2025,1,114.4,17.8
case3_0089,upcountry_normal,2025,2,105.4,18.1
case3_0089,upcountry_normal,2025,3,142.5,19.5
case3_0089,upcountry_normal,2025,4,206.3,25.8
case3_0089,upcountry_normal,2025,5,195.4,28.1
case3_0089,upcountry_normal,2025,6,202.2,29.1
case3_0089,upcountry_normal,2025,7,177.6,28.0
case3_0089,upcountry_normal,2025,8,188.2,22.8
case3_0089,upcountry_normal,2025,9,146.2,24.0
case3_0089,upcountry_normal,2025,10,148.7,23.4
case3_0089,upcountry_normal,2025,11,110.2,20.6
case3_0089,upcountry_normal,2025,12,103.4,20.1
case3_0089,upcountry_normal,2026,1,119.5,21.8
case3_0089,upcountry_normal,2026,2,118.6,21.0
case3_0089,upcountry_normal,2026,3,174.2,21.8
case3_0089,upcountry_normal,2026,4,200.9,21.2
case3_0089,upcountry_normal,2026,5,191.4,21.2
case3_0089,upcountry_normal,2026,6,218.5,24.5
case3_0089,upcountry_normal,2026,7,181.0,24.7
case3_0089,upcountry_normal,2026,8,159.9,19.5
case3_0090,upcountry_normal,2024,3,355.1,10.8
case3_0090,upcountry_normal,2024,4,447.4,13.2
case3_0090,upcountry_normal,2024,5,382.5,10.4
case3_0090,upcountry_normal,2024,6,437.9,9.8
case3_0090,upcountry_normal,2024,7,398.3,11.3
case3_0090,upcountry_normal,2024,8,431.7,13.1
case3_0090,upcountry_normal,2024,9,389.6,11.8
case3_0090,upcountry_normal,2024,10,357.7,9.9
case3_0090,upcountry_normal,2024,11,282.6,8.9
case3_0090,upcountry_normal,2024,12,271.2,8.8
case3_0090,upcountry_normal,2025,1,323.4,10.2
case3_0090,upcountry_normal,2025,2,285.1,9.5
case3_0090,upcountry_normal,2025,3,407.0,11.4
case3_0090,upcountry_normal,2025,4,464.3,11.9
case3_0090,upcountry_normal,2025,5,389.3,11.3
case3_0090,upcountry_normal,2025,6,379.2,11.0
case3_0090,upcountry_normal,2025,7,406.1,10.7
case3_0090,upcountry_normal,2025,8,429.6,10.5
case3_0090,upcountry_normal,2025,9,330.6,10.0
case3_0090,upcountry_normal,2025,10,343.0,7.8
case3_0090,upcountry_normal,2025,11,265.4,9.1
case3_0090,upcountry_normal,2025,12,240.4,8.4
case3_0090,upcountry_normal,2026,1,264.6,9.5
case3_0090,upcountry_normal,2026,2,263.9,8.0
case3_0090,upcountry_normal,2026,3,296.4,10.1
case3_0090,upcountry_normal,2026,4,439.9,9.5
case3_0090,upcountry_normal,2026,5,401.8,11.0
case3_0090,upcountry_normal,2026,6,380.4,11.4
case3_0090,upcountry_normal,2026,7,422.6,8.2
case3_0090,upcountry_normal,2026,8,419.9,7.6
case3_0091,upcountry_normal,2024,3,703.1,17.2
case3_0091,upcountry_normal,2024,4,713.2,13.4
case3_0091,upcountry_normal,2024,5,725.2,17.6
case3_0091,upcountry_normal,2024,6,716.8,16.4
case3_0091,upcountry_normal,2024,7,756.5,15.3
case3_0091,upcountry_normal,2024,8,566.3,13.7
case3_0091,upcountry_normal,2024,9,621.4,17.0
case3_0091,upcountry_normal,2024,10,617.4,10.7
case3_0091,upcountry_normal,2024,11,463.6,10.3
case3_0091,upcountry_normal,2024,12,437.3,10.2
case3_0091,upcountry_normal,2025,1,415.7,9.3
case3_0091,upcountry_normal,2025,2,406.2,10.7
case3_0091,upcountry_normal,2025,3,661.1,12.9
case3_0091,upcountry_normal,2025,4,839.6,13.5
case3_0091,upcountry_normal,2025,5,676.4,12.1
case3_0091,upcountry_normal,2025,6,710.2,14.1
case3_0091,upcountry_normal,2025,7,717.6,11.0
case3_0091,upcountry_normal,2025,8,638.8,10.6
case3_0091,upcountry_normal,2025,9,551.4,10.6
case3_0091,upcountry_normal,2025,10,584.9,12.5
case3_0091,upcountry_normal,2025,11,329.5,10.5
case3_0091,upcountry_normal,2025,12,339.5,9.7
case3_0091,upcountry_normal,2026,1,297.9,9.8
case3_0091,upcountry_normal,2026,2,349.6,10.4
case3_0091,upcountry_normal,2026,3,663.3,10.6
case3_0091,upcountry_normal,2026,4,688.4,13.2
case3_0091,upcountry_normal,2026,5,750.5,11.8
case3_0091,upcountry_normal,2026,6,733.0,11.7
case3_0091,upcountry_normal,2026,7,644.1,11.5
case3_0091,upcountry_normal,2026,8,573.5,11.3
case3_0092,upcountry_normal,2024,3,139.4,6.3
case3_0092,upcountry_normal,2024,4,156.5,6.7
case3_0092,upcountry_normal,2024,5,152.2,6.8
case3_0092,upcountry_normal,2024,6,154.8,6.6
case3_0092,upcountry_normal,2024,7,144.1,6.4
case3_0092,upcountry_normal,2024,8,156.8,6.7
case3_0092,upcountry_normal,2024,9,144.7,7.7
case3_0092,upcountry_normal,2024,10,151.4,7.7
case3_0092,upcountry_normal,2024,11,130.4,5.4
case3_0092,upcountry_normal,2024,12,140.3,5.0
case3_0092,upcountry_normal,2025,1,134.3,4.8
case3_0092,upcountry_normal,2025,2,127.4,5.5
case3_0092,upcountry_normal,2025,3,141.1,7.0
case3_0092,upcountry_normal,2025,4,152.8,7.5
case3_0092,upcountry_normal,2025,5,167.5,6.9
case3_0092,upcountry_normal,2025,6,152.0,6.7
case3_0092,upcountry_normal,2025,7,161.0,6.0
case3_0092,upcountry_normal,2025,8,159.0,6.3
case3_0092,upcountry_normal,2025,9,177.8,5.8
case3_0092,upcountry_normal,2025,10,142.6,6.2
case3_0092,upcountry_normal,2025,11,143.3,4.7
case3_0092,upcountry_normal,2025,12,142.1,3.7
case3_0092,upcountry_normal,2026,1,145.0,4.9
case3_0092,upcountry_normal,2026,2,122.3,5.3
case3_0092,upcountry_normal,2026,3,125.9,6.2
case3_0092,upcountry_normal,2026,4,147.3,6.3
case3_0092,upcountry_normal,2026,5,168.0,5.4
case3_0092,upcountry_normal,2026,6,157.5,6.8
case3_0092,upcountry_normal,2026,7,144.7,5.8
case3_0092,upcountry_normal,2026,8,158.0,5.3
case3_0093,upcountry_normal,2024,3,583.5,15.9
case3_0093,upcountry_normal,2024,4,836.4,18.5
case3_0093,upcountry_normal,2024,5,731.2,18.7
case3_0093,upcountry_normal,2024,6,766.8,17.6
case3_0093,upcountry_normal,2024,7,661.3,17.7
case3_0093,upcountry_normal,2024,8,703.9,16.5
case3_0093,upcountry_normal,2024,9,647.7,15.2
case3_0093,upcountry_normal,2024,10,591.9,13.9
case3_0093,upcountry_normal,2024,11,380.9,12.0
case3_0093,upcountry_normal,2024,12,426.9,12.7
case3_0093,upcountry_normal,2025,1,398.4,13.5
case3_0093,upcountry_normal,2025,2,420.3,13.6
case3_0093,upcountry_normal,2025,3,702.9,17.4
case3_0093,upcountry_normal,2025,4,908.6,19.2
case3_0093,upcountry_normal,2025,5,836.0,17.6
case3_0093,upcountry_normal,2025,6,759.3,18.6
case3_0093,upcountry_normal,2025,7,747.0,16.8
case3_0093,upcountry_normal,2025,8,782.2,17.1
case3_0093,upcountry_normal,2025,9,562.8,14.0
case3_0093,upcountry_normal,2025,10,659.7,13.3
case3_0093,upcountry_normal,2025,11,450.4,12.0
case3_0093,upcountry_normal,2025,12,479.6,13.4
case3_0093,upcountry_normal,2026,1,441.7,15.0
case3_0093,upcountry_normal,2026,2,410.3,14.0
case3_0093,upcountry_normal,2026,3,538.8,17.0
case3_0093,upcountry_normal,2026,4,759.1,21.1
case3_0093,upcountry_normal,2026,5,556.4,17.5
case3_0093,upcountry_normal,2026,6,654.7,17.7
case3_0093,upcountry_normal,2026,7,678.8,18.5
case3_0093,upcountry_normal,2026,8,699.3,18.2
case3_0094,upcountry_normal,2024,3,336.0,22.1
case3_0094,upcountry_normal,2024,4,426.7,24.7
case3_0094,upcountry_normal,2024,5,398.1,22.2
case3_0094,upcountry_normal,2024,6,378.5,26.3
case3_0094,upcountry_normal,2024,7,342.4,26.2
case3_0094,upcountry_normal,2024,8,324.1,24.6
case3_0094,upcountry_normal,2024,9,368.6,24.9
case3_0094,upcountry_normal,2024,10,274.7,23.9
case3_0094,upcountry_normal,2024,11,249.8,24.1
case3_0094,upcountry_normal,2024,12,200.3,19.3
case3_0094,upcountry_normal,2025,1,218.0,21.4
case3_0094,upcountry_normal,2025,2,187.2,22.3
case3_0094,upcountry_normal,2025,3,357.4,23.8
case3_0094,upcountry_normal,2025,4,456.6,23.2
case3_0094,upcountry_normal,2025,5,373.4,21.6
case3_0094,upcountry_normal,2025,6,319.8,19.0
case3_0094,upcountry_normal,2025,7,303.5,21.2
case3_0094,upcountry_normal,2025,8,374.2,20.5
case3_0094,upcountry_normal,2025,9,324.3,25.5
case3_0094,upcountry_normal,2025,10,282.1,24.4
case3_0094,upcountry_normal,2025,11,223.8,19.2
case3_0094,upcountry_normal,2025,12,203.9,20.8
case3_0094,upcountry_normal,2026,1,223.0,16.6
case3_0094,upcountry_normal,2026,2,159.0,18.7
case3_0094,upcountry_normal,2026,3,211.1,19.5
case3_0094,upcountry_normal,2026,4,269.4,22.5
case3_0094,upcountry_normal,2026,5,301.7,24.6
case3_0094,upcountry_normal,2026,6,276.3,24.3
case3_0094,upcountry_normal,2026,7,263.7,19.9
case3_0094,upcountry_normal,2026,8,260.6,17.1
case3_0095,upcountry_normal,2024,3,846.2,3.8
case3_0095,upcountry_normal,2024,4,1199.4,4.8
case3_0095,upcountry_normal,2024,5,1061.7,4.3
case3_0095,upcountry_normal,2024,6,1127.1,4.0
case3_0095,upcountry_normal,2024,7,1055.8,5.2
case3_0095,upcountry_normal,2024,8,1080.6,4.5
case3_0095,upcountry_normal,2024,9,858.5,4.8
case3_0095,upcountry_normal,2024,10,768.6,4.4
case3_0095,upcountry_normal,2024,11,635.0,3.6
case3_0095,upcountry_normal,2024,12,639.4,3.4
case3_0095,upcountry_normal,2025,1,655.9,3.0
case3_0095,upcountry_normal,2025,2,697.9,3.0
case3_0095,upcountry_normal,2025,3,813.5,3.2
case3_0095,upcountry_normal,2025,4,1146.5,3.9
case3_0095,upcountry_normal,2025,5,1223.3,4.1
case3_0095,upcountry_normal,2025,6,1191.2,4.0
case3_0095,upcountry_normal,2025,7,1304.3,3.9
case3_0095,upcountry_normal,2025,8,1249.0,4.0
case3_0095,upcountry_normal,2025,9,1290.0,4.1
case3_0095,upcountry_normal,2025,10,1119.5,4.1
case3_0095,upcountry_normal,2025,11,803.1,3.5
case3_0095,upcountry_normal,2025,12,775.2,3.2
case3_0095,upcountry_normal,2026,1,740.0,2.9
case3_0095,upcountry_normal,2026,2,719.1,3.1
case3_0095,upcountry_normal,2026,3,1107.4,3.7
case3_0095,upcountry_normal,2026,4,1439.4,4.3
case3_0095,upcountry_normal,2026,5,1400.5,4.5
case3_0095,upcountry_normal,2026,6,1580.9,3.7
case3_0095,upcountry_normal,2026,7,1288.4,3.4
case3_0095,upcountry_normal,2026,8,1319.1,3.5
case3_0096,upcountry_normal,2024,3,212.1,19.9
case3_0096,upcountry_normal,2024,4,302.7,21.2
case3_0096,upcountry_normal,2024,5,259.5,22.1
case3_0096,upcountry_normal,2024,6,282.8,22.7
case3_0096,upcountry_normal,2024,7,263.4,21.2
case3_0096,upcountry_normal,2024,8,270.2,19.2
case3_0096,upcountry_normal,2024,9,223.1,19.9
case3_0096,upcountry_normal,2024,10,239.8,14.2
case3_0096,upcountry_normal,2024,11,182.0,20.3
case3_0096,upcountry_normal,2024,12,154.2,16.5
case3_0096,upcountry_normal,2025,1,157.3,16.1
case3_0096,upcountry_normal,2025,2,167.9,16.1
case3_0096,upcountry_normal,2025,3,255.9,21.5
case3_0096,upcountry_normal,2025,4,328.4,22.0
case3_0096,upcountry_normal,2025,5,295.8,20.7
case3_0096,upcountry_normal,2025,6,260.9,20.6
case3_0096,upcountry_normal,2025,7,229.2,20.4
case3_0096,upcountry_normal,2025,8,233.9,17.6
case3_0096,upcountry_normal,2025,9,209.0,19.9
case3_0096,upcountry_normal,2025,10,209.9,17.4
case3_0096,upcountry_normal,2025,11,161.7,18.0
case3_0096,upcountry_normal,2025,12,186.5,17.2
case3_0096,upcountry_normal,2026,1,223.4,14.2
case3_0096,upcountry_normal,2026,2,215.8,15.8
case3_0096,upcountry_normal,2026,3,241.3,17.3
case3_0096,upcountry_normal,2026,4,252.2,22.2
case3_0096,upcountry_normal,2026,5,288.1,21.0
case3_0096,upcountry_normal,2026,6,297.1,19.1
case3_0096,upcountry_normal,2026,7,307.5,22.4
case3_0096,upcountry_normal,2026,8,321.7,22.8
case3_0097,upcountry_normal,2024,3,201.5,6.0
case3_0097,upcountry_normal,2024,4,213.1,7.3
case3_0097,upcountry_normal,2024,5,222.5,5.8
case3_0097,upcountry_normal,2024,6,200.4,5.3
case3_0097,upcountry_normal,2024,7,223.5,5.8
case3_0097,upcountry_normal,2024,8,208.8,6.2
case3_0097,upcountry_normal,2024,9,187.4,5.8
case3_0097,upcountry_normal,2024,10,185.1,5.6
case3_0097,upcountry_normal,2024,11,197.8,5.0
case3_0097,upcountry_normal,2024,12,177.8,6.1
case3_0097,upcountry_normal,2025,1,174.9,4.8
case3_0097,upcountry_normal,2025,2,154.3,5.4
case3_0097,upcountry_normal,2025,3,204.8,6.3
case3_0097,upcountry_normal,2025,4,167.5,6.4
case3_0097,upcountry_normal,2025,5,224.2,6.6
case3_0097,upcountry_normal,2025,6,201.2,6.1
case3_0097,upcountry_normal,2025,7,228.5,6.0
case3_0097,upcountry_normal,2025,8,208.2,6.1
case3_0097,upcountry_normal,2025,9,168.9,4.9
case3_0097,upcountry_normal,2025,10,193.5,6.3
case3_0097,upcountry_normal,2025,11,169.4,5.4
case3_0097,upcountry_normal,2025,12,182.1,5.0
case3_0097,upcountry_normal,2026,1,151.6,5.1
case3_0097,upcountry_normal,2026,2,153.5,5.0
case3_0097,upcountry_normal,2026,3,176.7,6.3
case3_0097,upcountry_normal,2026,4,193.5,7.4
case3_0097,upcountry_normal,2026,5,181.0,5.9
case3_0097,upcountry_normal,2026,6,194.3,6.5
case3_0097,upcountry_normal,2026,7,224.5,5.9
case3_0097,upcountry_normal,2026,8,219.4,5.7
case3_0098,upcountry_normal,2024,3,315.1,6.2
case3_0098,upcountry_normal,2024,4,371.5,7.5
case3_0098,upcountry_normal,2024,5,365.5,7.8
case3_0098,upcountry_normal,2024,6,392.2,7.0
case3_0098,upcountry_normal,2024,7,346.6,6.7
case3_0098,upcountry_normal,2024,8,344.5,6.5
case3_0098,upcountry_normal,2024,9,300.9,6.9
case3_0098,upcountry_normal,2024,10,333.4,5.9
case3_0098,upcountry_normal,2024,11,234.6,5.0
case3_0098,upcountry_normal,2024,12,227.2,5.9
case3_0098,upcountry_normal,2025,1,201.6,5.3
case3_0098,upcountry_normal,2025,2,213.5,4.9
case3_0098,upcountry_normal,2025,3,286.2,7.3
case3_0098,upcountry_normal,2025,4,347.0,7.1
case3_0098,upcountry_normal,2025,5,356.0,6.3
case3_0098,upcountry_normal,2025,6,386.7,6.4
case3_0098,upcountry_normal,2025,7,314.3,5.5
case3_0098,upcountry_normal,2025,8,347.7,5.7
case3_0098,upcountry_normal,2025,9,343.8,4.9
case3_0098,upcountry_normal,2025,10,290.7,5.4
case3_0098,upcountry_normal,2025,11,241.4,5.6
case3_0098,upcountry_normal,2025,12,273.9,7.0
case3_0098,upcountry_normal,2026,1,285.7,5.7
case3_0098,upcountry_normal,2026,2,238.1,5.5
case3_0098,upcountry_normal,2026,3,239.7,6.3
case3_0098,upcountry_normal,2026,4,415.9,6.4
case3_0098,upcountry_normal,2026,5,465.6,6.2
case3_0098,upcountry_normal,2026,6,397.8,6.0
case3_0098,upcountry_normal,2026,7,345.1,6.5
case3_0098,upcountry_normal,2026,8,352.6,6.9
case3_0099,upcountry_normal,2024,3,124.2,10.6
case3_0099,upcountry_normal,2024,4,172.6,10.5
case3_0099,upcountry_normal,2024,5,175.5,9.9
case3_0099,upcountry_normal,2024,6,148.2,9.8
case3_0099,upcountry_normal,2024,7,155.8,11.5
case3_0099,upcountry_normal,2024,8,166.7,12.2
case3_0099,upcountry_normal,2024,9,156.4,11.2
case3_0099,upcountry_normal,2024,10,127.8,10.1
case3_0099,upcountry_normal,2024,11,88.5,9.2
case3_0099,upcountry_normal,2024,12,88.7,8.8
case3_0099,upcountry_normal,2025,1,88.4,8.9
case3_0099,upcountry_normal,2025,2,85.2,8.1
case3_0099,upcountry_normal,2025,3,139.8,10.1
case3_0099,upcountry_normal,2025,4,212.3,11.3
case3_0099,upcountry_normal,2025,5,182.9,11.6
case3_0099,upcountry_normal,2025,6,191.7,9.0
case3_0099,upcountry_normal,2025,7,140.1,9.9
case3_0099,upcountry_normal,2025,8,182.8,9.9
case3_0099,upcountry_normal,2025,9,163.6,10.4
case3_0099,upcountry_normal,2025,10,143.0,10.7
case3_0099,upcountry_normal,2025,11,74.0,8.9
case3_0099,upcountry_normal,2025,12,73.1,8.6
case3_0099,upcountry_normal,2026,1,80.1,8.9
case3_0099,upcountry_normal,2026,2,97.1,7.3
case3_0099,upcountry_normal,2026,3,157.4,9.5
case3_0099,upcountry_normal,2026,4,228.6,10.8
case3_0099,upcountry_normal,2026,5,177.5,10.3
case3_0099,upcountry_normal,2026,6,158.7,8.8
case3_0099,upcountry_normal,2026,7,183.8,10.4
case3_0099,upcountry_normal,2026,8,128.5,9.9
case3_0100,upcountry_normal,2024,3,265.5,28.4
case3_0100,upcountry_normal,2024,4,295.8,30.1
case3_0100,upcountry_normal,2024,5,317.0,31.6
case3_0100,upcountry_normal,2024,6,293.5,29.6
case3_0100,upcountry_normal,2024,7,265.1,29.6
case3_0100,upcountry_normal,2024,8,287.8,32.2
case3_0100,upcountry_normal,2024,9,306.2,35.1
case3_0100,upcountry_normal,2024,10,279.5,32.2
case3_0100,upcountry_normal,2024,11,221.8,25.1
case3_0100,upcountry_normal,2024,12,238.1,30.6
case3_0100,upcountry_normal,2025,1,240.5,27.7
case3_0100,upcountry_normal,2025,2,236.4,26.6
case3_0100,upcountry_normal,2025,3,329.1,30.2
case3_0100,upcountry_normal,2025,4,335.6,34.3
case3_0100,upcountry_normal,2025,5,398.9,35.0
case3_0100,upcountry_normal,2025,6,400.9,30.6
case3_0100,upcountry_normal,2025,7,333.2,34.6
case3_0100,upcountry_normal,2025,8,351.7,35.6
case3_0100,upcountry_normal,2025,9,311.4,34.6
case3_0100,upcountry_normal,2025,10,289.1,34.0
case3_0100,upcountry_normal,2025,11,218.9,31.1
case3_0100,upcountry_normal,2025,12,231.8,25.7
case3_0100,upcountry_normal,2026,1,258.1,31.5
case3_0100,upcountry_normal,2026,2,272.5,24.8
case3_0100,upcountry_normal,2026,3,267.0,36.7
case3_0100,upcountry_normal,2026,4,399.4,36.1
case3_0100,upcountry_normal,2026,5,365.3,38.4
case3_0100,upcountry_normal,2026,6,417.6,40.9
case3_0100,upcountry_normal,2026,7,349.6,45.6
case3_0100,upcountry_normal,2026,8,330.9,36.3
case3_0101,upcountry_normal,2024,3,235.8,3.9
case3_0101,upcountry_normal,2024,4,408.3,4.6
case3_0101,upcountry_normal,2024,5,378.7,3.8
case3_0101,upcountry_normal,2024,6,416.9,4.8
case3_0101,upcountry_normal,2024,7,331.7,4.1
case3_0101,upcountry_normal,2024,8,295.4,3.8
case3_0101,upcountry_normal,2024,9,260.8,4.1
case3_0101,upcountry_normal,2024,10,197.3,4.1
case3_0101,upcountry_normal,2024,11,151.3,3.6
case3_0101,upcountry_normal,2024,12,142.5,3.8
case3_0101,upcountry_normal,2025,1,148.2,2.6
case3_0101,upcountry_normal,2025,2,148.8,3.4
case3_0101,upcountry_normal,2025,3,220.9,3.6
case3_0101,upcountry_normal,2025,4,358.5,3.6
case3_0101,upcountry_normal,2025,5,357.3,4.7
case3_0101,upcountry_normal,2025,6,368.7,4.1
case3_0101,upcountry_normal,2025,7,288.4,4.0
case3_0101,upcountry_normal,2025,8,288.6,3.9
case3_0101,upcountry_normal,2025,9,260.7,4.0
case3_0101,upcountry_normal,2025,10,272.9,3.9
case3_0101,upcountry_normal,2025,11,187.9,3.4
case3_0101,upcountry_normal,2025,12,148.8,3.3
case3_0101,upcountry_normal,2026,1,160.4,2.7
case3_0101,upcountry_normal,2026,2,157.3,2.6
case3_0101,upcountry_normal,2026,3,266.3,2.8
case3_0101,upcountry_normal,2026,4,455.4,2.8
case3_0101,upcountry_normal,2026,5,494.7,2.8
case3_0101,upcountry_normal,2026,6,417.9,3.5
case3_0101,upcountry_normal,2026,7,315.5,3.2
case3_0101,upcountry_normal,2026,8,309.2,3.3
case3_0102,upcountry_normal,2024,3,546.2,5.6
case3_0102,upcountry_normal,2024,4,822.7,6.3
case3_0102,upcountry_normal,2024,5,753.0,6.7
case3_0102,upcountry_normal,2024,6,726.6,6.6
case3_0102,upcountry_normal,2024,7,555.8,5.6
case3_0102,upcountry_normal,2024,8,626.3,7.0
case3_0102,upcountry_normal,2024,9,599.9,7.2
case3_0102,upcountry_normal,2024,10,443.0,6.9
case3_0102,upcountry_normal,2024,11,327.0,6.6
case3_0102,upcountry_normal,2024,12,288.9,7.0
case3_0102,upcountry_normal,2025,1,335.2,6.0
case3_0102,upcountry_normal,2025,2,350.8,6.1
case3_0102,upcountry_normal,2025,3,523.3,7.1
case3_0102,upcountry_normal,2025,4,790.8,8.2
case3_0102,upcountry_normal,2025,5,606.4,6.6
case3_0102,upcountry_normal,2025,6,548.2,7.4
case3_0102,upcountry_normal,2025,7,536.7,6.8
case3_0102,upcountry_normal,2025,8,553.6,7.8
case3_0102,upcountry_normal,2025,9,527.6,6.2
case3_0102,upcountry_normal,2025,10,455.7,5.6
case3_0102,upcountry_normal,2025,11,276.3,6.7
case3_0102,upcountry_normal,2025,12,310.6,6.1
case3_0102,upcountry_normal,2026,1,317.8,6.3
case3_0102,upcountry_normal,2026,2,329.4,6.6
case3_0102,upcountry_normal,2026,3,460.3,6.7
case3_0102,upcountry_normal,2026,4,615.3,7.1
case3_0102,upcountry_normal,2026,5,597.0,6.8
case3_0102,upcountry_normal,2026,6,529.1,6.5
case3_0102,upcountry_normal,2026,7,553.4,6.4
case3_0102,upcountry_normal,2026,8,572.6,6.7
case3_0103,upcountry_normal,2024,3,334.4,11.1
case3_0103,upcountry_normal,2024,4,414.9,13.6
case3_0103,upcountry_normal,2024,5,357.1,11.8
case3_0103,upcountry_normal,2024,6,355.7,10.8
case3_0103,upcountry_normal,2024,7,300.3,10.6
case3_0103,upcountry_normal,2024,8,318.6,11.4
case3_0103,upcountry_normal,2024,9,338.4,12.0
case3_0103,upcountry_normal,2024,10,333.5,10.3
case3_0103,upcountry_normal,2024,11,313.9,9.3
case3_0103,upcountry_normal,2024,12,319.0,10.2
case3_0103,upcountry_normal,2025,1,286.6,8.3
case3_0103,upcountry_normal,2025,2,262.8,6.9
case3_0103,upcountry_normal,2025,3,317.2,7.8
case3_0103,upcountry_normal,2025,4,355.4,12.6
case3_0103,upcountry_normal,2025,5,386.1,11.5
case3_0103,upcountry_normal,2025,6,359.2,12.2
case3_0103,upcountry_normal,2025,7,367.9,12.0
case3_0103,upcountry_normal,2025,8,353.4,10.5
case3_0103,upcountry_normal,2025,9,310.1,10.0
case3_0103,upcountry_normal,2025,10,309.4,9.1
case3_0103,upcountry_normal,2025,11,272.8,7.3
case3_0103,upcountry_normal,2025,12,285.2,9.4
case3_0103,upcountry_normal,2026,1,335.1,9.6
case3_0103,upcountry_normal,2026,2,301.0,8.4
case3_0103,upcountry_normal,2026,3,358.6,9.6
case3_0103,upcountry_normal,2026,4,283.0,10.6
case3_0103,upcountry_normal,2026,5,304.9,11.0
case3_0103,upcountry_normal,2026,6,284.3,10.8
case3_0103,upcountry_normal,2026,7,319.3,9.0
case3_0103,upcountry_normal,2026,8,328.9,9.2
case3_0104,upcountry_normal,2024,3,145.0,13.4
case3_0104,upcountry_normal,2024,4,207.6,16.2
case3_0104,upcountry_normal,2024,5,189.6,15.0
case3_0104,upcountry_normal,2024,6,185.5,17.7
case3_0104,upcountry_normal,2024,7,173.3,15.6
case3_0104,upcountry_normal,2024,8,160.8,14.9
case3_0104,upcountry_normal,2024,9,149.7,15.6
case3_0104,upcountry_normal,2024,10,115.4,13.2
case3_0104,upcountry_normal,2024,11,71.7,12.6
case3_0104,upcountry_normal,2024,12,69.0,14.7
case3_0104,upcountry_normal,2025,1,66.4,14.3
case3_0104,upcountry_normal,2025,2,61.5,13.9
case3_0104,upcountry_normal,2025,3,117.0,13.9
case3_0104,upcountry_normal,2025,4,175.4,14.5
case3_0104,upcountry_normal,2025,5,158.7,14.4
case3_0104,upcountry_normal,2025,6,140.2,13.2
case3_0104,upcountry_normal,2025,7,139.2,14.8
case3_0104,upcountry_normal,2025,8,145.0,17.9
case3_0104,upcountry_normal,2025,9,138.4,16.8
case3_0104,upcountry_normal,2025,10,108.6,17.0
case3_0104,upcountry_normal,2025,11,62.6,14.2
case3_0104,upcountry_normal,2025,12,63.1,12.4
case3_0104,upcountry_normal,2026,1,54.4,14.7
case3_0104,upcountry_normal,2026,2,59.4,16.9
case3_0104,upcountry_normal,2026,3,120.2,18.0
case3_0104,upcountry_normal,2026,4,192.1,16.8
case3_0104,upcountry_normal,2026,5,133.4,18.0
case3_0104,upcountry_normal,2026,6,124.6,18.4
case3_0104,upcountry_normal,2026,7,133.2,19.9
case3_0104,upcountry_normal,2026,8,158.9,19.6
case3_0105,upcountry_normal,2024,3,154.4,10.0
case3_0105,upcountry_normal,2024,4,151.2,10.6
case3_0105,upcountry_normal,2024,5,153.4,10.4
case3_0105,upcountry_normal,2024,6,153.7,9.8
case3_0105,upcountry_normal,2024,7,130.9,10.7
case3_0105,upcountry_normal,2024,8,114.7,11.1
case3_0105,upcountry_normal,2024,9,106.0,9.9
case3_0105,upcountry_normal,2024,10,125.8,9.3
case3_0105,upcountry_normal,2024,11,148.7,8.7
case3_0105,upcountry_normal,2024,12,163.8,9.0
case3_0105,upcountry_normal,2025,1,153.0,7.8
case3_0105,upcountry_normal,2025,2,148.2,8.3
case3_0105,upcountry_normal,2025,3,187.4,11.8
case3_0105,upcountry_normal,2025,4,187.6,11.6
case3_0105,upcountry_normal,2025,5,183.6,9.5
case3_0105,upcountry_normal,2025,6,187.8,9.2
case3_0105,upcountry_normal,2025,7,153.2,11.6
case3_0105,upcountry_normal,2025,8,166.2,12.5
case3_0105,upcountry_normal,2025,9,148.5,10.3
case3_0105,upcountry_normal,2025,10,177.8,10.0
case3_0105,upcountry_normal,2025,11,138.4,8.5
case3_0105,upcountry_normal,2025,12,127.2,9.5
case3_0105,upcountry_normal,2026,1,134.5,9.2
case3_0105,upcountry_normal,2026,2,137.5,7.2
case3_0105,upcountry_normal,2026,3,158.5,10.0
case3_0105,upcountry_normal,2026,4,174.0,10.6
case3_0105,upcountry_normal,2026,5,178.6,11.3
case3_0105,upcountry_normal,2026,6,191.0,10.1
case3_0105,upcountry_normal,2026,7,179.1,9.0
case3_0105,upcountry_normal,2026,8,154.2,11.5
case3_0106,upcountry_normal,2024,3,181.7,12.6
case3_0106,upcountry_normal,2024,4,242.2,15.0
case3_0106,upcountry_normal,2024,5,209.7,13.9
case3_0106,upcountry_normal,2024,6,241.0,14.2
case3_0106,upcountry_normal,2024,7,192.2,10.9
case3_0106,upcountry_normal,2024,8,189.8,14.7
case3_0106,upcountry_normal,2024,9,168.1,12.5
case3_0106,upcountry_normal,2024,10,151.7,12.0
case3_0106,upcountry_normal,2024,11,94.3,9.9
case3_0106,upcountry_normal,2024,12,99.4,12.7
case3_0106,upcountry_normal,2025,1,90.9,12.3
case3_0106,upcountry_normal,2025,2,81.2,11.3
case3_0106,upcountry_normal,2025,3,139.1,13.7
case3_0106,upcountry_normal,2025,4,218.3,13.0
case3_0106,upcountry_normal,2025,5,218.3,12.5
case3_0106,upcountry_normal,2025,6,200.6,13.2
case3_0106,upcountry_normal,2025,7,180.1,13.3
case3_0106,upcountry_normal,2025,8,175.3,10.6
case3_0106,upcountry_normal,2025,9,188.4,11.2
case3_0106,upcountry_normal,2025,10,143.8,12.5
case3_0106,upcountry_normal,2025,11,87.3,10.6
case3_0106,upcountry_normal,2025,12,88.5,12.0
case3_0106,upcountry_normal,2026,1,88.4,11.4
case3_0106,upcountry_normal,2026,2,75.2,11.1
case3_0106,upcountry_normal,2026,3,160.5,11.6
case3_0106,upcountry_normal,2026,4,203.8,13.8
case3_0106,upcountry_normal,2026,5,181.6,12.2
case3_0106,upcountry_normal,2026,6,187.0,10.2
case3_0106,upcountry_normal,2026,7,209.2,12.0
case3_0106,upcountry_normal,2026,8,201.7,11.8
case3_0107,upcountry_normal,2024,3,88.8,5.4
case3_0107,upcountry_normal,2024,4,158.7,6.8
case3_0107,upcountry_normal,2024,5,116.5,6.4
case3_0107,upcountry_normal,2024,6,96.6,6.2
case3_0107,upcountry_normal,2024,7,86.0,6.4
case3_0107,upcountry_normal,2024,8,95.6,6.6
case3_0107,upcountry_normal,2024,9,104.7,5.8
case3_0107,upcountry_normal,2024,10,80.6,6.2
case3_0107,upcountry_normal,2024,11,57.9,5.1
case3_0107,upcountry_normal,2024,12,55.8,4.7
case3_0107,upcountry_normal,2025,1,49.0,5.7
case3_0107,upcountry_normal,2025,2,58.9,5.9
case3_0107,upcountry_normal,2025,3,92.1,6.7
case3_0107,upcountry_normal,2025,4,97.1,6.3
case3_0107,upcountry_normal,2025,5,106.0,5.4
case3_0107,upcountry_normal,2025,6,113.4,6.8
case3_0107,upcountry_normal,2025,7,84.5,6.9
case3_0107,upcountry_normal,2025,8,81.3,6.2
case3_0107,upcountry_normal,2025,9,105.8,5.1
case3_0107,upcountry_normal,2025,10,88.5,4.9
case3_0107,upcountry_normal,2025,11,66.0,5.0
case3_0107,upcountry_normal,2025,12,62.9,4.9
case3_0107,upcountry_normal,2026,1,64.6,4.7
case3_0107,upcountry_normal,2026,2,72.9,5.3
case3_0107,upcountry_normal,2026,3,115.2,5.9
case3_0107,upcountry_normal,2026,4,140.8,6.2
case3_0107,upcountry_normal,2026,5,138.4,6.1
case3_0107,upcountry_normal,2026,6,130.2,5.9
case3_0107,upcountry_normal,2026,7,146.4,6.6
case3_0107,upcountry_normal,2026,8,118.0,6.3
case3_0108,upcountry_normal,2024,3,85.7,17.1
case3_0108,upcountry_normal,2024,4,131.9,16.2
case3_0108,upcountry_normal,2024,5,91.6,15.7
case3_0108,upcountry_normal,2024,6,110.2,15.4
case3_0108,upcountry_normal,2024,7,108.5,15.2
case3_0108,upcountry_normal,2024,8,91.3,15.4
case3_0108,upcountry_normal,2024,9,90.1,12.7
case3_0108,upcountry_normal,2024,10,74.7,16.8
case3_0108,upcountry_normal,2024,11,63.4,14.7
case3_0108,upcountry_normal,2024,12,59.5,15.3
case3_0108,upcountry_normal,2025,1,60.6,12.8
case3_0108,upcountry_normal,2025,2,71.7,11.9
case3_0108,upcountry_normal,2025,3,102.6,16.7
case3_0108,upcountry_normal,2025,4,125.6,16.9
case3_0108,upcountry_normal,2025,5,131.0,16.2
case3_0108,upcountry_normal,2025,6,106.4,14.6
case3_0108,upcountry_normal,2025,7,109.8,15.8
case3_0108,upcountry_normal,2025,8,106.3,13.7
case3_0108,upcountry_normal,2025,9,102.3,15.9
case3_0108,upcountry_normal,2025,10,109.6,13.9
case3_0108,upcountry_normal,2025,11,59.3,11.7
case3_0108,upcountry_normal,2025,12,70.1,13.9
case3_0108,upcountry_normal,2026,1,69.9,15.6
case3_0108,upcountry_normal,2026,2,58.0,13.1
case3_0108,upcountry_normal,2026,3,87.4,12.4
case3_0108,upcountry_normal,2026,4,122.1,15.4
case3_0108,upcountry_normal,2026,5,131.2,15.1
case3_0108,upcountry_normal,2026,6,114.5,15.3
case3_0108,upcountry_normal,2026,7,117.8,16.0
case3_0108,upcountry_normal,2026,8,99.5,13.0
case3_0109,upcountry_normal,2024,3,908.6,16.3
case3_0109,upcountry_normal,2024,4,858.0,20.9
case3_0109,upcountry_normal,2024,5,748.8,16.6
case3_0109,upcountry_normal,2024,6,922.0,18.1
case3_0109,upcountry_normal,2024,7,801.3,19.6
case3_0109,upcountry_normal,2024,8,895.1,20.8
case3_0109,upcountry_normal,2024,9,794.7,18.4
case3_0109,upcountry_normal,2024,10,698.5,17.2
case3_0109,upcountry_normal,2024,11,562.8,16.1
case3_0109,upcountry_normal,2024,12,562.7,14.7
case3_0109,upcountry_normal,2025,1,532.0,12.3
case3_0109,upcountry_normal,2025,2,584.7,14.7
case3_0109,upcountry_normal,2025,3,731.1,16.8
case3_0109,upcountry_normal,2025,4,900.0,18.9
case3_0109,upcountry_normal,2025,5,869.1,21.8
case3_0109,upcountry_normal,2025,6,952.8,20.1
case3_0109,upcountry_normal,2025,7,876.4,18.2
case3_0109,upcountry_normal,2025,8,693.5,17.9
case3_0109,upcountry_normal,2025,9,724.4,18.3
case3_0109,upcountry_normal,2025,10,676.6,15.3
case3_0109,upcountry_normal,2025,11,628.4,13.9
case3_0109,upcountry_normal,2025,12,611.5,14.8
case3_0109,upcountry_normal,2026,1,630.3,15.3
case3_0109,upcountry_normal,2026,2,571.8,13.7
case3_0109,upcountry_normal,2026,3,743.4,14.4
case3_0109,upcountry_normal,2026,4,793.8,20.2
case3_0109,upcountry_normal,2026,5,781.9,15.6
case3_0109,upcountry_normal,2026,6,931.9,17.0
case3_0109,upcountry_normal,2026,7,834.3,13.0
case3_0109,upcountry_normal,2026,8,775.1,16.6
case3_0110,upcountry_normal,2024,3,212.8,5.6
case3_0110,upcountry_normal,2024,4,209.2,6.4
case3_0110,upcountry_normal,2024,5,215.0,6.1
case3_0110,upcountry_normal,2024,6,192.1,6.2
case3_0110,upcountry_normal,2024,7,185.9,6.0
case3_0110,upcountry_normal,2024,8,167.0,7.2
case3_0110,upcountry_normal,2024,9,154.9,5.9
case3_0110,upcountry_normal,2024,10,160.0,5.7
case3_0110,upcountry_normal,2024,11,138.6,5.1
case3_0110,upcountry_normal,2024,12,174.0,5.4
case3_0110,upcountry_normal,2025,1,156.7,5.5
case3_0110,upcountry_normal,2025,2,150.2,5.0
case3_0110,upcountry_normal,2025,3,175.7,4.9
case3_0110,upcountry_normal,2025,4,225.4,5.7
case3_0110,upcountry_normal,2025,5,205.6,5.8
case3_0110,upcountry_normal,2025,6,173.8,6.4
case3_0110,upcountry_normal,2025,7,140.4,5.7
case3_0110,upcountry_normal,2025,8,170.0,6.0
case3_0110,upcountry_normal,2025,9,189.0,5.6
case3_0110,upcountry_normal,2025,10,186.9,4.6
case3_0110,upcountry_normal,2025,11,163.4,4.7
case3_0110,upcountry_normal,2025,12,155.5,5.0
case3_0110,upcountry_normal,2026,1,167.7,4.5
case3_0110,upcountry_normal,2026,2,146.2,5.5
case3_0110,upcountry_normal,2026,3,156.3,6.5
case3_0110,upcountry_normal,2026,4,152.8,5.3
case3_0110,upcountry_normal,2026,5,180.3,5.8
case3_0110,upcountry_normal,2026,6,178.4,6.5
case3_0110,upcountry_normal,2026,7,171.9,6.3
case3_0110,upcountry_normal,2026,8,176.3,4.8
case3_0111,upcountry_normal,2024,3,603.4,6.6
case3_0111,upcountry_normal,2024,4,617.5,7.8
case3_0111,upcountry_normal,2024,5,667.7,7.1
case3_0111,upcountry_normal,2024,6,592.4,7.5
case3_0111,upcountry_normal,2024,7,509.9,5.9
case3_0111,upcountry_normal,2024,8,560.2,6.0
case3_0111,upcountry_normal,2024,9,544.1,6.0
case3_0111,upcountry_normal,2024,10,543.0,7.4
case3_0111,upcountry_normal,2024,11,390.6,5.9
case3_0111,upcountry_normal,2024,12,522.3,5.6
case3_0111,upcountry_normal,2025,1,445.3,4.8
case3_0111,upcountry_normal,2025,2,522.2,5.2
case3_0111,upcountry_normal,2025,3,459.3,5.1
case3_0111,upcountry_normal,2025,4,566.9,7.2
case3_0111,upcountry_normal,2025,5,651.6,6.3
case3_0111,upcountry_normal,2025,6,672.8,5.2
case3_0111,upcountry_normal,2025,7,624.2,6.2
case3_0111,upcountry_normal,2025,8,551.7,6.1
case3_0111,upcountry_normal,2025,9,636.7,5.5
case3_0111,upcountry_normal,2025,10,665.8,6.5
case3_0111,upcountry_normal,2025,11,545.7,5.5
case3_0111,upcountry_normal,2025,12,553.5,4.2
case3_0111,upcountry_normal,2026,1,624.7,5.3
case3_0111,upcountry_normal,2026,2,585.0,5.2
case3_0111,upcountry_normal,2026,3,605.0,5.4
case3_0111,upcountry_normal,2026,4,651.1,5.8
case3_0111,upcountry_normal,2026,5,619.2,6.7
case3_0111,upcountry_normal,2026,6,783.3,6.1
case3_0111,upcountry_normal,2026,7,668.5,6.0
case3_0111,upcountry_normal,2026,8,613.5,7.0
case3_0112,upcountry_normal,2024,3,190.8,13.2
case3_0112,upcountry_normal,2024,4,206.1,15.2
case3_0112,upcountry_normal,2024,5,270.0,13.8
case3_0112,upcountry_normal,2024,6,253.6,16.3
case3_0112,upcountry_normal,2024,7,220.4,13.2
case3_0112,upcountry_normal,2024,8,192.4,13.9
case3_0112,upcountry_normal,2024,9,187.4,16.5
case3_0112,upcountry_normal,2024,10,176.1,11.9
case3_0112,upcountry_normal,2024,11,101.1,10.6
case3_0112,upcountry_normal,2024,12,100.7,11.2
case3_0112,upcountry_normal,2025,1,121.0,10.2
case3_0112,upcountry_normal,2025,2,111.0,10.6
case3_0112,upcountry_normal,2025,3,206.5,14.1
case3_0112,upcountry_normal,2025,4,196.1,15.1
case3_0112,upcountry_normal,2025,5,237.5,16.1
case3_0112,upcountry_normal,2025,6,217.4,14.1
case3_0112,upcountry_normal,2025,7,154.7,12.6
case3_0112,upcountry_normal,2025,8,192.9,14.8
case3_0112,upcountry_normal,2025,9,196.3,14.9
case3_0112,upcountry_normal,2025,10,157.9,13.0
case3_0112,upcountry_normal,2025,11,127.8,11.7
case3_0112,upcountry_normal,2025,12,114.7,11.0
case3_0112,upcountry_normal,2026,1,124.4,9.9
case3_0112,upcountry_normal,2026,2,114.4,12.3
case3_0112,upcountry_normal,2026,3,198.9,13.5
case3_0112,upcountry_normal,2026,4,259.9,16.4
case3_0112,upcountry_normal,2026,5,236.2,14.9
case3_0112,upcountry_normal,2026,6,232.3,15.6
case3_0112,upcountry_normal,2026,7,237.4,15.4
case3_0112,upcountry_normal,2026,8,196.2,15.2
case3_0113,upcountry_normal,2024,3,217.8,11.8
case3_0113,upcountry_normal,2024,4,217.6,11.6
case3_0113,upcountry_normal,2024,5,214.6,11.1
case3_0113,upcountry_normal,2024,6,255.5,11.9
case3_0113,upcountry_normal,2024,7,261.9,12.1
case3_0113,upcountry_normal,2024,8,241.1,12.5
case3_0113,upcountry_normal,2024,9,214.2,11.3
case3_0113,upcountry_normal,2024,10,226.8,10.8
case3_0113,upcountry_normal,2024,11,212.1,9.7
case3_0113,upcountry_normal,2024,12,176.1,8.6
case3_0113,upcountry_normal,2025,1,218.9,10.0
case3_0113,upcountry_normal,2025,2,184.6,11.6
case3_0113,upcountry_normal,2025,3,228.5,11.5
case3_0113,upcountry_normal,2025,4,270.5,12.7
case3_0113,upcountry_normal,2025,5,301.6,12.8
case3_0113,upcountry_normal,2025,6,235.9,9.5
case3_0113,upcountry_normal,2025,7,237.8,11.2
case3_0113,upcountry_normal,2025,8,185.2,11.3
case3_0113,upcountry_normal,2025,9,210.8,11.8
case3_0113,upcountry_normal,2025,10,195.7,11.1
case3_0113,upcountry_normal,2025,11,190.7,10.5
case3_0113,upcountry_normal,2025,12,182.5,9.2
case3_0113,upcountry_normal,2026,1,169.9,10.0
case3_0113,upcountry_normal,2026,2,195.3,9.8
case3_0113,upcountry_normal,2026,3,196.4,11.6
case3_0113,upcountry_normal,2026,4,217.8,13.2
case3_0113,upcountry_normal,2026,5,210.8,11.1
case3_0113,upcountry_normal,2026,6,249.6,9.6
case3_0113,upcountry_normal,2026,7,237.2,11.4
case3_0113,upcountry_normal,2026,8,217.0,11.3
case3_0114,upcountry_normal,2024,3,105.2,12.2
case3_0114,upcountry_normal,2024,4,138.5,14.9
case3_0114,upcountry_normal,2024,5,151.0,16.5
case3_0114,upcountry_normal,2024,6,133.0,13.5
case3_0114,upcountry_normal,2024,7,136.3,17.6
case3_0114,upcountry_normal,2024,8,103.0,15.0
case3_0114,upcountry_normal,2024,9,97.2,14.4
case3_0114,upcountry_normal,2024,10,96.9,14.7
case3_0114,upcountry_normal,2024,11,71.5,11.6
case3_0114,upcountry_normal,2024,12,64.4,9.8
case3_0114,upcountry_normal,2025,1,64.7,11.0
case3_0114,upcountry_normal,2025,2,67.1,12.4
case3_0114,upcountry_normal,2025,3,105.7,16.3
case3_0114,upcountry_normal,2025,4,126.8,18.2
case3_0114,upcountry_normal,2025,5,109.2,15.6
case3_0114,upcountry_normal,2025,6,99.4,13.0
case3_0114,upcountry_normal,2025,7,97.2,16.0
case3_0114,upcountry_normal,2025,8,91.7,14.8
case3_0114,upcountry_normal,2025,9,111.5,13.8
case3_0114,upcountry_normal,2025,10,90.6,13.2
case3_0114,upcountry_normal,2025,11,65.7,13.2
case3_0114,upcountry_normal,2025,12,54.6,13.8
case3_0114,upcountry_normal,2026,1,74.0,14.1
case3_0114,upcountry_normal,2026,2,72.0,12.1
case3_0114,upcountry_normal,2026,3,103.0,14.4
case3_0114,upcountry_normal,2026,4,117.7,14.4
case3_0114,upcountry_normal,2026,5,119.6,13.3
case3_0114,upcountry_normal,2026,6,95.6,13.0
case3_0114,upcountry_normal,2026,7,108.1,14.0
case3_0114,upcountry_normal,2026,8,118.8,13.3
case3_0115,upcountry_normal,2024,3,536.1,4.9
case3_0115,upcountry_normal,2024,4,693.6,5.3
case3_0115,upcountry_normal,2024,5,734.5,4.7
case3_0115,upcountry_normal,2024,6,616.0,4.7
case3_0115,upcountry_normal,2024,7,732.3,5.3
case3_0115,upcountry_normal,2024,8,715.2,5.4
case3_0115,upcountry_normal,2024,9,689.4,5.4
case3_0115,upcountry_normal,2024,10,573.8,4.6
case3_0115,upcountry_normal,2024,11,267.9,4.6
case3_0115,upcountry_normal,2024,12,269.4,4.0
case3_0115,upcountry_normal,2025,1,274.0,4.5
case3_0115,upcountry_normal,2025,2,279.5,4.4
case3_0115,upcountry_normal,2025,3,575.2,4.8
case3_0115,upcountry_normal,2025,4,789.5,5.3
case3_0115,upcountry_normal,2025,5,817.8,5.0
case3_0115,upcountry_normal,2025,6,660.0,5.8
case3_0115,upcountry_normal,2025,7,673.8,6.0
case3_0115,upcountry_normal,2025,8,699.6,5.2
case3_0115,upcountry_normal,2025,9,633.1,4.3
case3_0115,upcountry_normal,2025,10,448.8,4.2
case3_0115,upcountry_normal,2025,11,323.5,4.1
case3_0115,upcountry_normal,2025,12,365.4,4.3
case3_0115,upcountry_normal,2026,1,255.9,4.0
case3_0115,upcountry_normal,2026,2,277.0,4.9
case3_0115,upcountry_normal,2026,3,492.1,4.6
case3_0115,upcountry_normal,2026,4,652.6,3.6
case3_0115,upcountry_normal,2026,5,628.8,4.1
case3_0115,upcountry_normal,2026,6,630.6,3.8
case3_0115,upcountry_normal,2026,7,474.3,3.6
case3_0115,upcountry_normal,2026,8,487.1,4.8
case3_0116,upcountry_normal,2024,3,192.1,6.6
case3_0116,upcountry_normal,2024,4,240.5,8.9
case3_0116,upcountry_normal,2024,5,280.3,10.5
case3_0116,upcountry_normal,2024,6,258.9,9.6
case3_0116,upcountry_normal,2024,7,256.4,8.0
case3_0116,upcountry_normal,2024,8,239.1,7.9
case3_0116,upcountry_normal,2024,9,201.1,8.6
case3_0116,upcountry_normal,2024,10,217.2,6.9
case3_0116,upcountry_normal,2024,11,159.0,6.4
case3_0116,upcountry_normal,2024,12,165.9,6.2
case3_0116,upcountry_normal,2025,1,141.8,7.7
case3_0116,upcountry_normal,2025,2,151.8,6.9
case3_0116,upcountry_normal,2025,3,220.1,8.4
case3_0116,upcountry_normal,2025,4,226.8,9.7
case3_0116,upcountry_normal,2025,5,255.8,9.3
case3_0116,upcountry_normal,2025,6,212.3,9.4
case3_0116,upcountry_normal,2025,7,183.1,8.2
case3_0116,upcountry_normal,2025,8,177.7,8.2
case3_0116,upcountry_normal,2025,9,151.1,7.6
case3_0116,upcountry_normal,2025,10,155.2,9.1
case3_0116,upcountry_normal,2025,11,121.8,6.5
case3_0116,upcountry_normal,2025,12,131.8,6.8
case3_0116,upcountry_normal,2026,1,113.5,7.0
case3_0116,upcountry_normal,2026,2,110.2,7.4
case3_0116,upcountry_normal,2026,3,150.5,7.7
case3_0116,upcountry_normal,2026,4,201.6,9.3
case3_0116,upcountry_normal,2026,5,198.4,9.2
case3_0116,upcountry_normal,2026,6,181.1,8.2
case3_0116,upcountry_normal,2026,7,178.9,9.6
case3_0116,upcountry_normal,2026,8,173.4,8.5
case3_0117,upcountry_normal,2024,3,761.8,6.7
case3_0117,upcountry_normal,2024,4,928.1,8.6
case3_0117,upcountry_normal,2024,5,986.9,8.2
case3_0117,upcountry_normal,2024,6,998.5,8.6
case3_0117,upcountry_normal,2024,7,699.3,9.1
case3_0117,upcountry_normal,2024,8,739.7,7.6
case3_0117,upcountry_normal,2024,9,825.1,6.6
case3_0117,upcountry_normal,2024,10,674.9,8.1
case3_0117,upcountry_normal,2024,11,450.7,5.9
case3_0117,upcountry_normal,2024,12,359.6,6.9
case3_0117,upcountry_normal,2025,1,350.9,7.8
case3_0117,upcountry_normal,2025,2,394.2,7.0
case3_0117,upcountry_normal,2025,3,738.6,8.9
case3_0117,upcountry_normal,2025,4,924.3,7.3
case3_0117,upcountry_normal,2025,5,811.1,7.7
case3_0117,upcountry_normal,2025,6,780.9,8.7
case3_0117,upcountry_normal,2025,7,683.0,7.2
case3_0117,upcountry_normal,2025,8,745.1,7.0
case3_0117,upcountry_normal,2025,9,672.8,6.6
case3_0117,upcountry_normal,2025,10,597.4,7.2
case3_0117,upcountry_normal,2025,11,338.8,6.5
case3_0117,upcountry_normal,2025,12,380.4,6.7
case3_0117,upcountry_normal,2026,1,369.8,6.7
case3_0117,upcountry_normal,2026,2,348.4,6.0
case3_0117,upcountry_normal,2026,3,642.5,7.2
case3_0117,upcountry_normal,2026,4,895.2,7.3
case3_0117,upcountry_normal,2026,5,704.9,8.1
case3_0117,upcountry_normal,2026,6,747.6,7.8
case3_0117,upcountry_normal,2026,7,714.5,7.0
case3_0117,upcountry_normal,2026,8,635.7,7.3
case3_0118,upcountry_normal,2024,3,175.8,20.8
case3_0118,upcountry_normal,2024,4,272.6,25.5
case3_0118,upcountry_normal,2024,5,229.2,24.3
case3_0118,upcountry_normal,2024,6,208.3,21.1
case3_0118,upcountry_normal,2024,7,215.6,20.0
case3_0118,upcountry_normal,2024,8,183.2,21.0
case3_0118,upcountry_normal,2024,9,198.6,18.3
case3_0118,upcountry_normal,2024,10,210.5,17.8
case3_0118,upcountry_normal,2024,11,138.8,21.5
case3_0118,upcountry_normal,2024,12,143.1,20.0
case3_0118,upcountry_normal,2025,1,126.8,17.2
case3_0118,upcountry_normal,2025,2,126.1,19.9
case3_0118,upcountry_normal,2025,3,166.4,21.2
case3_0118,upcountry_normal,2025,4,267.3,22.5
case3_0118,upcountry_normal,2025,5,246.7,23.4
case3_0118,upcountry_normal,2025,6,255.3,23.6
case3_0118,upcountry_normal,2025,7,254.0,19.4
case3_0118,upcountry_normal,2025,8,159.6,19.6
case3_0118,upcountry_normal,2025,9,168.2,19.4
case3_0118,upcountry_normal,2025,10,188.4,17.9
case3_0118,upcountry_normal,2025,11,147.7,18.2
case3_0118,upcountry_normal,2025,12,144.1,13.3
case3_0118,upcountry_normal,2026,1,124.1,20.3
case3_0118,upcountry_normal,2026,2,138.6,19.2
case3_0118,upcountry_normal,2026,3,178.0,18.3
case3_0118,upcountry_normal,2026,4,331.1,18.4
case3_0118,upcountry_normal,2026,5,241.3,19.3
case3_0118,upcountry_normal,2026,6,221.2,19.4
case3_0118,upcountry_normal,2026,7,209.6,20.4
case3_0118,upcountry_normal,2026,8,162.4,21.9
case3_0119,upcountry_normal,2024,3,544.3,10.5
case3_0119,upcountry_normal,2024,4,650.1,12.0
case3_0119,upcountry_normal,2024,5,593.2,8.3
case3_0119,upcountry_normal,2024,6,666.1,9.0
case3_0119,upcountry_normal,2024,7,541.5,10.4
case3_0119,upcountry_normal,2024,8,582.1,9.6
case3_0119,upcountry_normal,2024,9,479.2,9.3
case3_0119,upcountry_normal,2024,10,488.3,9.4
case3_0119,upcountry_normal,2024,11,356.0,8.1
case3_0119,upcountry_normal,2024,12,329.2,7.8
case3_0119,upcountry_normal,2025,1,392.3,7.4
case3_0119,upcountry_normal,2025,2,372.3,9.3
case3_0119,upcountry_normal,2025,3,494.3,9.9
case3_0119,upcountry_normal,2025,4,639.2,10.7
case3_0119,upcountry_normal,2025,5,575.3,12.1
case3_0119,upcountry_normal,2025,6,583.7,13.6
case3_0119,upcountry_normal,2025,7,445.9,12.6
case3_0119,upcountry_normal,2025,8,555.1,12.5
case3_0119,upcountry_normal,2025,9,505.3,11.2
case3_0119,upcountry_normal,2025,10,423.2,13.6
case3_0119,upcountry_normal,2025,11,324.6,11.9
case3_0119,upcountry_normal,2025,12,312.4,12.5
case3_0119,upcountry_normal,2026,1,336.4,10.8
case3_0119,upcountry_normal,2026,2,346.4,8.8
case3_0119,upcountry_normal,2026,3,476.7,12.2
case3_0119,upcountry_normal,2026,4,590.6,10.6
case3_0119,upcountry_normal,2026,5,585.9,11.1
case3_0119,upcountry_normal,2026,6,557.8,12.0
case3_0119,upcountry_normal,2026,7,550.0,14.1
case3_0119,upcountry_normal,2026,8,491.6,14.6
case3_0120,upcountry_normal,2024,3,655.6,8.7
case3_0120,upcountry_normal,2024,4,1014.3,8.2
case3_0120,upcountry_normal,2024,5,793.8,6.8
case3_0120,upcountry_normal,2024,6,742.9,8.7
case3_0120,upcountry_normal,2024,7,792.5,7.2
case3_0120,upcountry_normal,2024,8,639.6,8.5
case3_0120,upcountry_normal,2024,9,629.1,7.8
case3_0120,upcountry_normal,2024,10,540.6,7.6
case3_0120,upcountry_normal,2024,11,352.3,7.0
case3_0120,upcountry_normal,2024,12,385.7,7.0
case3_0120,upcountry_normal,2025,1,323.6,6.1
case3_0120,upcountry_normal,2025,2,274.4,6.5
case3_0120,upcountry_normal,2025,3,481.8,6.8
case3_0120,upcountry_normal,2025,4,706.9,7.7
case3_0120,upcountry_normal,2025,5,759.3,6.7
case3_0120,upcountry_normal,2025,6,475.6,7.5
case3_0120,upcountry_normal,2025,7,585.8,7.6
case3_0120,upcountry_normal,2025,8,631.0,6.6
case3_0120,upcountry_normal,2025,9,624.0,7.1
case3_0120,upcountry_normal,2025,10,526.6,7.2
case3_0120,upcountry_normal,2025,11,342.6,6.1
case3_0120,upcountry_normal,2025,12,342.8,5.8
case3_0120,upcountry_normal,2026,1,347.3,5.1
case3_0120,upcountry_normal,2026,2,358.4,5.4
case3_0120,upcountry_normal,2026,3,615.1,5.9
case3_0120,upcountry_normal,2026,4,849.9,7.9
case3_0120,upcountry_normal,2026,5,802.3,7.8
case3_0120,upcountry_normal,2026,6,643.1,6.9
case3_0120,upcountry_normal,2026,7,646.5,7.5
case3_0120,upcountry_normal,2026,8,577.7,7.2
case3_0121,upcountry_normal,2024,3,135.1,5.9
case3_0121,upcountry_normal,2024,4,180.7,6.8
case3_0121,upcountry_normal,2024,5,163.0,6.2
case3_0121,upcountry_normal,2024,6,154.5,6.6
case3_0121,upcountry_normal,2024,7,146.6,6.2
case3_0121,upcountry_normal,2024,8,149.2,6.8
case3_0121,upcountry_normal,2024,9,143.6,6.6
case3_0121,upcountry_normal,2024,10,131.5,6.9
case3_0121,upcountry_normal,2024,11,67.3,5.7
case3_0121,upcountry_normal,2024,12,65.7,5.3
case3_0121,upcountry_normal,2025,1,60.4,5.1
case3_0121,upcountry_normal,2025,2,61.0,5.6
case3_0121,upcountry_normal,2025,3,107.7,4.7
case3_0121,upcountry_normal,2025,4,171.2,6.4
case3_0121,upcountry_normal,2025,5,168.8,5.6
case3_0121,upcountry_normal,2025,6,171.7,4.3
case3_0121,upcountry_normal,2025,7,147.4,4.5
case3_0121,upcountry_normal,2025,8,122.5,4.9
case3_0121,upcountry_normal,2025,9,118.4,4.4
case3_0121,upcountry_normal,2025,10,84.1,4.0
case3_0121,upcountry_normal,2025,11,47.3,4.5
case3_0121,upcountry_normal,2025,12,60.5,4.7
case3_0121,upcountry_normal,2026,1,56.7,4.1
case3_0121,upcountry_normal,2026,2,54.0,4.8
case3_0121,upcountry_normal,2026,3,114.4,5.7
case3_0121,upcountry_normal,2026,4,143.9,5.7
case3_0121,upcountry_normal,2026,5,133.0,5.5
case3_0121,upcountry_normal,2026,6,124.1,4.8
case3_0121,upcountry_normal,2026,7,124.2,5.6
case3_0121,upcountry_normal,2026,8,132.1,4.6
case3_0122,upcountry_normal,2024,3,332.0,10.1
case3_0122,upcountry_normal,2024,4,410.6,11.6
case3_0122,upcountry_normal,2024,5,378.3,12.2
case3_0122,upcountry_normal,2024,6,347.4,11.1
case3_0122,upcountry_normal,2024,7,425.7,11.6
case3_0122,upcountry_normal,2024,8,339.4,10.8
case3_0122,upcountry_normal,2024,9,305.4,9.4
case3_0122,upcountry_normal,2024,10,350.0,9.7
case3_0122,upcountry_normal,2024,11,278.9,8.3
case3_0122,upcountry_normal,2024,12,297.5,9.5
case3_0122,upcountry_normal,2025,1,313.1,9.5
case3_0122,upcountry_normal,2025,2,286.4,10.5
case3_0122,upcountry_normal,2025,3,334.7,9.4
case3_0122,upcountry_normal,2025,4,362.6,11.6
case3_0122,upcountry_normal,2025,5,350.5,11.1
case3_0122,upcountry_normal,2025,6,324.5,12.2
case3_0122,upcountry_normal,2025,7,387.7,10.4
case3_0122,upcountry_normal,2025,8,277.6,9.3
case3_0122,upcountry_normal,2025,9,234.1,10.2
case3_0122,upcountry_normal,2025,10,242.6,9.5
case3_0122,upcountry_normal,2025,11,224.7,8.3
case3_0122,upcountry_normal,2025,12,242.5,9.5
case3_0122,upcountry_normal,2026,1,221.6,10.1
case3_0122,upcountry_normal,2026,2,221.4,9.8
case3_0122,upcountry_normal,2026,3,228.6,11.2
case3_0122,upcountry_normal,2026,4,258.3,10.7
case3_0122,upcountry_normal,2026,5,240.3,13.7
case3_0122,upcountry_normal,2026,6,224.5,12.7
case3_0122,upcountry_normal,2026,7,228.8,12.2
case3_0122,upcountry_normal,2026,8,202.8,12.0
case3_0123,upcountry_normal,2024,3,136.4,19.3
case3_0123,upcountry_normal,2024,4,180.7,19.4
case3_0123,upcountry_normal,2024,5,198.1,19.7
case3_0123,upcountry_normal,2024,6,198.4,19.5
case3_0123,upcountry_normal,2024,7,202.9,18.2
case3_0123,upcountry_normal,2024,8,181.8,19.2
case3_0123,upcountry_normal,2024,9,153.6,18.6
case3_0123,upcountry_normal,2024,10,150.2,18.2
case3_0123,upcountry_normal,2024,11,120.9,17.6
case3_0123,upcountry_normal,2024,12,113.8,19.2
case3_0123,upcountry_normal,2025,1,119.4,16.6
case3_0123,upcountry_normal,2025,2,124.9,17.4
case3_0123,upcountry_normal,2025,3,168.1,22.7
case3_0123,upcountry_normal,2025,4,200.8,20.3
case3_0123,upcountry_normal,2025,5,178.8,25.3
case3_0123,upcountry_normal,2025,6,162.8,23.4
case3_0123,upcountry_normal,2025,7,150.3,22.2
case3_0123,upcountry_normal,2025,8,156.4,22.2
case3_0123,upcountry_normal,2025,9,148.5,21.7
case3_0123,upcountry_normal,2025,10,140.7,20.9
case3_0123,upcountry_normal,2025,11,141.6,20.1
case3_0123,upcountry_normal,2025,12,136.5,16.4
case3_0123,upcountry_normal,2026,1,118.0,18.2
case3_0123,upcountry_normal,2026,2,128.0,16.0
case3_0123,upcountry_normal,2026,3,165.8,20.3
case3_0123,upcountry_normal,2026,4,216.8,22.1
case3_0123,upcountry_normal,2026,5,198.4,21.4
case3_0123,upcountry_normal,2026,6,200.6,23.1
case3_0123,upcountry_normal,2026,7,180.6,22.4
case3_0123,upcountry_normal,2026,8,169.9,25.5
case3_0124,upcountry_normal,2024,3,155.2,4.0
case3_0124,upcountry_normal,2024,4,183.0,4.6
case3_0124,upcountry_normal,2024,5,150.6,4.2
case3_0124,upcountry_normal,2024,6,166.0,4.6
case3_0124,upcountry_normal,2024,7,189.0,4.1
case3_0124,upcountry_normal,2024,8,155.1,4.6
case3_0124,upcountry_normal,2024,9,119.3,5.2
case3_0124,upcountry_normal,2024,10,116.9,3.9
case3_0124,upcountry_normal,2024,11,99.1,3.9
case3_0124,upcountry_normal,2024,12,93.8,2.8
case3_0124,upcountry_normal,2025,1,89.9,2.7
case3_0124,upcountry_normal,2025,2,76.1,3.9
case3_0124,upcountry_normal,2025,3,122.0,3.8
case3_0124,upcountry_normal,2025,4,148.9,4.6
case3_0124,upcountry_normal,2025,5,131.1,4.4
case3_0124,upcountry_normal,2025,6,132.5,4.3
case3_0124,upcountry_normal,2025,7,116.2,4.1
case3_0124,upcountry_normal,2025,8,126.8,4.2
case3_0124,upcountry_normal,2025,9,125.4,4.0
case3_0124,upcountry_normal,2025,10,98.0,3.1
case3_0124,upcountry_normal,2025,11,74.8,2.8
case3_0124,upcountry_normal,2025,12,71.7,3.6
case3_0124,upcountry_normal,2026,1,83.7,3.9
case3_0124,upcountry_normal,2026,2,74.0,3.0
case3_0124,upcountry_normal,2026,3,106.2,4.1
case3_0124,upcountry_normal,2026,4,161.7,4.0
case3_0124,upcountry_normal,2026,5,122.8,4.1
case3_0124,upcountry_normal,2026,6,130.2,4.0
case3_0124,upcountry_normal,2026,7,131.8,4.0
case3_0124,upcountry_normal,2026,8,88.7,3.7
case3_0125,upcountry_normal,2024,3,276.7,11.3
case3_0125,upcountry_normal,2024,4,355.4,11.5
case3_0125,upcountry_normal,2024,5,342.7,12.5
case3_0125,upcountry_normal,2024,6,284.9,11.5
case3_0125,upcountry_normal,2024,7,300.9,12.1
case3_0125,upcountry_normal,2024,8,296.4,12.5
case3_0125,upcountry_normal,2024,9,338.7,10.7
case3_0125,upcountry_normal,2024,10,316.2,9.7
case3_0125,upcountry_normal,2024,11,261.8,9.8
case3_0125,upcountry_normal,2024,12,239.1,9.6
case3_0125,upcountry_normal,2025,1,247.1,10.0
case3_0125,upcountry_normal,2025,2,273.1,9.5
case3_0125,upcountry_normal,2025,3,313.5,8.9
case3_0125,upcountry_normal,2025,4,336.4,11.4
case3_0125,upcountry_normal,2025,5,310.5,14.1
case3_0125,upcountry_normal,2025,6,350.3,12.1
case3_0125,upcountry_normal,2025,7,339.4,12.3
case3_0125,upcountry_normal,2025,8,313.6,10.9
case3_0125,upcountry_normal,2025,9,264.8,10.1
case3_0125,upcountry_normal,2025,10,275.1,10.6
case3_0125,upcountry_normal,2025,11,222.3,11.0
case3_0125,upcountry_normal,2025,12,269.0,11.0
case3_0125,upcountry_normal,2026,1,262.2,9.0
case3_0125,upcountry_normal,2026,2,254.2,9.6
case3_0125,upcountry_normal,2026,3,309.7,10.4
case3_0125,upcountry_normal,2026,4,420.7,11.0
case3_0125,upcountry_normal,2026,5,325.7,10.7
case3_0125,upcountry_normal,2026,6,318.3,10.9
case3_0125,upcountry_normal,2026,7,308.8,11.6
case3_0125,upcountry_normal,2026,8,300.2,12.3
case3_0126,upcountry_normal,2024,3,455.5,14.0
case3_0126,upcountry_normal,2024,4,510.0,16.3
case3_0126,upcountry_normal,2024,5,516.1,15.3
case3_0126,upcountry_normal,2024,6,493.2,12.6
case3_0126,upcountry_normal,2024,7,488.2,13.7
case3_0126,upcountry_normal,2024,8,428.9,14.2
case3_0126,upcountry_normal,2024,9,381.5,13.8
case3_0126,upcountry_normal,2024,10,343.2,14.9
case3_0126,upcountry_normal,2024,11,254.2,14.4
case3_0126,upcountry_normal,2024,12,231.7,12.2
case3_0126,upcountry_normal,2025,1,262.8,10.8
case3_0126,upcountry_normal,2025,2,215.0,14.1
case3_0126,upcountry_normal,2025,3,383.6,13.6
case3_0126,upcountry_normal,2025,4,463.2,17.4
case3_0126,upcountry_normal,2025,5,452.1,15.3
case3_0126,upcountry_normal,2025,6,566.8,15.5
case3_0126,upcountry_normal,2025,7,392.1,17.7
case3_0126,upcountry_normal,2025,8,339.2,15.8
case3_0126,upcountry_normal,2025,9,418.6,12.4
case3_0126,upcountry_normal,2025,10,334.3,13.5
case3_0126,upcountry_normal,2025,11,214.8,10.9
case3_0126,upcountry_normal,2025,12,232.2,13.8
case3_0126,upcountry_normal,2026,1,243.3,12.6
case3_0126,upcountry_normal,2026,2,265.6,13.9
case3_0126,upcountry_normal,2026,3,379.4,15.2
case3_0126,upcountry_normal,2026,4,482.5,15.3
case3_0126,upcountry_normal,2026,5,450.8,14.1
case3_0126,upcountry_normal,2026,6,442.0,14.8
case3_0126,upcountry_normal,2026,7,443.0,15.3
case3_0126,upcountry_normal,2026,8,392.0,15.4
case3_0127,upcountry_normal,2024,3,570.4,29.6
case3_0127,upcountry_normal,2024,4,602.2,30.6
case3_0127,upcountry_normal,2024,5,675.6,31.7
case3_0127,upcountry_normal,2024,6,590.6,33.9
case3_0127,upcountry_normal,2024,7,665.7,31.4
case3_0127,upcountry_normal,2024,8,611.3,37.7
case3_0127,upcountry_normal,2024,9,540.0,32.8
case3_0127,upcountry_normal,2024,10,468.8,32.8
case3_0127,upcountry_normal,2024,11,447.5,29.0
case3_0127,upcountry_normal,2024,12,486.6,29.0
case3_0127,upcountry_normal,2025,1,500.4,32.4
case3_0127,upcountry_normal,2025,2,562.7,29.1
case3_0127,upcountry_normal,2025,3,588.5,30.3
case3_0127,upcountry_normal,2025,4,741.5,32.8
case3_0127,upcountry_normal,2025,5,684.3,30.9
case3_0127,upcountry_normal,2025,6,685.6,33.1
case3_0127,upcountry_normal,2025,7,494.2,28.0
case3_0127,upcountry_normal,2025,8,649.7,29.8
case3_0127,upcountry_normal,2025,9,582.8,27.5
case3_0127,upcountry_normal,2025,10,554.3,26.9
case3_0127,upcountry_normal,2025,11,415.5,23.8
case3_0127,upcountry_normal,2025,12,364.0,24.0
case3_0127,upcountry_normal,2026,1,430.6,22.0
case3_0127,upcountry_normal,2026,2,406.6,22.4
case3_0127,upcountry_normal,2026,3,619.8,29.4
case3_0127,upcountry_normal,2026,4,711.2,31.9
case3_0127,upcountry_normal,2026,5,701.5,24.3
case3_0127,upcountry_normal,2026,6,684.6,29.7
case3_0127,upcountry_normal,2026,7,596.4,32.7
case3_0127,upcountry_normal,2026,8,474.0,32.6
case3_0128,upcountry_normal,2024,3,254.3,15.4
case3_0128,upcountry_normal,2024,4,286.2,15.9
case3_0128,upcountry_normal,2024,5,239.4,15.6
case3_0128,upcountry_normal,2024,6,250.1,16.8
case3_0128,upcountry_normal,2024,7,237.7,17.8
case3_0128,upcountry_normal,2024,8,268.1,14.2
case3_0128,upcountry_normal,2024,9,222.1,13.0
case3_0128,upcountry_normal,2024,10,144.0,14.2
case3_0128,upcountry_normal,2024,11,143.8,11.1
case3_0128,upcountry_normal,2024,12,165.6,9.9
case3_0128,upcountry_normal,2025,1,163.2,13.2
case3_0128,upcountry_normal,2025,2,164.8,12.5
case3_0128,upcountry_normal,2025,3,178.1,14.2
case3_0128,upcountry_normal,2025,4,302.4,12.8
case3_0128,upcountry_normal,2025,5,241.7,15.7
case3_0128,upcountry_normal,2025,6,226.8,14.5
case3_0128,upcountry_normal,2025,7,229.1,14.9
case3_0128,upcountry_normal,2025,8,208.6,14.7
case3_0128,upcountry_normal,2025,9,185.6,14.1
case3_0128,upcountry_normal,2025,10,195.1,10.4
case3_0128,upcountry_normal,2025,11,146.1,11.6
case3_0128,upcountry_normal,2025,12,189.4,12.9
case3_0128,upcountry_normal,2026,1,192.1,11.6
case3_0128,upcountry_normal,2026,2,173.6,13.0
case3_0128,upcountry_normal,2026,3,187.6,15.0
case3_0128,upcountry_normal,2026,4,267.7,15.1
case3_0128,upcountry_normal,2026,5,250.8,13.9
case3_0128,upcountry_normal,2026,6,294.6,14.3
case3_0128,upcountry_normal,2026,7,277.6,13.2
case3_0128,upcountry_normal,2026,8,248.4,13.0
case3_0129,upcountry_normal,2024,3,429.7,24.1
case3_0129,upcountry_normal,2024,4,590.1,25.2
case3_0129,upcountry_normal,2024,5,586.5,24.2
case3_0129,upcountry_normal,2024,6,580.5,23.5
case3_0129,upcountry_normal,2024,7,527.9,24.3
case3_0129,upcountry_normal,2024,8,625.7,20.7
case3_0129,upcountry_normal,2024,9,450.4,20.8
case3_0129,upcountry_normal,2024,10,470.7,18.8
case3_0129,upcountry_normal,2024,11,351.6,20.1
case3_0129,upcountry_normal,2024,12,339.3,18.4
case3_0129,upcountry_normal,2025,1,308.7,17.7
case3_0129,upcountry_normal,2025,2,286.4,18.4
case3_0129,upcountry_normal,2025,3,401.6,17.4
case3_0129,upcountry_normal,2025,4,710.8,19.9
case3_0129,upcountry_normal,2025,5,668.0,20.2
case3_0129,upcountry_normal,2025,6,614.2,23.1
case3_0129,upcountry_normal,2025,7,524.0,22.3
case3_0129,upcountry_normal,2025,8,492.9,27.3
case3_0129,upcountry_normal,2025,9,489.2,21.4
case3_0129,upcountry_normal,2025,10,378.5,18.2
case3_0129,upcountry_normal,2025,11,355.0,19.1
case3_0129,upcountry_normal,2025,12,302.6,18.5
case3_0129,upcountry_normal,2026,1,308.5,22.8
case3_0129,upcountry_normal,2026,2,281.9,18.5
case3_0129,upcountry_normal,2026,3,453.6,19.4
case3_0129,upcountry_normal,2026,4,656.6,19.6
case3_0129,upcountry_normal,2026,5,506.2,20.9
case3_0129,upcountry_normal,2026,6,571.9,20.4
case3_0129,upcountry_normal,2026,7,613.5,20.8
case3_0129,upcountry_normal,2026,8,525.3,22.2
case3_0130,upcountry_normal,2024,3,428.3,10.2
case3_0130,upcountry_normal,2024,4,416.6,10.0
case3_0130,upcountry_normal,2024,5,422.3,11.3
case3_0130,upcountry_normal,2024,6,440.7,11.7
case3_0130,upcountry_normal,2024,7,415.8,11.8
case3_0130,upcountry_normal,2024,8,409.9,9.4
case3_0130,upcountry_normal,2024,9,400.3,9.2
case3_0130,upcountry_normal,2024,10,416.2,9.8
case3_0130,upcountry_normal,2024,11,296.8,7.5
case3_0130,upcountry_normal,2024,12,259.1,7.4
case3_0130,upcountry_normal,2025,1,321.5,7.7
case3_0130,upcountry_normal,2025,2,288.7,8.2
case3_0130,upcountry_normal,2025,3,309.6,10.0
case3_0130,upcountry_normal,2025,4,435.2,10.2
case3_0130,upcountry_normal,2025,5,400.7,8.1
case3_0130,upcountry_normal,2025,6,419.3,9.4
case3_0130,upcountry_normal,2025,7,361.2,8.8
case3_0130,upcountry_normal,2025,8,283.2,10.0
case3_0130,upcountry_normal,2025,9,316.9,10.6
case3_0130,upcountry_normal,2025,10,320.4,10.3
case3_0130,upcountry_normal,2025,11,289.6,10.1
case3_0130,upcountry_normal,2025,12,306.5,8.5
case3_0130,upcountry_normal,2026,1,296.1,10.1
case3_0130,upcountry_normal,2026,2,250.5,8.6
case3_0130,upcountry_normal,2026,3,344.9,10.5
case3_0130,upcountry_normal,2026,4,316.0,12.5
case3_0130,upcountry_normal,2026,5,331.7,10.3
case3_0130,upcountry_normal,2026,6,352.2,11.3
case3_0130,upcountry_normal,2026,7,345.6,10.3
case3_0130,upcountry_normal,2026,8,316.2,11.3
case3_0131,upcountry_normal,2024,3,259.9,5.2
case3_0131,upcountry_normal,2024,4,327.5,4.8
case3_0131,upcountry_normal,2024,5,328.4,4.0
case3_0131,upcountry_normal,2024,6,281.6,4.0
case3_0131,upcountry_normal,2024,7,311.7,5.2
case3_0131,upcountry_normal,2024,8,294.9,4.1
case3_0131,upcountry_normal,2024,9,260.1,4.3
case3_0131,upcountry_normal,2024,10,240.5,4.0
case3_0131,upcountry_normal,2024,11,158.5,3.7
case3_0131,upcountry_normal,2024,12,189.6,3.3
case3_0131,upcountry_normal,2025,1,152.3,3.5
case3_0131,upcountry_normal,2025,2,154.7,3.7
case3_0131,upcountry_normal,2025,3,282.3,4.7
case3_0131,upcountry_normal,2025,4,394.5,4.9
case3_0131,upcountry_normal,2025,5,329.3,4.7
case3_0131,upcountry_normal,2025,6,324.7,4.6
case3_0131,upcountry_normal,2025,7,328.7,3.8
case3_0131,upcountry_normal,2025,8,307.9,3.9
case3_0131,upcountry_normal,2025,9,312.9,4.3
case3_0131,upcountry_normal,2025,10,258.6,3.9
case3_0131,upcountry_normal,2025,11,179.4,3.9
case3_0131,upcountry_normal,2025,12,170.1,3.5
case3_0131,upcountry_normal,2026,1,190.2,3.5
case3_0131,upcountry_normal,2026,2,200.7,3.7
case3_0131,upcountry_normal,2026,3,261.7,4.2
case3_0131,upcountry_normal,2026,4,396.8,4.7
case3_0131,upcountry_normal,2026,5,383.3,4.1
case3_0131,upcountry_normal,2026,6,327.8,4.1
case3_0131,upcountry_normal,2026,7,318.4,3.5
case3_0131,upcountry_normal,2026,8,268.0,3.9
case3_0132,upcountry_normal,2024,3,151.6,4.1
case3_0132,upcountry_normal,2024,4,185.7,4.9
case3_0132,upcountry_normal,2024,5,172.2,5.0
case3_0132,upcountry_normal,2024,6,167.0,4.5
case3_0132,upcountry_normal,2024,7,193.1,4.5
case3_0132,upcountry_normal,2024,8,193.8,4.4
case3_0132,upcountry_normal,2024,9,181.7,4.1
case3_0132,upcountry_normal,2024,10,145.7,3.6
case3_0132,upcountry_normal,2024,11,112.2,3.4
case3_0132,upcountry_normal,2024,12,110.7,3.8
case3_0132,upcountry_normal,2025,1,150.2,3.3
case3_0132,upcountry_normal,2025,2,128.8,4.1
case3_0132,upcountry_normal,2025,3,151.4,4.0
case3_0132,upcountry_normal,2025,4,188.9,5.4
case3_0132,upcountry_normal,2025,5,186.2,4.9
case3_0132,upcountry_normal,2025,6,195.1,5.9
case3_0132,upcountry_normal,2025,7,178.9,5.3
case3_0132,upcountry_normal,2025,8,181.0,4.0
case3_0132,upcountry_normal,2025,9,174.7,4.2
case3_0132,upcountry_normal,2025,10,152.8,4.5
case3_0132,upcountry_normal,2025,11,104.7,4.7
case3_0132,upcountry_normal,2025,12,121.8,3.5
case3_0132,upcountry_normal,2026,1,132.7,4.7
case3_0132,upcountry_normal,2026,2,136.0,4.7
case3_0132,upcountry_normal,2026,3,175.3,4.2
case3_0132,upcountry_normal,2026,4,224.5,4.7
case3_0132,upcountry_normal,2026,5,202.7,4.5
case3_0132,upcountry_normal,2026,6,192.7,4.3
case3_0132,upcountry_normal,2026,7,147.5,3.9
case3_0132,upcountry_normal,2026,8,155.8,4.1
case3_0133,upcountry_normal,2024,3,272.1,6.3
case3_0133,upcountry_normal,2024,4,391.1,6.9
case3_0133,upcountry_normal,2024,5,389.5,7.6
case3_0133,upcountry_normal,2024,6,321.7,8.3
case3_0133,upcountry_normal,2024,7,267.6,7.3
case3_0133,upcountry_normal,2024,8,307.3,6.2
case3_0133,upcountry_normal,2024,9,290.9,5.6
case3_0133,upcountry_normal,2024,10,280.1,7.2
case3_0133,upcountry_normal,2024,11,220.8,6.2
case3_0133,upcountry_normal,2024,12,203.4,6.8
case3_0133,upcountry_normal,2025,1,202.9,5.4
case3_0133,upcountry_normal,2025,2,209.8,6.3
case3_0133,upcountry_normal,2025,3,241.8,6.8
case3_0133,upcountry_normal,2025,4,299.1,7.3
case3_0133,upcountry_normal,2025,5,334.2,7.2
case3_0133,upcountry_normal,2025,6,312.8,8.3
case3_0133,upcountry_normal,2025,7,319.0,6.0
case3_0133,upcountry_normal,2025,8,328.7,6.0
case3_0133,upcountry_normal,2025,9,298.3,7.6
case3_0133,upcountry_normal,2025,10,296.5,6.1
case3_0133,upcountry_normal,2025,11,216.4,5.8
case3_0133,upcountry_normal,2025,12,251.8,5.5
case3_0133,upcountry_normal,2026,1,205.6,6.8
case3_0133,upcountry_normal,2026,2,257.2,7.2
case3_0133,upcountry_normal,2026,3,329.5,8.3
case3_0133,upcountry_normal,2026,4,398.8,9.3
case3_0133,upcountry_normal,2026,5,359.3,7.5
case3_0133,upcountry_normal,2026,6,359.3,7.7
case3_0133,upcountry_normal,2026,7,391.2,7.6
case3_0133,upcountry_normal,2026,8,287.4,8.0
case3_0134,upcountry_normal,2024,3,1550.7,11.5
case3_0134,upcountry_normal,2024,4,1983.1,11.0
case3_0134,upcountry_normal,2024,5,2097.8,12.4
case3_0134,upcountry_normal,2024,6,1904.6,12.5
case3_0134,upcountry_normal,2024,7,1790.1,12.7
case3_0134,upcountry_normal,2024,8,1700.8,13.4
case3_0134,upcountry_normal,2024,9,1435.3,13.4
case3_0134,upcountry_normal,2024,10,1474.4,9.8
case3_0134,upcountry_normal,2024,11,1318.2,9.3
case3_0134,upcountry_normal,2024,12,1471.7,10.7
case3_0134,upcountry_normal,2025,1,1447.8,10.8
case3_0134,upcountry_normal,2025,2,1547.3,8.9
case3_0134,upcountry_normal,2025,3,1935.8,11.1
case3_0134,upcountry_normal,2025,4,2710.4,10.8
case3_0134,upcountry_normal,2025,5,2102.3,10.9
case3_0134,upcountry_normal,2025,6,2045.4,11.9
case3_0134,upcountry_normal,2025,7,2307.5,12.3
case3_0134,upcountry_normal,2025,8,1714.5,11.4
case3_0134,upcountry_normal,2025,9,1797.4,12.7
case3_0134,upcountry_normal,2025,10,1680.2,11.3
case3_0134,upcountry_normal,2025,11,1267.0,9.6
case3_0134,upcountry_normal,2025,12,1155.0,9.8
case3_0134,upcountry_normal,2026,1,1456.7,9.6
case3_0134,upcountry_normal,2026,2,1269.4,10.7
case3_0134,upcountry_normal,2026,3,2058.4,12.2
case3_0134,upcountry_normal,2026,4,2214.0,12.2
case3_0134,upcountry_normal,2026,5,2006.0,11.3
case3_0134,upcountry_normal,2026,6,2565.3,13.3
case3_0134,upcountry_normal,2026,7,2487.7,11.9
case3_0134,upcountry_normal,2026,8,2877.9,11.1
case3_0135,upcountry_normal,2024,3,159.9,8.5
case3_0135,upcountry_normal,2024,4,181.1,9.2
case3_0135,upcountry_normal,2024,5,201.7,8.9
case3_0135,upcountry_normal,2024,6,165.1,8.8
case3_0135,upcountry_normal,2024,7,166.4,9.7
case3_0135,upcountry_normal,2024,8,158.3,9.6
case3_0135,upcountry_normal,2024,9,154.0,8.8
case3_0135,upcountry_normal,2024,10,155.0,8.7
case3_0135,upcountry_normal,2024,11,116.9,7.5
case3_0135,upcountry_normal,2024,12,133.0,7.5
case3_0135,upcountry_normal,2025,1,147.9,7.7
case3_0135,upcountry_normal,2025,2,143.6,7.4
case3_0135,upcountry_normal,2025,3,147.8,8.7
case3_0135,upcountry_normal,2025,4,155.8,8.7
case3_0135,upcountry_normal,2025,5,187.1,9.1
case3_0135,upcountry_normal,2025,6,186.4,8.3
case3_0135,upcountry_normal,2025,7,144.8,7.7
case3_0135,upcountry_normal,2025,8,138.2,8.3
case3_0135,upcountry_normal,2025,9,139.2,8.1
case3_0135,upcountry_normal,2025,10,132.5,7.6
case3_0135,upcountry_normal,2025,11,113.9,8.2
case3_0135,upcountry_normal,2025,12,125.6,7.8
case3_0135,upcountry_normal,2026,1,137.3,8.2
case3_0135,upcountry_normal,2026,2,128.8,8.9
case3_0135,upcountry_normal,2026,3,158.1,11.3
case3_0135,upcountry_normal,2026,4,167.0,8.8
case3_0135,upcountry_normal,2026,5,141.7,9.4
case3_0135,upcountry_normal,2026,6,166.2,8.4
case3_0135,upcountry_normal,2026,7,141.0,8.2
case3_0135,upcountry_normal,2026,8,140.0,7.9
case3_0136,upcountry_normal,2024,3,233.7,7.1
case3_0136,upcountry_normal,2024,4,324.7,5.6
case3_0136,upcountry_normal,2024,5,264.2,7.6
case3_0136,upcountry_normal,2024,6,251.5,8.2
case3_0136,upcountry_normal,2024,7,299.3,9.3
case3_0136,upcountry_normal,2024,8,266.3,8.0
case3_0136,upcountry_normal,2024,9,285.9,7.5
case3_0136,upcountry_normal,2024,10,224.4,7.6
case3_0136,upcountry_normal,2024,11,117.0,7.4
case3_0136,upcountry_normal,2024,12,143.4,7.6
case3_0136,upcountry_normal,2025,1,153.3,7.5
case3_0136,upcountry_normal,2025,2,142.6,6.8
case3_0136,upcountry_normal,2025,3,256.1,6.4
case3_0136,upcountry_normal,2025,4,355.0,7.9
case3_0136,upcountry_normal,2025,5,323.6,8.4
case3_0136,upcountry_normal,2025,6,306.6,7.8
case3_0136,upcountry_normal,2025,7,257.1,9.1
case3_0136,upcountry_normal,2025,8,243.6,7.3
case3_0136,upcountry_normal,2025,9,218.0,8.1
case3_0136,upcountry_normal,2025,10,189.7,7.5
case3_0136,upcountry_normal,2025,11,138.7,6.9
case3_0136,upcountry_normal,2025,12,146.0,7.2
case3_0136,upcountry_normal,2026,1,157.6,7.0
case3_0136,upcountry_normal,2026,2,153.6,6.9
case3_0136,upcountry_normal,2026,3,255.3,8.6
case3_0136,upcountry_normal,2026,4,388.6,8.4
case3_0136,upcountry_normal,2026,5,396.2,6.8
case3_0136,upcountry_normal,2026,6,375.9,7.7
case3_0136,upcountry_normal,2026,7,315.9,7.0
case3_0136,upcountry_normal,2026,8,270.6,8.5
case3_0137,upcountry_normal,2024,3,153.4,26.9
case3_0137,upcountry_normal,2024,4,269.5,30.2
case3_0137,upcountry_normal,2024,5,194.4,28.0
case3_0137,upcountry_normal,2024,6,194.5,25.8
case3_0137,upcountry_normal,2024,7,189.7,22.4
case3_0137,upcountry_normal,2024,8,215.9,29.4
case3_0137,upcountry_normal,2024,9,191.7,26.3
case3_0137,upcountry_normal,2024,10,146.7,26.0
case3_0137,upcountry_normal,2024,11,92.4,20.0
case3_0137,upcountry_normal,2024,12,92.3,21.8
case3_0137,upcountry_normal,2025,1,89.5,26.9
case3_0137,upcountry_normal,2025,2,99.9,24.7
case3_0137,upcountry_normal,2025,3,151.7,31.8
case3_0137,upcountry_normal,2025,4,264.9,33.1
case3_0137,upcountry_normal,2025,5,211.6,34.8
case3_0137,upcountry_normal,2025,6,179.9,27.8
case3_0137,upcountry_normal,2025,7,171.7,32.1
case3_0137,upcountry_normal,2025,8,179.5,28.2
case3_0137,upcountry_normal,2025,9,173.0,27.3
case3_0137,upcountry_normal,2025,10,154.9,31.4
case3_0137,upcountry_normal,2025,11,98.0,25.8
case3_0137,upcountry_normal,2025,12,93.5,25.2
case3_0137,upcountry_normal,2026,1,85.5,25.6
case3_0137,upcountry_normal,2026,2,84.0,20.0
case3_0137,upcountry_normal,2026,3,192.9,23.7
case3_0137,upcountry_normal,2026,4,265.4,27.6
case3_0137,upcountry_normal,2026,5,229.3,26.8
case3_0137,upcountry_normal,2026,6,239.4,26.0
case3_0137,upcountry_normal,2026,7,176.3,26.3
case3_0137,upcountry_normal,2026,8,220.7,26.5
case3_0138,upcountry_normal,2024,3,542.2,2.8
case3_0138,upcountry_normal,2024,4,798.8,3.0
case3_0138,upcountry_normal,2024,5,597.2,2.7
case3_0138,upcountry_normal,2024,6,670.8,2.8
case3_0138,upcountry_normal,2024,7,593.0,2.6
case3_0138,upcountry_normal,2024,8,585.6,2.1
case3_0138,upcountry_normal,2024,9,635.7,2.4
case3_0138,upcountry_normal,2024,10,533.4,2.6
case3_0138,upcountry_normal,2024,11,337.1,2.8
case3_0138,upcountry_normal,2024,12,314.8,3.1
case3_0138,upcountry_normal,2025,1,309.2,2.7
case3_0138,upcountry_normal,2025,2,346.3,2.3
case3_0138,upcountry_normal,2025,3,658.8,2.6
case3_0138,upcountry_normal,2025,4,667.4,3.2
case3_0138,upcountry_normal,2025,5,662.0,3.5
case3_0138,upcountry_normal,2025,6,541.2,3.3
case3_0138,upcountry_normal,2025,7,492.0,3.5
case3_0138,upcountry_normal,2025,8,431.5,3.5
case3_0138,upcountry_normal,2025,9,451.3,3.6
case3_0138,upcountry_normal,2025,10,350.9,3.8
case3_0138,upcountry_normal,2025,11,185.8,3.3
case3_0138,upcountry_normal,2025,12,207.1,3.1
case3_0138,upcountry_normal,2026,1,242.5,3.1
case3_0138,upcountry_normal,2026,2,235.1,3.1
case3_0138,upcountry_normal,2026,3,426.1,3.6
case3_0138,upcountry_normal,2026,4,647.0,3.7
case3_0138,upcountry_normal,2026,5,594.8,3.8
case3_0138,upcountry_normal,2026,6,498.1,3.6
case3_0138,upcountry_normal,2026,7,443.7,3.5
case3_0138,upcountry_normal,2026,8,338.9,3.5
case3_0139,upcountry_normal,2024,3,635.9,6.0
case3_0139,upcountry_normal,2024,4,843.3,6.8
case3_0139,upcountry_normal,2024,5,979.1,6.9
case3_0139,upcountry_normal,2024,6,826.0,6.7
case3_0139,upcountry_normal,2024,7,852.8,6.6
case3_0139,upcountry_normal,2024,8,789.0,5.7
case3_0139,upcountry_normal,2024,9,739.4,5.5
case3_0139,upcountry_normal,2024,10,651.5,4.6
case3_0139,upcountry_normal,2024,11,560.8,4.9
case3_0139,upcountry_normal,2024,12,643.3,4.3
case3_0139,upcountry_normal,2025,1,503.6,4.9
case3_0139,upcountry_normal,2025,2,548.1,5.0
case3_0139,upcountry_normal,2025,3,875.4,5.3
case3_0139,upcountry_normal,2025,4,1090.5,5.3
case3_0139,upcountry_normal,2025,5,950.6,5.3
case3_0139,upcountry_normal,2025,6,1017.0,6.7
case3_0139,upcountry_normal,2025,7,786.7,5.3
case3_0139,upcountry_normal,2025,8,825.6,5.6
case3_0139,upcountry_normal,2025,9,789.0,5.1
case3_0139,upcountry_normal,2025,10,778.1,5.0
case3_0139,upcountry_normal,2025,11,594.5,4.9
case3_0139,upcountry_normal,2025,12,582.8,4.9
case3_0139,upcountry_normal,2026,1,557.3,4.9
case3_0139,upcountry_normal,2026,2,457.5,4.6
case3_0139,upcountry_normal,2026,3,645.1,5.2
case3_0139,upcountry_normal,2026,4,992.9,5.3
case3_0139,upcountry_normal,2026,5,1005.1,5.6
case3_0139,upcountry_normal,2026,6,1021.6,6.4
case3_0139,upcountry_normal,2026,7,790.4,5.9
case3_0139,upcountry_normal,2026,8,931.3,5.4
case3_0140,upcountry_normal,2024,3,608.8,38.8
case3_0140,upcountry_normal,2024,4,686.9,37.1
case3_0140,upcountry_normal,2024,5,766.1,40.7
case3_0140,upcountry_normal,2024,6,714.1,38.8
case3_0140,upcountry_normal,2024,7,793.3,38.6
case3_0140,upcountry_normal,2024,8,566.8,29.6
case3_0140,upcountry_normal,2024,9,491.8,33.1
case3_0140,upcountry_normal,2024,10,488.1,35.8
case3_0140,upcountry_normal,2024,11,314.6,30.9
case3_0140,upcountry_normal,2024,12,298.9,32.3
case3_0140,upcountry_normal,2025,1,285.4,33.9
case3_0140,upcountry_normal,2025,2,302.4,34.2
case3_0140,upcountry_normal,2025,3,546.0,35.3
case3_0140,upcountry_normal,2025,4,763.8,41.1
case3_0140,upcountry_normal,2025,5,625.5,39.4
case3_0140,upcountry_normal,2025,6,666.4,45.2
case3_0140,upcountry_normal,2025,7,593.2,42.3
case3_0140,upcountry_normal,2025,8,602.1,40.5
case3_0140,upcountry_normal,2025,9,522.1,32.9
case3_0140,upcountry_normal,2025,10,440.3,32.9
case3_0140,upcountry_normal,2025,11,316.8,36.3
case3_0140,upcountry_normal,2025,12,309.0,34.8
case3_0140,upcountry_normal,2026,1,331.4,34.0
case3_0140,upcountry_normal,2026,2,259.7,33.3
case3_0140,upcountry_normal,2026,3,504.7,38.4
case3_0140,upcountry_normal,2026,4,747.5,38.7
case3_0140,upcountry_normal,2026,5,729.0,40.3
case3_0140,upcountry_normal,2026,6,536.5,35.5
case3_0140,upcountry_normal,2026,7,651.8,28.9
case3_0140,upcountry_normal,2026,8,577.9,34.0
case3_0141,upcountry_normal,2024,3,883.3,9.2
case3_0141,upcountry_normal,2024,4,1040.4,11.3
case3_0141,upcountry_normal,2024,5,877.6,13.2
case3_0141,upcountry_normal,2024,6,873.1,13.9
case3_0141,upcountry_normal,2024,7,828.7,11.8
case3_0141,upcountry_normal,2024,8,654.1,12.4
case3_0141,upcountry_normal,2024,9,651.5,12.4
case3_0141,upcountry_normal,2024,10,762.5,12.6
case3_0141,upcountry_normal,2024,11,571.5,10.8
case3_0141,upcountry_normal,2024,12,551.2,10.1
case3_0141,upcountry_normal,2025,1,506.2,8.5
case3_0141,upcountry_normal,2025,2,580.4,9.2
case3_0141,upcountry_normal,2025,3,726.5,11.8
case3_0141,upcountry_normal,2025,4,902.6,12.1
case3_0141,upcountry_normal,2025,5,824.9,12.7
case3_0141,upcountry_normal,2025,6,794.6,13.2
case3_0141,upcountry_normal,2025,7,699.9,11.5
case3_0141,upcountry_normal,2025,8,693.3,13.3
case3_0141,upcountry_normal,2025,9,698.3,13.3
case3_0141,upcountry_normal,2025,10,680.4,11.3
case3_0141,upcountry_normal,2025,11,628.0,10.2
case3_0141,upcountry_normal,2025,12,608.3,9.8
case3_0141,upcountry_normal,2026,1,585.0,11.1
case3_0141,upcountry_normal,2026,2,533.0,11.3
case3_0141,upcountry_normal,2026,3,598.8,12.6
case3_0141,upcountry_normal,2026,4,695.6,13.8
case3_0141,upcountry_normal,2026,5,759.1,12.5
case3_0141,upcountry_normal,2026,6,794.7,11.5
case3_0141,upcountry_normal,2026,7,701.5,13.9
case3_0141,upcountry_normal,2026,8,697.8,12.9
case3_0142,upcountry_normal,2024,3,250.5,6.6
case3_0142,upcountry_normal,2024,4,317.8,8.2
case3_0142,upcountry_normal,2024,5,329.0,8.6
case3_0142,upcountry_normal,2024,6,283.0,8.6
case3_0142,upcountry_normal,2024,7,316.1,7.7
case3_0142,upcountry_normal,2024,8,350.1,8.0
case3_0142,upcountry_normal,2024,9,311.4,7.9
case3_0142,upcountry_normal,2024,10,248.3,6.0
case3_0142,upcountry_normal,2024,11,174.0,5.9
case3_0142,upcountry_normal,2024,12,199.8,6.0
case3_0142,upcountry_normal,2025,1,188.9,5.3
case3_0142,upcountry_normal,2025,2,168.9,6.1
case3_0142,upcountry_normal,2025,3,238.7,5.7
case3_0142,upcountry_normal,2025,4,344.5,7.4
case3_0142,upcountry_normal,2025,5,279.0,7.5
case3_0142,upcountry_normal,2025,6,261.0,7.8
case3_0142,upcountry_normal,2025,7,319.0,7.5
case3_0142,upcountry_normal,2025,8,269.3,7.7
case3_0142,upcountry_normal,2025,9,318.3,5.9
case3_0142,upcountry_normal,2025,10,267.6,6.4
case3_0142,upcountry_normal,2025,11,191.2,5.1
case3_0142,upcountry_normal,2025,12,167.9,5.3
case3_0142,upcountry_normal,2026,1,149.4,6.2
case3_0142,upcountry_normal,2026,2,130.2,5.2
case3_0142,upcountry_normal,2026,3,235.4,6.2
case3_0142,upcountry_normal,2026,4,312.6,7.6
case3_0142,upcountry_normal,2026,5,340.8,6.4
case3_0142,upcountry_normal,2026,6,281.7,6.3
case3_0142,upcountry_normal,2026,7,279.6,6.3
case3_0142,upcountry_normal,2026,8,269.9,7.5
case3_0143,upcountry_normal,2024,3,658.9,6.0
case3_0143,upcountry_normal,2024,4,804.5,6.8
case3_0143,upcountry_normal,2024,5,751.2,5.9
case3_0143,upcountry_normal,2024,6,856.0,5.2
case3_0143,upcountry_normal,2024,7,793.1,6.3
case3_0143,upcountry_normal,2024,8,756.1,5.7
case3_0143,upcountry_normal,2024,9,756.4,6.1
case3_0143,upcountry_normal,2024,10,618.9,5.8
case3_0143,upcountry_normal,2024,11,495.4,4.9
case3_0143,upcountry_normal,2024,12,459.1,5.2
case3_0143,upcountry_normal,2025,1,427.1,4.8
case3_0143,upcountry_normal,2025,2,490.7,4.9
case3_0143,upcountry_normal,2025,3,657.8,5.0
case3_0143,upcountry_normal,2025,4,892.1,4.8
case3_0143,upcountry_normal,2025,5,763.4,5.2
case3_0143,upcountry_normal,2025,6,826.2,5.0
case3_0143,upcountry_normal,2025,7,741.3,5.5
case3_0143,upcountry_normal,2025,8,716.9,5.6
case3_0143,upcountry_normal,2025,9,735.6,4.9
case3_0143,upcountry_normal,2025,10,652.2,4.4
case3_0143,upcountry_normal,2025,11,528.0,3.9
case3_0143,upcountry_normal,2025,12,507.8,4.6
case3_0143,upcountry_normal,2026,1,393.0,3.7
case3_0143,upcountry_normal,2026,2,447.9,4.4
case3_0143,upcountry_normal,2026,3,580.8,4.1
case3_0143,upcountry_normal,2026,4,893.3,5.3
case3_0143,upcountry_normal,2026,5,767.0,5.3
case3_0143,upcountry_normal,2026,6,769.8,5.2
case3_0143,upcountry_normal,2026,7,666.1,5.1
case3_0143,upcountry_normal,2026,8,760.1,5.2
case3_0144,upcountry_normal,2024,3,169.7,11.3
case3_0144,upcountry_normal,2024,4,202.0,12.9
case3_0144,upcountry_normal,2024,5,186.2,14.1
case3_0144,upcountry_normal,2024,6,195.0,15.7
case3_0144,upcountry_normal,2024,7,159.8,18.7
case3_0144,upcountry_normal,2024,8,164.0,16.5
case3_0144,upcountry_normal,2024,9,184.2,15.3
case3_0144,upcountry_normal,2024,10,152.2,11.9
case3_0144,upcountry_normal,2024,11,104.3,12.7
case3_0144,upcountry_normal,2024,12,103.0,12.2
case3_0144,upcountry_normal,2025,1,110.8,11.7
case3_0144,upcountry_normal,2025,2,109.2,13.2
case3_0144,upcountry_normal,2025,3,165.6,15.5
case3_0144,upcountry_normal,2025,4,241.9,16.1
case3_0144,upcountry_normal,2025,5,266.5,17.5
case3_0144,upcountry_normal,2025,6,204.2,17.7
case3_0144,upcountry_normal,2025,7,220.1,17.4
case3_0144,upcountry_normal,2025,8,199.5,16.8
case3_0144,upcountry_normal,2025,9,190.1,15.5
case3_0144,upcountry_normal,2025,10,166.4,15.0
case3_0144,upcountry_normal,2025,11,100.9,10.9
case3_0144,upcountry_normal,2025,12,97.5,13.0
case3_0144,upcountry_normal,2026,1,111.0,14.7
case3_0144,upcountry_normal,2026,2,82.8,14.3
case3_0144,upcountry_normal,2026,3,167.5,16.1
case3_0144,upcountry_normal,2026,4,229.9,17.2
case3_0144,upcountry_normal,2026,5,205.6,15.8
case3_0144,upcountry_normal,2026,6,183.8,19.2
case3_0144,upcountry_normal,2026,7,198.6,15.2
case3_0144,upcountry_normal,2026,8,190.1,16.5
case3_0145,upcountry_normal,2024,3,666.5,15.4
case3_0145,upcountry_normal,2024,4,834.1,16.3
case3_0145,upcountry_normal,2024,5,933.1,17.1
case3_0145,upcountry_normal,2024,6,768.5,13.3
case3_0145,upcountry_normal,2024,7,723.3,14.3
case3_0145,upcountry_normal,2024,8,676.2,16.2
case3_0145,upcountry_normal,2024,9,622.7,14.3
case3_0145,upcountry_normal,2024,10,539.6,14.6
case3_0145,upcountry_normal,2024,11,456.1,13.4
case3_0145,upcountry_normal,2024,12,481.9,12.7
case3_0145,upcountry_normal,2025,1,504.1,10.7
case3_0145,upcountry_normal,2025,2,468.7,9.9
case3_0145,upcountry_normal,2025,3,759.0,9.1
case3_0145,upcountry_normal,2025,4,817.6,10.4
case3_0145,upcountry_normal,2025,5,849.4,10.3
case3_0145,upcountry_normal,2025,6,893.8,11.0
case3_0145,upcountry_normal,2025,7,728.0,12.2
case3_0145,upcountry_normal,2025,8,572.3,11.1
case3_0145,upcountry_normal,2025,9,830.1,11.7
case3_0145,upcountry_normal,2025,10,693.3,10.8
case3_0145,upcountry_normal,2025,11,508.7,11.2
case3_0145,upcountry_normal,2025,12,437.6,11.1
case3_0145,upcountry_normal,2026,1,450.2,10.5
case3_0145,upcountry_normal,2026,2,554.0,9.8
case3_0145,upcountry_normal,2026,3,679.0,10.4
case3_0145,upcountry_normal,2026,4,780.5,11.8
case3_0145,upcountry_normal,2026,5,700.7,11.1
case3_0145,upcountry_normal,2026,6,697.0,12.7
case3_0145,upcountry_normal,2026,7,720.2,13.3
case3_0145,upcountry_normal,2026,8,865.8,13.9
case3_0146,upcountry_normal,2024,3,577.1,17.0
case3_0146,upcountry_normal,2024,4,585.0,15.9
case3_0146,upcountry_normal,2024,5,613.8,17.9
case3_0146,upcountry_normal,2024,6,559.2,16.3
case3_0146,upcountry_normal,2024,7,645.0,17.3
case3_0146,upcountry_normal,2024,8,609.7,17.1
case3_0146,upcountry_normal,2024,9,598.7,12.8
case3_0146,upcountry_normal,2024,10,546.4,14.1
case3_0146,upcountry_normal,2024,11,548.9,12.7
case3_0146,upcountry_normal,2024,12,403.8,14.9
case3_0146,upcountry_normal,2025,1,514.7,13.0
case3_0146,upcountry_normal,2025,2,549.1,13.0
case3_0146,upcountry_normal,2025,3,625.4,15.8
case3_0146,upcountry_normal,2025,4,682.6,16.7
case3_0146,upcountry_normal,2025,5,644.0,16.9
case3_0146,upcountry_normal,2025,6,603.0,19.1
case3_0146,upcountry_normal,2025,7,603.7,16.3
case3_0146,upcountry_normal,2025,8,625.0,18.1
case3_0146,upcountry_normal,2025,9,650.8,19.0
case3_0146,upcountry_normal,2025,10,511.7,18.4
case3_0146,upcountry_normal,2025,11,540.5,14.8
case3_0146,upcountry_normal,2025,12,619.4,14.6
case3_0146,upcountry_normal,2026,1,500.7,16.0
case3_0146,upcountry_normal,2026,2,588.2,15.9
case3_0146,upcountry_normal,2026,3,922.4,16.8
case3_0146,upcountry_normal,2026,4,901.9,17.6
case3_0146,upcountry_normal,2026,5,739.3,17.5
case3_0146,upcountry_normal,2026,6,944.7,16.7
case3_0146,upcountry_normal,2026,7,1045.9,17.4
case3_0146,upcountry_normal,2026,8,962.2,17.5
case3_0147,upcountry_normal,2024,3,153.2,5.2
case3_0147,upcountry_normal,2024,4,230.0,4.6
case3_0147,upcountry_normal,2024,5,229.4,5.1
case3_0147,upcountry_normal,2024,6,216.4,4.8
case3_0147,upcountry_normal,2024,7,229.5,4.7
case3_0147,upcountry_normal,2024,8,236.1,4.4
case3_0147,upcountry_normal,2024,9,201.0,5.4
case3_0147,upcountry_normal,2024,10,163.1,5.3
case3_0147,upcountry_normal,2024,11,104.9,4.3
case3_0147,upcountry_normal,2024,12,142.7,4.5
case3_0147,upcountry_normal,2025,1,144.2,4.1
case3_0147,upcountry_normal,2025,2,164.8,5.4
case3_0147,upcountry_normal,2025,3,151.8,5.5
case3_0147,upcountry_normal,2025,4,246.5,5.2
case3_0147,upcountry_normal,2025,5,197.3,5.6
case3_0147,upcountry_normal,2025,6,186.6,5.9
case3_0147,upcountry_normal,2025,7,178.5,5.2
case3_0147,upcountry_normal,2025,8,212.9,5.1
case3_0147,upcountry_normal,2025,9,209.7,5.9
case3_0147,upcountry_normal,2025,10,194.1,5.0
case3_0147,upcountry_normal,2025,11,151.7,4.4
case3_0147,upcountry_normal,2025,12,120.8,4.7
case3_0147,upcountry_normal,2026,1,106.7,4.4
case3_0147,upcountry_normal,2026,2,149.7,3.9
case3_0147,upcountry_normal,2026,3,221.2,4.1
case3_0147,upcountry_normal,2026,4,222.8,5.4
case3_0147,upcountry_normal,2026,5,210.1,5.2
case3_0147,upcountry_normal,2026,6,194.4,5.3
case3_0147,upcountry_normal,2026,7,194.9,4.0
case3_0147,upcountry_normal,2026,8,192.1,4.3
case3_0148,upcountry_normal,2024,3,426.4,11.4
case3_0148,upcountry_normal,2024,4,593.3,13.5
case3_0148,upcountry_normal,2024,5,548.9,11.7
case3_0148,upcountry_normal,2024,6,551.8,12.4
case3_0148,upcountry_normal,2024,7,484.5,11.0
case3_0148,upcountry_normal,2024,8,532.4,12.0
case3_0148,upcountry_normal,2024,9,412.0,12.1
case3_0148,upcountry_normal,2024,10,332.7,10.3
case3_0148,upcountry_normal,2024,11,211.4,7.7
case3_0148,upcountry_normal,2024,12,220.1,9.6
case3_0148,upcountry_normal,2025,1,207.2,9.7
case3_0148,upcountry_normal,2025,2,219.2,8.6
case3_0148,upcountry_normal,2025,3,391.9,11.6
case3_0148,upcountry_normal,2025,4,645.7,14.0
case3_0148,upcountry_normal,2025,5,576.4,12.4
case3_0148,upcountry_normal,2025,6,558.5,11.1
case3_0148,upcountry_normal,2025,7,477.4,10.2
case3_0148,upcountry_normal,2025,8,488.8,12.9
case3_0148,upcountry_normal,2025,9,433.0,10.6
case3_0148,upcountry_normal,2025,10,473.8,10.6
case3_0148,upcountry_normal,2025,11,266.2,10.0
case3_0148,upcountry_normal,2025,12,213.6,8.9
case3_0148,upcountry_normal,2026,1,186.1,8.8
case3_0148,upcountry_normal,2026,2,214.5,7.0
case3_0148,upcountry_normal,2026,3,428.9,9.9
case3_0148,upcountry_normal,2026,4,557.1,9.2
case3_0148,upcountry_normal,2026,5,552.3,10.0
case3_0148,upcountry_normal,2026,6,424.7,8.8
case3_0148,upcountry_normal,2026,7,475.4,9.0
case3_0148,upcountry_normal,2026,8,463.6,7.8
case3_0149,upcountry_normal,2024,3,122.3,9.0
case3_0149,upcountry_normal,2024,4,155.5,9.2
case3_0149,upcountry_normal,2024,5,129.2,10.0
case3_0149,upcountry_normal,2024,6,162.1,9.4
case3_0149,upcountry_normal,2024,7,169.1,7.3
case3_0149,upcountry_normal,2024,8,155.0,8.2
case3_0149,upcountry_normal,2024,9,155.1,10.1
case3_0149,upcountry_normal,2024,10,169.8,9.3
case3_0149,upcountry_normal,2024,11,139.9,9.0
case3_0149,upcountry_normal,2024,12,121.6,8.8
case3_0149,upcountry_normal,2025,1,104.9,8.0
case3_0149,upcountry_normal,2025,2,112.1,8.4
case3_0149,upcountry_normal,2025,3,140.1,8.3
case3_0149,upcountry_normal,2025,4,169.9,9.4
case3_0149,upcountry_normal,2025,5,159.5,8.3
case3_0149,upcountry_normal,2025,6,161.6,10.5
case3_0149,upcountry_normal,2025,7,177.9,9.3
case3_0149,upcountry_normal,2025,8,151.4,8.7
case3_0149,upcountry_normal,2025,9,147.3,8.0
case3_0149,upcountry_normal,2025,10,143.4,8.3
case3_0149,upcountry_normal,2025,11,112.8,9.7
case3_0149,upcountry_normal,2025,12,116.7,7.4
case3_0149,upcountry_normal,2026,1,94.0,7.8
case3_0149,upcountry_normal,2026,2,103.2,7.6
case3_0149,upcountry_normal,2026,3,148.7,11.1
case3_0149,upcountry_normal,2026,4,185.9,11.2
case3_0149,upcountry_normal,2026,5,176.4,9.1
case3_0149,upcountry_normal,2026,6,166.3,8.9
case3_0149,upcountry_normal,2026,7,174.3,7.5
case3_0149,upcountry_normal,2026,8,149.9,9.4
