household_id,case,year,month,is_optimizer,elec_units_onpeak,elec_units_offpeak,water_units
case2_0000,bangkok_tou,2024,3,False,348.9,245.2,9.1
case2_0000,bangkok_tou,2024,4,False,355.5,250.0,9.6
case2_0000,bangkok_tou,2024,5,False,380.4,196.1,10.9
case2_0000,bangkok_tou,2024,6,False,316.8,258.5,10.5
case2_0000,bangkok_tou,2024,7,False,301.5,165.6,10.4
case2_0000,bangkok_tou,2024,8,False,285.2,184.8,10.0
case2_0000,bangkok_tou,2024,9,False,270.4,170.5,8.5
case2_0000,bangkok_tou,2024,10,False,249.2,201.0,9.6
case2_0000,bangkok_tou,2024,11,False,312.7,216.9,10.7
case2_0000,bangkok_tou,2024,12,False,191.7,152.9,9.8
case2_0000,bangkok_tou,2025,1,False,213.4,150.4,10.0
case2_0000,bangkok_tou,2025,2,False,318.2,215.9,9.0
case2_0000,bangkok_tou,2025,3,False,318.9,189.7,9.7
case2_0000,bangkok_tou,2025,4,False,416.5,262.3,10.0
case2_0000,bangkok_tou,2025,5,False,356.6,244.5,9.8
case2_0000,bangkok_tou,2025,6,False,340.6,242.2,9.4
case2_0000,bangkok_tou,2025,7,False,329.8,201.7,10.2
case2_0000,bangkok_tou,2025,8,False,270.2,231.6,10.4
case2_0000,bangkok_tou,2025,9,False,242.9,174.0,10.6
case2_0000,bangkok_tou,2025,10,False,267.5,151.0,11.5
case2_0000,bangkok_tou,2025,11,False,240.9,209.2,10.2
case2_0000,bangkok_tou,2025,12,False,231.7,118.2,9.6
case2_0000,bangkok_tou,2026,1,False,191.4,139.2,9.4
case2_0000,bangkok_tou,2026,2,False,241.3,150.1,8.3
case2_0000,bangkok_tou,2026,3,False,306.2,269.6,8.7
case2_0000,bangkok_tou,2026,4,False,394.4,308.3,10.7
case2_0000,bangkok_tou,2026,5,False,363.0,203.0,10.1
case2_0000,bangkok_tou,2026,6,False,289.5,232.6,10.0
case2_0000,bangkok_tou,2026,7,False,370.1,177.8,8.5
case2_0000,bangkok_tou,2026,8,False,284.5,222.4,9.7
case2_0001,bangkok_tou,2024,3,False,364.6,327.8,13.4
case2_0001,bangkok_tou,2024,4,False,506.9,283.5,13.3
case2_0001,bangkok_tou,2024,5,False,467.8,258.0,10.8
case2_0001,bangkok_tou,2024,6,False,413.6,246.0,13.3
case2_0001,bangkok_tou,2024,7,False,367.4,253.7,13.9
case2_0001,bangkok_tou,2024,8,False,368.3,195.2,13.9
case2_0001,bangkok_tou,2024,9,False,327.5,238.7,13.0
case2_0001,bangkok_tou,2024,10,False,265.1,173.0,14.8
case2_0001,bangkok_tou,2024,11,False,200.0,123.7,12.9
case2_0001,bangkok_tou,2024,12,False,262.3,139.7,14.9
case2_0001,bangkok_tou,2025,1,False,276.1,179.1,13.2
case2_0001,bangkok_tou,2025,2,False,315.9,192.5,12.7
case2_0001,bangkok_tou,2025,3,False,384.7,171.4,13.6
case2_0001,bangkok_tou,2025,4,False,466.9,313.6,14.8
case2_0001,bangkok_tou,2025,5,False,437.9,237.8,15.3
case2_0001,bangkok_tou,2025,6,False,368.7,222.7,17.1
case2_0001,bangkok_tou,2025,7,False,338.5,185.6,15.0
case2_0001,bangkok_tou,2025,8,False,373.4,224.2,15.1
case2_0001,bangkok_tou,2025,9,False,272.2,160.4,15.2
case2_0001,bangkok_tou,2025,10,False,301.8,180.3,14.5
case2_0001,bangkok_tou,2025,11,False,293.9,173.2,16.1
case2_0001,bangkok_tou,2025,12,False,263.2,149.3,13.1
case2_0001,bangkok_tou,2026,1,False,268.1,201.7,12.2
case2_0001,bangkok_tou,2026,2,False,309.9,212.4,11.8
case2_0001,bangkok_tou,2026,3,False,359.1,249.7,13.3
case2_0001,bangkok_tou,2026,4,False,324.0,255.9,11.6
case2_0001,bangkok_tou,2026,5,False,389.0,225.6,14.6
case2_0001,bangkok_tou,2026,6,False,324.8,222.0,13.2
case2_0001,bangkok_tou,2026,7,False,366.2,212.3,14.4
case2_0001,bangkok_tou,2026,8,False,359.0,197.3,14.4
case2_0002,bangkok_tou,2024,3,False,199.2,243.9,22.0
case2_0002,bangkok_tou,2024,4,False,314.7,213.6,21.3
case2_0002,bangkok_tou,2024,5,False,191.4,155.8,23.1
case2_0002,bangkok_tou,2024,6,False,198.7,181.4,25.5
case2_0002,bangkok_tou,2024,7,False,163.3,152.9,25.8
case2_0002,bangkok_tou,2024,8,False,157.3,183.9,23.2
case2_0002,bangkok_tou,2024,9,False,181.4,138.9,19.0
case2_0002,bangkok_tou,2024,10,False,120.9,110.7,21.2
case2_0002,bangkok_tou,2024,11,False,139.4,141.5,17.6
case2_0002,bangkok_tou,2024,12,False,150.0,128.0,17.0
case2_0002,bangkok_tou,2025,1,False,155.6,120.6,16.9
case2_0002,bangkok_tou,2025,2,False,206.9,172.3,18.6
case2_0002,bangkok_tou,2025,3,False,212.2,156.2,20.9
case2_0002,bangkok_tou,2025,4,False,263.2,235.5,23.8
case2_0002,bangkok_tou,2025,5,False,208.4,222.5,22.5
case2_0002,bangkok_tou,2025,6,False,183.3,151.2,17.6
case2_0002,bangkok_tou,2025,7,False,179.6,179.4,20.2
case2_0002,bangkok_tou,2025,8,False,244.2,157.3,21.2
case2_0002,bangkok_tou,2025,9,False,208.7,137.9,21.2
case2_0002,bangkok_tou,2025,10,False,156.8,171.8,18.3
case2_0002,bangkok_tou,2025,11,False,170.2,148.3,18.3
case2_0002,bangkok_tou,2025,12,False,106.4,102.2,16.9
case2_0002,bangkok_tou,2026,1,False,181.3,127.5,19.1
case2_0002,bangkok_tou,2026,2,False,228.0,174.9,15.9
case2_0002,bangkok_tou,2026,3,False,225.1,243.6,18.0
case2_0002,bangkok_tou,2026,4,False,257.3,228.8,22.8
case2_0002,bangkok_tou,2026,5,False,222.6,221.0,20.1
case2_0002,bangkok_tou,2026,6,False,202.3,181.9,22.2
case2_0002,bangkok_tou,2026,7,False,201.7,218.0,21.4
case2_0002,bangkok_tou,2026,8,False,220.4,180.4,16.2
case2_0003,bangkok_tou,2024,3,False,201.3,122.5,20.0
case2_0003,bangkok_tou,2024,4,False,222.6,137.8,20.7
case2_0003,bangkok_tou,2024,5,False,191.0,136.5,20.7
case2_0003,bangkok_tou,2024,6,False,184.9,149.9,19.0
case2_0003,bangkok_tou,2024,7,False,163.3,109.7,19.1
case2_0003,bangkok_tou,2024,8,False,132.2,106.0,18.3
case2_0003,bangkok_tou,2024,9,False,142.4,122.8,16.4
case2_0003,bangkok_tou,2024,10,False,139.3,91.8,17.4
case2_0003,bangkok_tou,2024,11,False,151.2,88.8,20.6
case2_0003,bangkok_tou,2024,12,False,115.3,55.8,18.8
case2_0003,bangkok_tou,2025,1,False,95.8,71.2,21.0
case2_0003,bangkok_tou,2025,2,False,132.7,83.8,21.9
case2_0003,bangkok_tou,2025,3,False,195.3,141.3,25.6
case2_0003,bangkok_tou,2025,4,False,216.0,137.7,23.5
case2_0003,bangkok_tou,2025,5,False,183.9,125.8,22.3
case2_0003,bangkok_tou,2025,6,False,153.5,116.6,20.2
case2_0003,bangkok_tou,2025,7,False,157.7,105.9,22.6
case2_0003,bangkok_tou,2025,8,False,138.9,117.1,20.2
case2_0003,bangkok_tou,2025,9,False,155.8,97.3,21.3
case2_0003,bangkok_tou,2025,10,False,168.4,108.0,17.1
case2_0003,bangkok_tou,2025,11,False,137.8,91.8,18.3
case2_0003,bangkok_tou,2025,12,False,132.3,101.3,21.4
case2_0003,bangkok_tou,2026,1,False,107.2,63.6,21.2
case2_0003,bangkok_tou,2026,2,False,121.8,104.7,24.1
case2_0003,bangkok_tou,2026,3,False,161.9,85.1,22.1
case2_0003,bangkok_tou,2026,4,False,182.3,126.3,22.9
case2_0003,bangkok_tou,2026,5,False,144.4,108.9,19.4
case2_0003,bangkok_tou,2026,6,False,149.2,82.4,21.5
case2_0003,bangkok_tou,2026,7,False,133.9,101.3,23.8
case2_0003,bangkok_tou,2026,8,False,111.0,90.5,22.2
case2_0004,bangkok_tou,2024,3,False,116.2,72.6,12.7
case2_0004,bangkok_tou,2024,4,False,138.4,76.5,11.3
case2_0004,bangkok_tou,2024,5,False,137.1,90.0,11.6
case2_0004,bangkok_tou,2024,6,False,129.4,61.7,12.7
case2_0004,bangkok_tou,2024,7,False,98.7,71.3,10.8
case2_0004,bangkok_tou,2024,8,False,95.4,89.8,14.0
case2_0004,bangkok_tou,2024,9,False,106.7,69.1,13.0
case2_0004,bangkok_tou,2024,10,False,121.2,56.6,12.0
case2_0004,bangkok_tou,2024,11,False,88.0,56.6,12.0
case2_0004,bangkok_tou,2024,12,False,83.8,57.7,13.4
case2_0004,bangkok_tou,2025,1,False,79.8,57.0,13.2
case2_0004,bangkok_tou,2025,2,False,88.6,61.1,10.7
case2_0004,bangkok_tou,2025,3,False,106.2,94.8,12.2
case2_0004,bangkok_tou,2025,4,False,135.7,91.7,14.8
case2_0004,bangkok_tou,2025,5,False,115.6,75.5,13.0
case2_0004,bangkok_tou,2025,6,False,105.1,77.6,13.6
case2_0004,bangkok_tou,2025,7,False,107.3,80.5,10.4
case2_0004,bangkok_tou,2025,8,False,88.1,59.3,11.5
case2_0004,bangkok_tou,2025,9,False,99.0,66.3,12.6
case2_0004,bangkok_tou,2025,10,False,96.2,60.2,13.6
case2_0004,bangkok_tou,2025,11,False,91.7,72.0,12.4
case2_0004,bangkok_tou,2025,12,False,68.5,36.7,13.2
case2_0004,bangkok_tou,2026,1,False,87.2,62.0,10.9
case2_0004,bangkok_tou,2026,2,False,88.5,71.3,12.5
case2_0004,bangkok_tou,2026,3,False,106.8,73.8,14.0
case2_0004,bangkok_tou,2026,4,False,138.1,71.5,12.5
case2_0004,bangkok_tou,2026,5,False,130.9,88.8,15.7
case2_0004,bangkok_tou,2026,6,False,108.2,85.0,14.8
case2_0004,bangkok_tou,2026,7,False,120.3,87.1,12.6
case2_0004,bangkok_tou,2026,8,False,113.6,66.0,14.1
case2_0005,bangkok_tou,2024,3,False,354.1,382.8,25.1
case2_0005,bangkok_tou,2024,4,False,544.8,505.0,27.7
case2_0005,bangkok_tou,2024,5,False,456.2,388.8,28.7
case2_0005,bangkok_tou,2024,6,False,345.4,298.2,25.9
case2_0005,bangkok_tou,2024,7,False,339.5,315.9,28.8
case2_0005,bangkok_tou,2024,8,False,340.6,330.0,20.3
case2_0005,bangkok_tou,2024,9,False,301.5,241.5,20.6
case2_0005,bangkok_tou,2024,10,False,345.7,291.3,23.5
case2_0005,bangkok_tou,2024,11,False,344.5,335.2,19.5
case2_0005,bangkok_tou,2024,12,False,243.6,221.4,20.2
case2_0005,bangkok_tou,2025,1,False,262.8,229.5,21.4
case2_0005,bangkok_tou,2025,2,False,279.5,283.9,22.2
case2_0005,bangkok_tou,2025,3,False,361.1,284.5,23.7
case2_0005,bangkok_tou,2025,4,False,443.1,433.5,27.0
case2_0005,bangkok_tou,2025,5,False,414.8,448.1,27.8
case2_0005,bangkok_tou,2025,6,False,410.1,363.7,21.5
case2_0005,bangkok_tou,2025,7,False,404.3,353.9,19.6
case2_0005,bangkok_tou,2025,8,False,401.5,300.5,22.8
case2_0005,bangkok_tou,2025,9,False,346.3,289.9,19.9
case2_0005,bangkok_tou,2025,10,False,349.1,278.6,25.4
case2_0005,bangkok_tou,2025,11,False,309.9,322.9,22.7
case2_0005,bangkok_tou,2025,12,False,296.8,252.8,21.5
case2_0005,bangkok_tou,2026,1,False,328.4,278.5,20.8
case2_0005,bangkok_tou,2026,2,False,323.3,341.3,21.3
case2_0005,bangkok_tou,2026,3,False,422.0,370.1,21.4
case2_0005,bangkok_tou,2026,4,False,446.7,433.3,27.7
case2_0005,bangkok_tou,2026,5,False,458.5,384.3,25.8
case2_0005,bangkok_tou,2026,6,False,455.8,430.6,19.2
case2_0005,bangkok_tou,2026,7,False,402.6,347.5,20.0
case2_0005,bangkok_tou,2026,8,False,358.5,391.1,22.6
case2_0006,bangkok_tou,2024,3,False,300.4,148.0,14.4
case2_0006,bangkok_tou,2024,4,False,309.2,152.2,16.4
case2_0006,bangkok_tou,2024,5,False,302.1,218.2,15.8
case2_0006,bangkok_tou,2024,6,False,333.1,174.9,13.7
case2_0006,bangkok_tou,2024,7,False,310.2,151.0,17.2
case2_0006,bangkok_tou,2024,8,False,242.2,171.1,15.4
case2_0006,bangkok_tou,2024,9,False,212.9,142.2,15.1
case2_0006,bangkok_tou,2024,10,False,234.6,140.4,16.0
case2_0006,bangkok_tou,2024,11,False,229.4,126.1,17.7
case2_0006,bangkok_tou,2024,12,False,251.9,91.4,14.4
case2_0006,bangkok_tou,2025,1,False,215.6,113.3,14.1
case2_0006,bangkok_tou,2025,2,False,264.9,154.7,12.8
case2_0006,bangkok_tou,2025,3,False,305.2,152.1,14.5
case2_0006,bangkok_tou,2025,4,False,391.9,195.3,13.6
case2_0006,bangkok_tou,2025,5,False,261.7,220.9,14.1
case2_0006,bangkok_tou,2025,6,False,310.7,137.8,15.5
case2_0006,bangkok_tou,2025,7,False,282.1,178.3,15.0
case2_0006,bangkok_tou,2025,8,False,331.4,173.2,15.6
case2_0006,bangkok_tou,2025,9,False,229.1,142.1,14.5
case2_0006,bangkok_tou,2025,10,False,226.0,109.6,15.2
case2_0006,bangkok_tou,2025,11,False,223.6,163.9,12.6
case2_0006,bangkok_tou,2025,12,False,238.2,134.9,13.8
case2_0006,bangkok_tou,2026,1,False,211.2,168.2,12.3
case2_0006,bangkok_tou,2026,2,False,256.6,193.4,12.7
case2_0006,bangkok_tou,2026,3,False,293.3,150.1,13.3
case2_0006,bangkok_tou,2026,4,False,361.1,181.6,16.8
case2_0006,bangkok_tou,2026,5,False,371.1,176.7,13.9
case2_0006,bangkok_tou,2026,6,False,328.8,165.7,14.2
case2_0006,bangkok_tou,2026,7,False,267.1,196.8,13.9
case2_0006,bangkok_tou,2026,8,False,263.1,206.9,13.4
case2_0007,bangkok_tou,2024,3,True,163.7,343.8,30.6
case2_0007,bangkok_tou,2024,4,True,139.4,421.2,35.7
case2_0007,bangkok_tou,2024,5,True,135.3,407.5,31.4
case2_0007,bangkok_tou,2024,6,True,127.1,415.2,28.2
case2_0007,bangkok_tou,2024,7,True,93.9,297.7,26.8
case2_0007,bangkok_tou,2024,8,True,124.3,294.6,28.2
case2_0007,bangkok_tou,2024,9,True,84.5,310.0,22.2
case2_0007,bangkok_tou,2024,10,True,85.4,353.8,23.8
case2_0007,bangkok_tou,2024,11,True,120.2,325.6,24.8
case2_0007,bangkok_tou,2024,12,True,108.0,276.7,25.0
case2_0007,bangkok_tou,2025,1,True,103.9,286.6,24.6
case2_0007,bangkok_tou,2025,2,True,124.3,331.3,25.4
case2_0007,bangkok_tou,2025,3,True,104.7,366.5,25.8
case2_0007,bangkok_tou,2025,4,True,126.1,444.7,28.3
case2_0007,bangkok_tou,2025,5,True,122.7,405.2,29.4
case2_0007,bangkok_tou,2025,6,True,126.4,342.4,28.5
case2_0007,bangkok_tou,2025,7,True,91.3,266.3,29.2
case2_0007,bangkok_tou,2025,8,True,101.0,365.6,25.8
case2_0007,bangkok_tou,2025,9,True,90.3,298.6,26.9
case2_0007,bangkok_tou,2025,10,True,99.2,299.6,21.9
case2_0007,bangkok_tou,2025,11,True,115.0,357.8,23.2
case2_0007,bangkok_tou,2025,12,True,81.1,302.4,26.3
case2_0007,bangkok_tou,2026,1,True,94.7,253.5,22.5
case2_0007,bangkok_tou,2026,2,True,155.4,366.0,26.4
case2_0007,bangkok_tou,2026,3,True,156.4,420.4,25.2
case2_0007,bangkok_tou,2026,4,True,98.1,442.7,27.5
case2_0007,bangkok_tou,2026,5,True,147.0,361.4,23.1
case2_0007,bangkok_tou,2026,6,True,110.7,420.7,29.3
case2_0007,bangkok_tou,2026,7,True,152.3,353.1,30.0
case2_0007,bangkok_tou,2026,8,True,121.5,353.3,24.7
case2_0008,bangkok_tou,2024,3,False,203.2,106.2,10.1
case2_0008,bangkok_tou,2024,4,False,239.6,142.3,9.8
case2_0008,bangkok_tou,2024,5,False,194.5,133.7,10.4
case2_0008,bangkok_tou,2024,6,False,211.3,145.2,11.4
case2_0008,bangkok_tou,2024,7,False,182.0,117.7,10.8
case2_0008,bangkok_tou,2024,8,False,184.2,128.4,9.9
case2_0008,bangkok_tou,2024,9,False,169.3,102.3,8.7
case2_0008,bangkok_tou,2024,10,False,165.4,103.8,9.8
case2_0008,bangkok_tou,2024,11,False,171.0,95.4,10.0
case2_0008,bangkok_tou,2024,12,False,150.1,97.8,9.4
case2_0008,bangkok_tou,2025,1,False,160.5,96.3,9.0
case2_0008,bangkok_tou,2025,2,False,178.0,84.5,8.3
case2_0008,bangkok_tou,2025,3,False,172.0,109.7,9.5
case2_0008,bangkok_tou,2025,4,False,167.1,153.3,11.1
case2_0008,bangkok_tou,2025,5,False,216.9,104.9,9.4
case2_0008,bangkok_tou,2025,6,False,218.5,140.4,9.9
case2_0008,bangkok_tou,2025,7,False,223.2,103.6,11.1
case2_0008,bangkok_tou,2025,8,False,188.2,154.6,10.2
case2_0008,bangkok_tou,2025,9,False,149.3,128.9,9.7
case2_0008,bangkok_tou,2025,10,False,153.7,116.7,9.2
case2_0008,bangkok_tou,2025,11,False,144.9,117.5,9.5
case2_0008,bangkok_tou,2025,12,False,120.3,74.2,10.9
case2_0008,bangkok_tou,2026,1,False,164.8,93.0,8.6
case2_0008,bangkok_tou,2026,2,False,178.4,89.5,8.3
case2_0008,bangkok_tou,2026,3,False,180.3,113.4,9.4
case2_0008,bangkok_tou,2026,4,False,220.7,162.7,8.8
case2_0008,bangkok_tou,2026,5,False,244.3,167.0,8.6
case2_0008,bangkok_tou,2026,6,False,236.4,144.4,8.1
case2_0008,bangkok_tou,2026,7,False,189.4,158.8,8.7
case2_0008,bangkok_tou,2026,8,False,243.1,123.6,7.1
case2_0009,bangkok_tou,2024,3,True,220.4,440.8,35.3
case2_0009,bangkok_tou,2024,4,True,248.9,502.6,55.2
case2_0009,bangkok_tou,2024,5,True,292.8,528.6,46.7
case2_0009,bangkok_tou,2024,6,True,211.5,621.8,42.4
case2_0009,bangkok_tou,2024,7,True,215.7,584.4,44.2
case2_0009,bangkok_tou,2024,8,True,255.0,567.7,43.6
case2_0009,bangkok_tou,2024,9,True,265.2,478.0,45.8
case2_0009,bangkok_tou,2024,10,True,192.7,424.4,43.3
case2_0009,bangkok_tou,2024,11,True,186.2,423.3,44.9
case2_0009,bangkok_tou,2024,12,True,145.1,361.8,37.8
case2_0009,bangkok_tou,2025,1,True,224.0,368.9,30.8
case2_0009,bangkok_tou,2025,2,True,202.5,528.5,41.4
case2_0009,bangkok_tou,2025,3,True,245.0,529.1,40.4
case2_0009,bangkok_tou,2025,4,True,197.8,545.4,39.0
case2_0009,bangkok_tou,2025,5,True,234.9,594.7,45.4
case2_0009,bangkok_tou,2025,6,True,229.4,433.1,45.9
case2_0009,bangkok_tou,2025,7,True,189.5,431.0,47.1
case2_0009,bangkok_tou,2025,8,True,222.7,462.7,49.9
case2_0009,bangkok_tou,2025,9,True,200.7,472.8,44.7
case2_0009,bangkok_tou,2025,10,True,202.3,395.5,37.2
case2_0009,bangkok_tou,2025,11,True,200.0,417.6,44.9
case2_0009,bangkok_tou,2025,12,True,175.4,364.4,44.3
case2_0009,bangkok_tou,2026,1,True,241.8,398.7,38.7
case2_0009,bangkok_tou,2026,2,True,211.6,525.4,51.7
case2_0009,bangkok_tou,2026,3,True,170.7,570.4,45.9
case2_0009,bangkok_tou,2026,4,True,264.2,555.9,54.1
case2_0009,bangkok_tou,2026,5,True,243.8,601.8,53.9
case2_0009,bangkok_tou,2026,6,True,265.1,559.5,44.6
case2_0009,bangkok_tou,2026,7,True,293.6,432.4,43.8
case2_0009,bangkok_tou,2026,8,True,236.1,449.5,48.4
case2_0010,bangkok_tou,2024,3,True,179.6,535.5,13.3
case2_0010,bangkok_tou,2024,4,True,152.1,596.5,14.7
case2_0010,bangkok_tou,2024,5,True,263.9,565.3,15.8
case2_0010,bangkok_tou,2024,6,True,198.8,471.9,14.4
case2_0010,bangkok_tou,2024,7,True,189.3,492.8,14.2
case2_0010,bangkok_tou,2024,8,True,151.8,511.9,14.3
case2_0010,bangkok_tou,2024,9,True,86.6,493.2,13.4
case2_0010,bangkok_tou,2024,10,True,164.4,465.3,13.8
case2_0010,bangkok_tou,2024,11,True,166.8,437.0,13.9
case2_0010,bangkok_tou,2024,12,True,169.1,420.6,10.9
case2_0010,bangkok_tou,2025,1,True,216.5,393.5,14.1
case2_0010,bangkok_tou,2025,2,True,189.1,484.0,16.1
case2_0010,bangkok_tou,2025,3,True,184.1,485.9,15.6
case2_0010,bangkok_tou,2025,4,True,168.4,577.3,17.2
case2_0010,bangkok_tou,2025,5,True,319.7,558.9,15.9
case2_0010,bangkok_tou,2025,6,True,236.4,595.1,16.1
case2_0010,bangkok_tou,2025,7,True,178.4,476.8,16.2
case2_0010,bangkok_tou,2025,8,True,225.4,455.5,14.3
case2_0010,bangkok_tou,2025,9,True,140.0,464.0,14.7
case2_0010,bangkok_tou,2025,10,True,152.0,401.4,16.0
case2_0010,bangkok_tou,2025,11,True,129.2,373.0,16.0
case2_0010,bangkok_tou,2025,12,True,141.0,349.1,15.8
case2_0010,bangkok_tou,2026,1,True,158.4,378.7,16.1
case2_0010,bangkok_tou,2026,2,True,220.9,416.9,15.9
case2_0010,bangkok_tou,2026,3,True,172.8,508.5,14.3
case2_0010,bangkok_tou,2026,4,True,211.9,670.5,16.5
case2_0010,bangkok_tou,2026,5,True,209.9,605.3,17.3
case2_0010,bangkok_tou,2026,6,True,261.8,571.6,16.9
case2_0010,bangkok_tou,2026,7,True,237.4,534.2,14.6
case2_0010,bangkok_tou,2026,8,True,233.7,469.6,15.7
case2_0011,bangkok_tou,2024,3,False,246.8,222.2,10.6
case2_0011,bangkok_tou,2024,4,False,263.3,212.5,11.6
case2_0011,bangkok_tou,2024,5,False,237.7,169.5,9.7
case2_0011,bangkok_tou,2024,6,False,223.2,207.7,9.8
case2_0011,bangkok_tou,2024,7,False,217.4,209.1,11.0
case2_0011,bangkok_tou,2024,8,False,221.1,173.8,10.1
case2_0011,bangkok_tou,2024,9,False,189.1,172.4,8.7
case2_0011,bangkok_tou,2024,10,False,187.9,153.0,9.5
case2_0011,bangkok_tou,2024,11,False,185.2,157.7,11.1
case2_0011,bangkok_tou,2024,12,False,141.1,126.4,8.2
case2_0011,bangkok_tou,2025,1,False,170.8,136.9,8.4
case2_0011,bangkok_tou,2025,2,False,222.6,165.6,9.0
case2_0011,bangkok_tou,2025,3,False,207.3,246.6,10.3
case2_0011,bangkok_tou,2025,4,False,273.8,233.6,10.9
case2_0011,bangkok_tou,2025,5,False,283.5,257.4,11.0
case2_0011,bangkok_tou,2025,6,False,213.0,230.2,12.0
case2_0011,bangkok_tou,2025,7,False,200.5,210.0,10.3
case2_0011,bangkok_tou,2025,8,False,265.0,198.8,9.0
case2_0011,bangkok_tou,2025,9,False,188.6,152.8,9.4
case2_0011,bangkok_tou,2025,10,False,117.2,165.1,10.7
case2_0011,bangkok_tou,2025,11,False,184.6,164.4,9.6
case2_0011,bangkok_tou,2025,12,False,144.4,144.8,9.5
case2_0011,bangkok_tou,2026,1,False,188.4,173.8,9.3
case2_0011,bangkok_tou,2026,2,False,230.3,195.3,9.4
case2_0011,bangkok_tou,2026,3,False,257.3,228.3,9.6
case2_0011,bangkok_tou,2026,4,False,285.7,262.5,11.2
case2_0011,bangkok_tou,2026,5,False,230.6,214.3,10.0
case2_0011,bangkok_tou,2026,6,False,273.7,156.7,9.7
case2_0011,bangkok_tou,2026,7,False,267.3,216.4,8.1
case2_0011,bangkok_tou,2026,8,False,208.3,161.2,8.9
case2_0012,bangkok_tou,2024,3,False,173.5,110.8,9.9
case2_0012,bangkok_tou,2024,4,False,238.7,210.8,8.7
case2_0012,bangkok_tou,2024,5,False,184.6,198.9,10.1
case2_0012,bangkok_tou,2024,6,False,182.7,153.1,9.5
case2_0012,bangkok_tou,2024,7,False,180.7,167.0,9.0
case2_0012,bangkok_tou,2024,8,False,157.7,158.7,10.2
case2_0012,bangkok_tou,2024,9,False,174.9,141.6,10.9
case2_0012,bangkok_tou,2024,10,False,158.8,124.6,10.5
case2_0012,bangkok_tou,2024,11,False,153.4,124.6,10.3
case2_0012,bangkok_tou,2024,12,False,111.5,114.2,8.0
case2_0012,bangkok_tou,2025,1,False,132.4,127.7,8.5
case2_0012,bangkok_tou,2025,2,False,146.2,135.8,10.4
case2_0012,bangkok_tou,2025,3,False,147.4,107.0,9.5
case2_0012,bangkok_tou,2025,4,False,161.3,194.7,11.1
case2_0012,bangkok_tou,2025,5,False,207.3,186.7,9.9
case2_0012,bangkok_tou,2025,6,False,171.6,146.8,11.1
case2_0012,bangkok_tou,2025,7,False,137.7,136.7,9.5
case2_0012,bangkok_tou,2025,8,False,136.6,135.6,10.6
case2_0012,bangkok_tou,2025,9,False,112.3,98.3,10.8
case2_0012,bangkok_tou,2025,10,False,112.3,111.4,10.1
case2_0012,bangkok_tou,2025,11,False,104.6,127.6,9.7
case2_0012,bangkok_tou,2025,12,False,115.0,112.7,8.1
case2_0012,bangkok_tou,2026,1,False,118.4,102.0,7.8
case2_0012,bangkok_tou,2026,2,False,165.8,124.7,11.5
case2_0012,bangkok_tou,2026,3,False,162.1,121.7,10.1
case2_0012,bangkok_tou,2026,4,False,243.3,191.1,8.8
case2_0012,bangkok_tou,2026,5,False,187.2,151.3,10.5
case2_0012,bangkok_tou,2026,6,False,162.8,118.8,9.9
case2_0012,bangkok_tou,2026,7,False,173.1,147.4,10.2
case2_0012,bangkok_tou,2026,8,False,139.4,121.4,10.1
case2_0013,bangkok_tou,2024,3,False,255.0,173.4,21.4
case2_0013,bangkok_tou,2024,4,False,316.4,170.8,24.3
case2_0013,bangkok_tou,2024,5,False,256.2,169.9,21.5
case2_0013,bangkok_tou,2024,6,False,212.9,177.7,22.9
case2_0013,bangkok_tou,2024,7,False,224.5,143.5,16.9
case2_0013,bangkok_tou,2024,8,False,234.1,142.9,19.1
case2_0013,bangkok_tou,2024,9,False,222.2,132.6,18.5
case2_0013,bangkok_tou,2024,10,False,188.5,133.2,19.5
case2_0013,bangkok_tou,2024,11,False,182.9,117.2,22.4
case2_0013,bangkok_tou,2024,12,False,144.2,94.5,22.1
case2_0013,bangkok_tou,2025,1,False,180.8,96.5,22.0
case2_0013,bangkok_tou,2025,2,False,247.5,136.6,21.4
case2_0013,bangkok_tou,2025,3,False,239.1,165.1,18.0
case2_0013,bangkok_tou,2025,4,False,252.9,217.5,22.1
case2_0013,bangkok_tou,2025,5,False,271.4,198.9,22.6
case2_0013,bangkok_tou,2025,6,False,232.8,158.2,20.6
case2_0013,bangkok_tou,2025,7,False,192.7,99.9,19.8
case2_0013,bangkok_tou,2025,8,False,182.4,119.3,23.9
case2_0013,bangkok_tou,2025,9,False,221.0,118.8,23.7
case2_0013,bangkok_tou,2025,10,False,178.0,131.2,20.4
case2_0013,bangkok_tou,2025,11,False,216.9,118.9,21.9
case2_0013,bangkok_tou,2025,12,False,171.1,69.3,20.7
case2_0013,bangkok_tou,2026,1,False,142.3,129.8,19.8
case2_0013,bangkok_tou,2026,2,False,181.0,115.4,19.4
case2_0013,bangkok_tou,2026,3,False,213.9,123.2,21.7
case2_0013,bangkok_tou,2026,4,False,262.8,169.9,22.4
case2_0013,bangkok_tou,2026,5,False,298.1,131.5,18.4
case2_0013,bangkok_tou,2026,6,False,208.6,116.6,20.6
case2_0013,bangkok_tou,2026,7,False,235.0,118.2,24.5
case2_0013,bangkok_tou,2026,8,False,223.8,112.7,19.8
case2_0014,bangkok_tou,2024,3,False,186.3,144.4,18.5
case2_0014,bangkok_tou,2024,4,False,225.4,142.4,21.5
case2_0014,bangkok_tou,2024,5,False,179.4,153.1,25.5
case2_0014,bangkok_tou,2024,6,False,163.3,139.9,19.3
case2_0014,bangkok_tou,2024,7,False,136.7,144.8,19.0
case2_0014,bangkok_tou,2024,8,False,160.0,135.4,20.7
case2_0014,bangkok_tou,2024,9,False,153.5,138.4,21.7
case2_0014,bangkok_tou,2024,10,False,138.0,134.3,20.6
case2_0014,bangkok_tou,2024,11,False,162.2,98.2,21.0
case2_0014,bangkok_tou,2024,12,False,132.4,102.2,17.1
case2_0014,bangkok_tou,2025,1,False,142.8,108.2,18.2
case2_0014,bangkok_tou,2025,2,False,152.8,118.5,18.7
case2_0014,bangkok_tou,2025,3,False,176.0,134.5,18.2
case2_0014,bangkok_tou,2025,4,False,220.5,161.5,20.2
case2_0014,bangkok_tou,2025,5,False,208.9,190.6,19.0
case2_0014,bangkok_tou,2025,6,False,207.8,151.2,17.5
case2_0014,bangkok_tou,2025,7,False,164.1,160.1,19.1
case2_0014,bangkok_tou,2025,8,False,182.4,122.4,22.7
case2_0014,bangkok_tou,2025,9,False,143.7,102.3,17.5
case2_0014,bangkok_tou,2025,10,False,149.9,81.2,16.1
case2_0014,bangkok_tou,2025,11,False,155.8,95.4,18.2
case2_0014,bangkok_tou,2025,12,False,99.2,106.3,14.8
case2_0014,bangkok_tou,2026,1,False,138.8,89.4,15.5
case2_0014,bangkok_tou,2026,2,False,154.9,123.8,18.9
case2_0014,bangkok_tou,2026,3,False,181.9,159.8,18.5
case2_0014,bangkok_tou,2026,4,False,179.4,151.1,20.1
case2_0014,bangkok_tou,2026,5,False,170.6,168.4,23.2
case2_0014,bangkok_tou,2026,6,False,121.2,139.7,21.5
case2_0014,bangkok_tou,2026,7,False,150.4,114.2,17.0
case2_0014,bangkok_tou,2026,8,False,170.9,128.0,17.1
case2_0015,bangkok_tou,2024,3,True,135.3,262.5,17.3
case2_0015,bangkok_tou,2024,4,True,138.7,389.1,17.6
case2_0015,bangkok_tou,2024,5,True,162.1,321.3,22.6
case2_0015,bangkok_tou,2024,6,True,168.4,276.7,20.1
case2_0015,bangkok_tou,2024,7,True,138.9,270.8,18.1
case2_0015,bangkok_tou,2024,8,True,186.9,226.3,21.9
case2_0015,bangkok_tou,2024,9,True,145.0,269.6,17.5
case2_0015,bangkok_tou,2024,10,True,129.3,234.6,20.9
case2_0015,bangkok_tou,2024,11,True,203.4,292.7,20.9
case2_0015,bangkok_tou,2024,12,True,115.9,167.4,19.1
case2_0015,bangkok_tou,2025,1,True,118.5,254.2,17.1
case2_0015,bangkok_tou,2025,2,True,148.5,265.4,20.5
case2_0015,bangkok_tou,2025,3,True,167.5,286.0,19.4
case2_0015,bangkok_tou,2025,4,True,171.8,358.1,22.4
case2_0015,bangkok_tou,2025,5,True,194.8,384.8,22.0
case2_0015,bangkok_tou,2025,6,True,153.8,331.5,21.3
case2_0015,bangkok_tou,2025,7,True,167.8,284.9,18.6
case2_0015,bangkok_tou,2025,8,True,149.1,286.5,17.1
case2_0015,bangkok_tou,2025,9,True,101.6,282.6,18.4
case2_0015,bangkok_tou,2025,10,True,146.5,296.5,20.3
case2_0015,bangkok_tou,2025,11,True,158.5,281.9,19.0
case2_0015,bangkok_tou,2025,12,True,112.1,243.4,15.8
case2_0015,bangkok_tou,2026,1,True,126.3,267.4,18.7
case2_0015,bangkok_tou,2026,2,True,129.8,351.4,20.1
case2_0015,bangkok_tou,2026,3,True,190.3,346.2,21.2
case2_0015,bangkok_tou,2026,4,True,191.8,378.5,22.0
case2_0015,bangkok_tou,2026,5,True,171.6,380.4,19.1
case2_0015,bangkok_tou,2026,6,True,175.7,358.0,18.9
case2_0015,bangkok_tou,2026,7,True,193.2,343.5,19.8
case2_0015,bangkok_tou,2026,8,True,142.3,339.1,21.8
case2_0016,bangkok_tou,2024,3,False,221.2,144.9,19.4
case2_0016,bangkok_tou,2024,4,False,244.2,144.9,22.0
case2_0016,bangkok_tou,2024,5,False,211.1,140.2,18.3
case2_0016,bangkok_tou,2024,6,False,227.0,97.8,18.7
case2_0016,bangkok_tou,2024,7,False,213.5,156.1,15.7
case2_0016,bangkok_tou,2024,8,False,223.1,117.2,18.6
case2_0016,bangkok_tou,2024,9,False,160.5,80.1,18.5
case2_0016,bangkok_tou,2024,10,False,149.1,127.9,18.1
case2_0016,bangkok_tou,2024,11,False,155.2,120.4,18.0
case2_0016,bangkok_tou,2024,12,False,139.3,77.9,15.6
case2_0016,bangkok_tou,2025,1,False,124.3,104.5,17.0
case2_0016,bangkok_tou,2025,2,False,145.6,109.6,18.1
case2_0016,bangkok_tou,2025,3,False,197.4,135.2,17.6
case2_0016,bangkok_tou,2025,4,False,209.5,143.0,17.7
case2_0016,bangkok_tou,2025,5,False,214.4,126.9,20.2
case2_0016,bangkok_tou,2025,6,False,174.9,113.5,17.6
case2_0016,bangkok_tou,2025,7,False,166.7,167.3,18.5
case2_0016,bangkok_tou,2025,8,False,138.5,94.9,16.5
case2_0016,bangkok_tou,2025,9,False,153.2,94.8,15.8
case2_0016,bangkok_tou,2025,10,False,101.6,77.2,17.5
case2_0016,bangkok_tou,2025,11,False,137.9,100.3,20.0
case2_0016,bangkok_tou,2025,12,False,151.5,89.0,17.1
case2_0016,bangkok_tou,2026,1,False,171.8,112.6,16.3
case2_0016,bangkok_tou,2026,2,False,201.5,115.8,18.1
case2_0016,bangkok_tou,2026,3,False,238.2,223.1,16.7
case2_0016,bangkok_tou,2026,4,False,305.2,232.4,18.5
case2_0016,bangkok_tou,2026,5,False,266.9,157.3,17.4
case2_0016,bangkok_tou,2026,6,False,257.3,179.7,14.9
case2_0016,bangkok_tou,2026,7,False,210.1,187.1,19.1
case2_0016,bangkok_tou,2026,8,False,213.6,156.6,17.0
case2_0017,bangkok_tou,2024,3,False,322.6,224.1,11.5
case2_0017,bangkok_tou,2024,4,False,431.0,270.2,11.3
case2_0017,bangkok_tou,2024,5,False,319.9,268.7,10.8
case2_0017,bangkok_tou,2024,6,False,280.2,328.2,8.0
case2_0017,bangkok_tou,2024,7,False,335.7,308.8,9.3
case2_0017,bangkok_tou,2024,8,False,306.2,259.8,9.2
case2_0017,bangkok_tou,2024,9,False,347.6,204.5,10.0
case2_0017,bangkok_tou,2024,10,False,242.9,238.2,8.9
case2_0017,bangkok_tou,2024,11,False,248.1,258.3,8.2
case2_0017,bangkok_tou,2024,12,False,215.1,162.1,9.5
case2_0017,bangkok_tou,2025,1,False,187.0,128.3,8.6
case2_0017,bangkok_tou,2025,2,False,295.0,189.3,9.5
case2_0017,bangkok_tou,2025,3,False,386.1,245.7,10.6
case2_0017,bangkok_tou,2025,4,False,361.5,312.5,12.5
case2_0017,bangkok_tou,2025,5,False,313.7,301.3,10.9
case2_0017,bangkok_tou,2025,6,False,313.5,273.6,10.4
case2_0017,bangkok_tou,2025,7,False,284.3,302.3,10.7
case2_0017,bangkok_tou,2025,8,False,348.6,286.6,10.9
case2_0017,bangkok_tou,2025,9,False,330.0,257.9,8.9
case2_0017,bangkok_tou,2025,10,False,310.6,242.6,9.2
case2_0017,bangkok_tou,2025,11,False,259.9,211.2,10.4
case2_0017,bangkok_tou,2025,12,False,176.2,207.4,7.8
case2_0017,bangkok_tou,2026,1,False,166.3,151.4,9.0
case2_0017,bangkok_tou,2026,2,False,242.3,227.5,6.4
case2_0017,bangkok_tou,2026,3,False,292.2,310.2,8.8
case2_0017,bangkok_tou,2026,4,False,463.3,337.5,9.4
case2_0017,bangkok_tou,2026,5,False,231.8,277.8,10.3
case2_0017,bangkok_tou,2026,6,False,319.1,225.7,10.0
case2_0017,bangkok_tou,2026,7,False,243.9,228.5,9.5
case2_0017,bangkok_tou,2026,8,False,251.9,264.4,10.2
case2_0018,bangkok_tou,2024,3,True,130.7,251.5,14.7
case2_0018,bangkok_tou,2024,4,True,122.3,302.6,16.5
case2_0018,bangkok_tou,2024,5,True,95.8,340.6,15.2
case2_0018,bangkok_tou,2024,6,True,103.3,283.6,12.3
case2_0018,bangkok_tou,2024,7,True,96.1,269.1,10.6
case2_0018,bangkok_tou,2024,8,True,107.2,262.2,14.1
case2_0018,bangkok_tou,2024,9,True,140.4,223.2,12.1
case2_0018,bangkok_tou,2024,10,True,100.4,241.4,13.7
case2_0018,bangkok_tou,2024,11,True,92.5,200.7,13.0
case2_0018,bangkok_tou,2024,12,True,98.1,162.6,12.8
case2_0018,bangkok_tou,2025,1,True,73.8,186.4,12.4
case2_0018,bangkok_tou,2025,2,True,98.8,243.8,19.3
case2_0018,bangkok_tou,2025,3,True,133.3,293.3,18.7
case2_0018,bangkok_tou,2025,4,True,144.9,338.3,18.2
case2_0018,bangkok_tou,2025,5,True,119.4,333.3,19.5
case2_0018,bangkok_tou,2025,6,True,155.6,265.2,19.7
case2_0018,bangkok_tou,2025,7,True,109.5,247.1,18.1
case2_0018,bangkok_tou,2025,8,True,145.6,268.2,16.1
case2_0018,bangkok_tou,2025,9,True,110.2,283.9,13.1
case2_0018,bangkok_tou,2025,10,True,122.7,200.9,15.8
case2_0018,bangkok_tou,2025,11,True,91.5,228.2,15.0
case2_0018,bangkok_tou,2025,12,True,89.3,194.2,14.2
case2_0018,bangkok_tou,2026,1,True,97.8,201.3,15.5
case2_0018,bangkok_tou,2026,2,True,93.9,255.0,16.7
case2_0018,bangkok_tou,2026,3,True,91.7,269.5,20.0
case2_0018,bangkok_tou,2026,4,True,127.9,358.9,18.4
case2_0018,bangkok_tou,2026,5,True,142.1,327.4,15.6
case2_0018,bangkok_tou,2026,6,True,89.0,310.8,17.5
case2_0018,bangkok_tou,2026,7,True,113.6,248.2,18.8
case2_0018,bangkok_tou,2026,8,True,87.7,238.9,17.0
case2_0019,bangkok_tou,2024,3,False,270.1,141.5,5.7
case2_0019,bangkok_tou,2024,4,False,265.0,169.9,6.8
case2_0019,bangkok_tou,2024,5,False,257.9,191.6,6.2
case2_0019,bangkok_tou,2024,6,False,300.1,152.7,6.7
case2_0019,bangkok_tou,2024,7,False,283.9,140.5,5.6
case2_0019,bangkok_tou,2024,8,False,233.4,179.0,6.4
case2_0019,bangkok_tou,2024,9,False,237.1,173.8,7.6
case2_0019,bangkok_tou,2024,10,False,201.7,128.6,6.5
case2_0019,bangkok_tou,2024,11,False,216.3,91.1,7.0
case2_0019,bangkok_tou,2024,12,False,160.4,134.5,6.8
case2_0019,bangkok_tou,2025,1,False,197.0,113.5,5.8
case2_0019,bangkok_tou,2025,2,False,198.5,127.4,6.5
case2_0019,bangkok_tou,2025,3,False,230.5,129.9,6.3
case2_0019,bangkok_tou,2025,4,False,287.1,153.6,6.3
case2_0019,bangkok_tou,2025,5,False,342.9,151.3,6.8
case2_0019,bangkok_tou,2025,6,False,257.5,119.0,6.5
case2_0019,bangkok_tou,2025,7,False,227.6,111.6,6.5
case2_0019,bangkok_tou,2025,8,False,219.1,107.9,5.9
case2_0019,bangkok_tou,2025,9,False,184.1,82.1,6.1
case2_0019,bangkok_tou,2025,10,False,227.0,122.9,6.3
case2_0019,bangkok_tou,2025,11,False,213.3,139.9,5.9
case2_0019,bangkok_tou,2025,12,False,165.0,89.1,5.8
case2_0019,bangkok_tou,2026,1,False,180.7,103.1,4.5
case2_0019,bangkok_tou,2026,2,False,202.7,153.8,5.6
case2_0019,bangkok_tou,2026,3,False,295.4,105.6,4.5
case2_0019,bangkok_tou,2026,4,False,246.7,146.3,5.4
case2_0019,bangkok_tou,2026,5,False,286.3,188.3,5.9
case2_0019,bangkok_tou,2026,6,False,253.9,147.6,5.6
case2_0019,bangkok_tou,2026,7,False,292.9,114.0,4.9
case2_0019,bangkok_tou,2026,8,False,217.4,107.6,5.6
case2_0020,bangkok_tou,2024,3,False,530.0,440.0,9.5
case2_0020,bangkok_tou,2024,4,False,544.4,481.4,12.3
case2_0020,bangkok_tou,2024,5,False,388.7,513.9,11.6
case2_0020,bangkok_tou,2024,6,False,452.9,376.3,10.0
case2_0020,bangkok_tou,2024,7,False,374.6,362.9,10.5
case2_0020,bangkok_tou,2024,8,False,431.1,363.8,9.4
case2_0020,bangkok_tou,2024,9,False,410.1,424.8,10.8
case2_0020,bangkok_tou,2024,10,False,382.7,373.8,10.0
case2_0020,bangkok_tou,2024,11,False,382.1,399.1,9.6
case2_0020,bangkok_tou,2024,12,False,351.2,257.6,8.9
case2_0020,bangkok_tou,2025,1,False,334.9,319.9,9.9
case2_0020,bangkok_tou,2025,2,False,417.2,383.4,10.8
case2_0020,bangkok_tou,2025,3,False,401.1,381.8,10.3
case2_0020,bangkok_tou,2025,4,False,659.0,447.3,9.0
case2_0020,bangkok_tou,2025,5,False,608.3,552.6,10.0
case2_0020,bangkok_tou,2025,6,False,467.6,432.2,10.3
case2_0020,bangkok_tou,2025,7,False,402.4,403.6,10.9
case2_0020,bangkok_tou,2025,8,False,388.4,403.2,10.5
case2_0020,bangkok_tou,2025,9,False,385.3,286.9,10.8
case2_0020,bangkok_tou,2025,10,False,389.1,266.6,11.6
case2_0020,bangkok_tou,2025,11,False,315.0,372.6,10.2
case2_0020,bangkok_tou,2025,12,False,290.3,229.4,9.5
case2_0020,bangkok_tou,2026,1,False,271.4,296.3,9.5
case2_0020,bangkok_tou,2026,2,False,391.8,439.1,9.9
case2_0020,bangkok_tou,2026,3,False,457.4,464.6,11.4
case2_0020,bangkok_tou,2026,4,False,477.3,512.2,12.3
case2_0020,bangkok_tou,2026,5,False,530.6,449.4,13.6
case2_0020,bangkok_tou,2026,6,False,562.4,506.3,12.5
case2_0020,bangkok_tou,2026,7,False,484.7,487.0,11.3
case2_0020,bangkok_tou,2026,8,False,408.1,330.1,9.6
case2_0021,bangkok_tou,2024,3,False,171.6,105.2,20.3
case2_0021,bangkok_tou,2024,4,False,245.1,137.5,20.5
case2_0021,bangkok_tou,2024,5,False,216.7,147.3,18.3
case2_0021,bangkok_tou,2024,6,False,239.3,142.6,17.4
case2_0021,bangkok_tou,2024,7,False,212.3,125.1,18.2
case2_0021,bangkok_tou,2024,8,False,222.8,136.0,20.8
case2_0021,bangkok_tou,2024,9,False,194.6,132.0,18.5
case2_0021,bangkok_tou,2024,10,False,200.1,100.4,18.5
case2_0021,bangkok_tou,2024,11,False,182.8,126.6,20.0
case2_0021,bangkok_tou,2024,12,False,131.7,74.7,19.7
case2_0021,bangkok_tou,2025,1,False,149.8,101.3,16.3
case2_0021,bangkok_tou,2025,2,False,187.1,98.9,23.1
case2_0021,bangkok_tou,2025,3,False,196.0,98.6,23.0
case2_0021,bangkok_tou,2025,4,False,198.8,119.4,21.2
case2_0021,bangkok_tou,2025,5,False,245.7,124.8,21.5
case2_0021,bangkok_tou,2025,6,False,217.8,120.1,22.8
case2_0021,bangkok_tou,2025,7,False,173.3,121.0,19.0
case2_0021,bangkok_tou,2025,8,False,136.5,94.3,18.8
case2_0021,bangkok_tou,2025,9,False,165.4,91.8,17.9
case2_0021,bangkok_tou,2025,10,False,173.9,102.1,16.0
case2_0021,bangkok_tou,2025,11,False,144.0,94.4,17.3
case2_0021,bangkok_tou,2025,12,False,131.3,70.1,17.1
case2_0021,bangkok_tou,2026,1,False,138.5,62.6,15.9
case2_0021,bangkok_tou,2026,2,False,193.7,99.5,18.4
case2_0021,bangkok_tou,2026,3,False,189.6,138.6,20.2
case2_0021,bangkok_tou,2026,4,False,193.9,157.2,20.7
case2_0021,bangkok_tou,2026,5,False,186.1,121.7,22.2
case2_0021,bangkok_tou,2026,6,False,244.7,119.6,18.6
case2_0021,bangkok_tou,2026,7,False,176.6,114.8,20.5
case2_0021,bangkok_tou,2026,8,False,187.5,123.0,13.6
case2_0022,bangkok_tou,2024,3,False,142.7,111.4,7.7
case2_0022,bangkok_tou,2024,4,False,186.8,114.6,7.2
case2_0022,bangkok_tou,2024,5,False,144.9,102.8,7.5
case2_0022,bangkok_tou,2024,6,False,129.9,93.7,8.3
case2_0022,bangkok_tou,2024,7,False,122.1,92.9,7.7
case2_0022,bangkok_tou,2024,8,False,135.6,91.1,8.2
case2_0022,bangkok_tou,2024,9,False,107.9,94.9,8.0
case2_0022,bangkok_tou,2024,10,False,122.2,85.3,7.7
case2_0022,bangkok_tou,2024,11,False,124.5,88.5,7.2
case2_0022,bangkok_tou,2024,12,False,91.8,79.2,6.9
case2_0022,bangkok_tou,2025,1,False,107.8,90.8,6.1
case2_0022,bangkok_tou,2025,2,False,107.3,100.5,7.7
case2_0022,bangkok_tou,2025,3,False,149.6,103.1,8.9
case2_0022,bangkok_tou,2025,4,False,132.3,119.2,7.3
case2_0022,bangkok_tou,2025,5,False,159.3,94.0,6.6
case2_0022,bangkok_tou,2025,6,False,144.8,108.6,7.0
case2_0022,bangkok_tou,2025,7,False,156.4,102.6,6.1
case2_0022,bangkok_tou,2025,8,False,130.9,99.7,7.1
case2_0022,bangkok_tou,2025,9,False,117.7,114.0,6.0
case2_0022,bangkok_tou,2025,10,False,155.1,82.6,8.0
case2_0022,bangkok_tou,2025,11,False,104.2,100.9,8.3
case2_0022,bangkok_tou,2025,12,False,94.2,90.0,7.2
case2_0022,bangkok_tou,2026,1,False,115.2,83.7,6.3
case2_0022,bangkok_tou,2026,2,False,125.1,85.1,7.4
case2_0022,bangkok_tou,2026,3,False,141.5,116.1,7.0
case2_0022,bangkok_tou,2026,4,False,146.2,83.2,6.7
case2_0022,bangkok_tou,2026,5,False,101.6,98.7,5.6
case2_0022,bangkok_tou,2026,6,False,94.6,99.7,5.9
case2_0022,bangkok_tou,2026,7,False,128.5,88.3,7.4
case2_0022,bangkok_tou,2026,8,False,133.8,95.2,7.8
case2_0023,bangkok_tou,2024,3,False,310.3,203.7,35.3
case2_0023,bangkok_tou,2024,4,False,419.5,237.1,35.2
case2_0023,bangkok_tou,2024,5,False,377.0,233.5,30.0
case2_0023,bangkok_tou,2024,6,False,390.4,200.2,35.9
case2_0023,bangkok_tou,2024,7,False,381.6,219.0,37.7
case2_0023,bangkok_tou,2024,8,False,337.4,147.4,29.9
case2_0023,bangkok_tou,2024,9,False,318.2,160.5,30.1
case2_0023,bangkok_tou,2024,10,False,253.6,155.9,35.1
case2_0023,bangkok_tou,2024,11,False,276.3,205.7,26.2
case2_0023,bangkok_tou,2024,12,False,232.7,149.7,29.1
case2_0023,bangkok_tou,2025,1,False,246.5,156.7,30.8
case2_0023,bangkok_tou,2025,2,False,326.6,218.6,30.5
case2_0023,bangkok_tou,2025,3,False,333.5,170.3,34.6
case2_0023,bangkok_tou,2025,4,False,408.9,229.2,37.3
case2_0023,bangkok_tou,2025,5,False,354.9,194.3,30.7
case2_0023,bangkok_tou,2025,6,False,399.9,171.9,36.0
case2_0023,bangkok_tou,2025,7,False,297.1,136.9,33.0
case2_0023,bangkok_tou,2025,8,False,283.7,178.1,37.4
case2_0023,bangkok_tou,2025,9,False,260.7,187.0,29.0
case2_0023,bangkok_tou,2025,10,False,315.4,197.0,29.3
case2_0023,bangkok_tou,2025,11,False,331.8,160.4,28.3
case2_0023,bangkok_tou,2025,12,False,206.3,143.4,27.2
case2_0023,bangkok_tou,2026,1,False,236.4,127.4,35.5
case2_0023,bangkok_tou,2026,2,False,356.9,165.4,32.1
case2_0023,bangkok_tou,2026,3,False,340.9,223.7,33.5
case2_0023,bangkok_tou,2026,4,False,395.0,261.9,34.5
case2_0023,bangkok_tou,2026,5,False,332.8,265.4,32.5
case2_0023,bangkok_tou,2026,6,False,395.7,217.6,30.6
case2_0023,bangkok_tou,2026,7,False,347.2,254.6,33.7
case2_0023,bangkok_tou,2026,8,False,414.3,237.0,30.1
case2_0024,bangkok_tou,2024,3,False,115.8,74.9,25.6
case2_0024,bangkok_tou,2024,4,False,133.9,94.4,25.2
case2_0024,bangkok_tou,2024,5,False,138.1,93.4,26.1
case2_0024,bangkok_tou,2024,6,False,130.1,83.9,21.3
case2_0024,bangkok_tou,2024,7,False,106.5,64.7,21.5
case2_0024,bangkok_tou,2024,8,False,106.7,86.2,24.0
case2_0024,bangkok_tou,2024,9,False,89.0,74.1,18.9
case2_0024,bangkok_tou,2024,10,False,79.5,65.8,18.6
case2_0024,bangkok_tou,2024,11,False,82.3,67.1,19.7
case2_0024,bangkok_tou,2024,12,False,82.1,66.6,21.5
case2_0024,bangkok_tou,2025,1,False,82.0,49.0,22.3
case2_0024,bangkok_tou,2025,2,False,102.7,69.4,20.6
case2_0024,bangkok_tou,2025,3,False,96.1,90.0,23.6
case2_0024,bangkok_tou,2025,4,False,167.2,90.4,27.9
case2_0024,bangkok_tou,2025,5,False,120.3,69.9,28.6
case2_0024,bangkok_tou,2025,6,False,95.7,63.5,21.0
case2_0024,bangkok_tou,2025,7,False,88.1,54.3,21.5
case2_0024,bangkok_tou,2025,8,False,86.0,71.2,24.8
case2_0024,bangkok_tou,2025,9,False,99.6,63.0,25.7
case2_0024,bangkok_tou,2025,10,False,84.3,51.5,22.6
case2_0024,bangkok_tou,2025,11,False,74.3,42.8,21.8
case2_0024,bangkok_tou,2025,12,False,68.4,44.6,22.8
case2_0024,bangkok_tou,2026,1,False,88.0,55.7,25.3
case2_0024,bangkok_tou,2026,2,False,81.8,53.4,23.0
case2_0024,bangkok_tou,2026,3,False,98.4,65.1,20.7
case2_0024,bangkok_tou,2026,4,False,135.4,90.7,23.3
case2_0024,bangkok_tou,2026,5,False,119.2,87.2,26.2
case2_0024,bangkok_tou,2026,6,False,116.9,74.1,19.0
case2_0024,bangkok_tou,2026,7,False,82.9,71.5,19.9
case2_0024,bangkok_tou,2026,8,False,107.2,63.8,23.2
case2_0025,bangkok_tou,2024,3,False,292.9,235.0,8.9
case2_0025,bangkok_tou,2024,4,False,332.4,241.8,10.3
case2_0025,bangkok_tou,2024,5,False,294.9,258.7,11.9
case2_0025,bangkok_tou,2024,6,False,260.5,268.0,10.6
case2_0025,bangkok_tou,2024,7,False,344.0,234.1,9.7
case2_0025,bangkok_tou,2024,8,False,334.5,232.4,10.4
case2_0025,bangkok_tou,2024,9,False,256.3,175.8,10.6
case2_0025,bangkok_tou,2024,10,False,302.4,169.6,9.3
case2_0025,bangkok_tou,2024,11,False,238.5,189.1,8.8
case2_0025,bangkok_tou,2024,12,False,223.2,142.3,8.8
case2_0025,bangkok_tou,2025,1,False,251.2,173.0,10.1
case2_0025,bangkok_tou,2025,2,False,296.0,167.3,9.5
case2_0025,bangkok_tou,2025,3,False,364.3,201.3,11.2
case2_0025,bangkok_tou,2025,4,False,432.4,238.5,11.9
case2_0025,bangkok_tou,2025,5,False,343.3,247.3,12.6
case2_0025,bangkok_tou,2025,6,False,240.3,252.7,11.1
case2_0025,bangkok_tou,2025,7,False,289.0,219.2,11.4
case2_0025,bangkok_tou,2025,8,False,287.6,204.4,10.5
case2_0025,bangkok_tou,2025,9,False,252.6,169.2,9.5
case2_0025,bangkok_tou,2025,10,False,295.0,213.3,10.0
case2_0025,bangkok_tou,2025,11,False,327.9,225.3,12.2
case2_0025,bangkok_tou,2025,12,False,232.9,204.3,9.1
case2_0025,bangkok_tou,2026,1,False,201.0,165.1,9.6
case2_0025,bangkok_tou,2026,2,False,289.6,237.3,10.6
case2_0025,bangkok_tou,2026,3,False,309.2,261.1,11.6
case2_0025,bangkok_tou,2026,4,False,386.6,209.7,13.4
case2_0025,bangkok_tou,2026,5,False,323.4,218.7,12.4
case2_0025,bangkok_tou,2026,6,False,308.8,263.9,11.7
case2_0025,bangkok_tou,2026,7,False,348.4,239.1,11.8
case2_0025,bangkok_tou,2026,8,False,322.6,196.8,11.5
case2_0026,bangkok_tou,2024,3,False,435.4,352.0,19.2
case2_0026,bangkok_tou,2024,4,False,463.8,418.6,20.2
case2_0026,bangkok_tou,2024,5,False,410.2,404.5,18.3
case2_0026,bangkok_tou,2024,6,False,403.0,296.8,17.8
case2_0026,bangkok_tou,2024,7,False,356.2,372.6,16.9
case2_0026,bangkok_tou,2024,8,False,390.3,279.6,16.9
case2_0026,bangkok_tou,2024,9,False,381.4,227.6,15.0
case2_0026,bangkok_tou,2024,10,False,341.8,253.3,19.2
case2_0026,bangkok_tou,2024,11,False,313.0,236.5,20.6
case2_0026,bangkok_tou,2024,12,False,289.6,229.6,21.3
case2_0026,bangkok_tou,2025,1,False,301.5,258.5,19.3
case2_0026,bangkok_tou,2025,2,False,312.2,261.1,17.7
case2_0026,bangkok_tou,2025,3,False,485.0,288.3,22.2
case2_0026,bangkok_tou,2025,4,False,483.6,386.1,25.2
case2_0026,bangkok_tou,2025,5,False,499.7,319.1,19.9
case2_0026,bangkok_tou,2025,6,False,399.7,343.5,17.3
case2_0026,bangkok_tou,2025,7,False,349.4,294.8,16.8
case2_0026,bangkok_tou,2025,8,False,324.4,321.8,18.9
case2_0026,bangkok_tou,2025,9,False,327.9,211.3,17.2
case2_0026,bangkok_tou,2025,10,False,277.3,303.0,21.9
case2_0026,bangkok_tou,2025,11,False,309.7,274.1,19.6
case2_0026,bangkok_tou,2025,12,False,271.9,176.2,17.8
case2_0026,bangkok_tou,2026,1,False,271.3,218.9,21.6
case2_0026,bangkok_tou,2026,2,False,285.0,255.6,19.7
case2_0026,bangkok_tou,2026,3,False,354.9,347.8,23.2
case2_0026,bangkok_tou,2026,4,False,432.5,389.0,22.3
case2_0026,bangkok_tou,2026,5,False,494.3,390.5,22.1
case2_0026,bangkok_tou,2026,6,False,378.0,421.0,17.8
case2_0026,bangkok_tou,2026,7,False,382.1,304.4,19.2
case2_0026,bangkok_tou,2026,8,False,350.4,212.5,22.5
case2_0027,bangkok_tou,2024,3,False,302.5,188.7,19.3
case2_0027,bangkok_tou,2024,4,False,333.7,205.8,16.9
case2_0027,bangkok_tou,2024,5,False,286.7,202.1,16.1
case2_0027,bangkok_tou,2024,6,False,305.7,173.6,19.9
case2_0027,bangkok_tou,2024,7,False,265.6,170.7,17.8
case2_0027,bangkok_tou,2024,8,False,234.0,146.5,16.6
case2_0027,bangkok_tou,2024,9,False,214.4,151.2,14.4
case2_0027,bangkok_tou,2024,10,False,253.1,129.3,18.7
case2_0027,bangkok_tou,2024,11,False,269.2,154.9,18.4
case2_0027,bangkok_tou,2024,12,False,202.8,158.3,16.4
case2_0027,bangkok_tou,2025,1,False,175.5,196.2,16.8
case2_0027,bangkok_tou,2025,2,False,290.1,143.6,21.5
case2_0027,bangkok_tou,2025,3,False,332.8,140.3,20.1
case2_0027,bangkok_tou,2025,4,False,305.7,276.3,17.2
case2_0027,bangkok_tou,2025,5,False,307.6,187.7,17.8
case2_0027,bangkok_tou,2025,6,False,258.2,159.2,19.2
case2_0027,bangkok_tou,2025,7,False,241.8,169.1,18.9
case2_0027,bangkok_tou,2025,8,False,263.3,200.1,14.6
case2_0027,bangkok_tou,2025,9,False,241.5,134.3,17.1
case2_0027,bangkok_tou,2025,10,False,237.9,119.5,16.7
case2_0027,bangkok_tou,2025,11,False,278.8,140.8,16.1
case2_0027,bangkok_tou,2025,12,False,216.4,123.0,15.6
case2_0027,bangkok_tou,2026,1,False,230.4,127.6,16.1
case2_0027,bangkok_tou,2026,2,False,248.6,149.9,15.9
case2_0027,bangkok_tou,2026,3,False,337.2,210.4,16.6
case2_0027,bangkok_tou,2026,4,False,337.9,235.8,20.1
case2_0027,bangkok_tou,2026,5,False,343.4,228.6,19.0
case2_0027,bangkok_tou,2026,6,False,310.9,165.6,19.1
case2_0027,bangkok_tou,2026,7,False,237.6,165.5,17.8
case2_0027,bangkok_tou,2026,8,False,261.4,137.7,13.5
case2_0028,bangkok_tou,2024,3,False,339.0,240.1,16.4
case2_0028,bangkok_tou,2024,4,False,346.0,273.8,15.8
case2_0028,bangkok_tou,2024,5,False,373.4,239.8,16.9
case2_0028,bangkok_tou,2024,6,False,293.3,245.4,17.6
case2_0028,bangkok_tou,2024,7,False,317.5,181.2,14.7
case2_0028,bangkok_tou,2024,8,False,283.6,195.5,13.8
case2_0028,bangkok_tou,2024,9,False,216.2,176.3,14.1
case2_0028,bangkok_tou,2024,10,False,193.6,171.7,12.0
case2_0028,bangkok_tou,2024,11,False,167.9,156.9,11.2
case2_0028,bangkok_tou,2024,12,False,162.4,127.7,13.9
case2_0028,bangkok_tou,2025,1,False,195.9,152.8,13.5
case2_0028,bangkok_tou,2025,2,False,269.8,240.6,16.0
case2_0028,bangkok_tou,2025,3,False,308.9,242.5,14.2
case2_0028,bangkok_tou,2025,4,False,309.1,288.5,13.3
case2_0028,bangkok_tou,2025,5,False,331.0,221.4,16.2
case2_0028,bangkok_tou,2025,6,False,341.9,208.8,16.6
case2_0028,bangkok_tou,2025,7,False,282.4,189.1,13.9
case2_0028,bangkok_tou,2025,8,False,235.5,195.0,15.1
case2_0028,bangkok_tou,2025,9,False,247.8,155.6,15.8
case2_0028,bangkok_tou,2025,10,False,213.3,149.7,15.8
case2_0028,bangkok_tou,2025,11,False,218.2,163.5,14.6
case2_0028,bangkok_tou,2025,12,False,210.3,135.0,13.4
case2_0028,bangkok_tou,2026,1,False,228.8,135.1,12.2
case2_0028,bangkok_tou,2026,2,False,272.1,159.6,14.8
case2_0028,bangkok_tou,2026,3,False,271.8,204.2,16.3
case2_0028,bangkok_tou,2026,4,False,331.5,219.9,15.3
case2_0028,bangkok_tou,2026,5,False,321.0,239.8,16.3
case2_0028,bangkok_tou,2026,6,False,288.9,191.6,14.4
case2_0028,bangkok_tou,2026,7,False,238.3,181.1,14.4
case2_0028,bangkok_tou,2026,8,False,261.5,188.7,17.4
case2_0029,bangkok_tou,2024,3,True,48.8,120.7,20.1
case2_0029,bangkok_tou,2024,4,True,61.3,119.7,20.4
case2_0029,bangkok_tou,2024,5,True,49.6,161.0,21.5
case2_0029,bangkok_tou,2024,6,True,63.7,131.0,18.8
case2_0029,bangkok_tou,2024,7,True,67.5,143.4,19.0
case2_0029,bangkok_tou,2024,8,True,53.0,105.4,18.3
case2_0029,bangkok_tou,2024,9,True,48.8,87.3,16.6
case2_0029,bangkok_tou,2024,10,True,39.3,125.4,15.5
case2_0029,bangkok_tou,2024,11,True,56.9,98.6,16.9
case2_0029,bangkok_tou,2024,12,True,32.5,99.1,15.5
case2_0029,bangkok_tou,2025,1,True,41.1,84.5,15.3
case2_0029,bangkok_tou,2025,2,True,46.9,103.3,17.9
case2_0029,bangkok_tou,2025,3,True,48.8,143.2,15.9
case2_0029,bangkok_tou,2025,4,True,67.7,155.7,19.4
case2_0029,bangkok_tou,2025,5,True,79.7,132.9,18.0
case2_0029,bangkok_tou,2025,6,True,64.9,147.0,22.3
case2_0029,bangkok_tou,2025,7,True,50.3,124.6,20.8
case2_0029,bangkok_tou,2025,8,True,60.9,114.9,19.9
case2_0029,bangkok_tou,2025,9,True,58.9,113.0,17.9
case2_0029,bangkok_tou,2025,10,True,52.6,102.1,15.8
case2_0029,bangkok_tou,2025,11,True,47.2,85.2,16.3
case2_0029,bangkok_tou,2025,12,True,48.3,89.7,16.3
case2_0029,bangkok_tou,2026,1,True,44.7,120.7,17.7
case2_0029,bangkok_tou,2026,2,True,73.4,144.1,13.5
case2_0029,bangkok_tou,2026,3,True,52.7,166.2,13.3
case2_0029,bangkok_tou,2026,4,True,66.3,149.4,13.6
case2_0029,bangkok_tou,2026,5,True,65.3,160.8,13.8
case2_0029,bangkok_tou,2026,6,True,78.1,148.2,12.2
case2_0029,bangkok_tou,2026,7,True,66.5,122.7,12.4
case2_0029,bangkok_tou,2026,8,True,65.8,119.1,14.3
case2_0030,bangkok_tou,2024,3,False,412.5,214.3,14.8
case2_0030,bangkok_tou,2024,4,False,559.3,210.5,15.0
case2_0030,bangkok_tou,2024,5,False,417.0,270.1,12.2
case2_0030,bangkok_tou,2024,6,False,384.8,176.9,14.9
case2_0030,bangkok_tou,2024,7,False,367.8,204.4,14.4
case2_0030,bangkok_tou,2024,8,False,381.8,185.0,11.7
case2_0030,bangkok_tou,2024,9,False,344.1,163.3,11.3
case2_0030,bangkok_tou,2024,10,False,294.7,198.1,11.4
case2_0030,bangkok_tou,2024,11,False,348.5,176.4,13.4
case2_0030,bangkok_tou,2024,12,False,320.0,182.6,11.4
case2_0030,bangkok_tou,2025,1,False,246.2,147.7,12.6
case2_0030,bangkok_tou,2025,2,False,355.3,150.6,14.0
case2_0030,bangkok_tou,2025,3,False,326.5,161.7,15.0
case2_0030,bangkok_tou,2025,4,False,436.6,241.4,15.5
case2_0030,bangkok_tou,2025,5,False,503.4,255.7,14.4
case2_0030,bangkok_tou,2025,6,False,398.0,195.3,15.5
case2_0030,bangkok_tou,2025,7,False,393.6,175.2,13.3
case2_0030,bangkok_tou,2025,8,False,364.1,184.9,13.5
case2_0030,bangkok_tou,2025,9,False,304.5,154.0,12.3
case2_0030,bangkok_tou,2025,10,False,285.5,165.4,15.0
case2_0030,bangkok_tou,2025,11,False,262.1,175.9,12.6
case2_0030,bangkok_tou,2025,12,False,219.2,153.1,14.3
case2_0030,bangkok_tou,2026,1,False,180.2,168.1,15.0
case2_0030,bangkok_tou,2026,2,False,291.6,205.6,15.7
case2_0030,bangkok_tou,2026,3,False,378.8,205.1,15.6
case2_0030,bangkok_tou,2026,4,False,419.9,289.3,16.3
case2_0030,bangkok_tou,2026,5,False,424.1,305.1,14.8
case2_0030,bangkok_tou,2026,6,False,397.3,244.8,11.9
case2_0030,bangkok_tou,2026,7,False,330.3,156.0,14.9
case2_0030,bangkok_tou,2026,8,False,326.1,207.8,16.1
case2_0031,bangkok_tou,2024,3,False,319.8,260.7,14.7
case2_0031,bangkok_tou,2024,4,False,374.6,297.1,15.7
case2_0031,bangkok_tou,2024,5,False,366.0,265.9,15.6
case2_0031,bangkok_tou,2024,6,False,342.2,232.9,17.2
case2_0031,bangkok_tou,2024,7,False,290.8,239.8,18.0
case2_0031,bangkok_tou,2024,8,False,286.6,222.7,16.6
case2_0031,bangkok_tou,2024,9,False,314.5,254.8,15.4
case2_0031,bangkok_tou,2024,10,False,245.6,172.1,13.7
case2_0031,bangkok_tou,2024,11,False,237.8,215.5,13.0
case2_0031,bangkok_tou,2024,12,False,206.5,184.9,13.4
case2_0031,bangkok_tou,2025,1,False,231.4,173.1,15.5
case2_0031,bangkok_tou,2025,2,False,280.9,232.0,12.7
case2_0031,bangkok_tou,2025,3,False,334.3,271.2,16.4
case2_0031,bangkok_tou,2025,4,False,286.5,317.0,17.9
case2_0031,bangkok_tou,2025,5,False,286.2,268.8,17.4
case2_0031,bangkok_tou,2025,6,False,267.5,270.8,15.5
case2_0031,bangkok_tou,2025,7,False,242.8,251.8,14.7
case2_0031,bangkok_tou,2025,8,False,264.1,275.4,16.8
case2_0031,bangkok_tou,2025,9,False,232.9,222.3,12.5
case2_0031,bangkok_tou,2025,10,False,278.3,163.0,16.5
case2_0031,bangkok_tou,2025,11,False,236.2,211.1,20.0
case2_0031,bangkok_tou,2025,12,False,196.3,183.5,18.0
case2_0031,bangkok_tou,2026,1,False,238.1,183.8,15.9
case2_0031,bangkok_tou,2026,2,False,207.4,215.0,17.7
case2_0031,bangkok_tou,2026,3,False,283.1,243.7,21.7
case2_0031,bangkok_tou,2026,4,False,300.0,252.5,18.7
case2_0031,bangkok_tou,2026,5,False,284.7,359.7,17.9
case2_0031,bangkok_tou,2026,6,False,284.3,241.6,19.3
case2_0031,bangkok_tou,2026,7,False,279.1,275.3,20.1
case2_0031,bangkok_tou,2026,8,False,226.0,289.7,19.3
case2_0032,bangkok_tou,2024,3,True,53.3,179.7,16.4
case2_0032,bangkok_tou,2024,4,True,63.6,183.3,24.6
case2_0032,bangkok_tou,2024,5,True,87.8,209.0,22.7
case2_0032,bangkok_tou,2024,6,True,53.6,234.7,19.0
case2_0032,bangkok_tou,2024,7,True,64.8,188.5,19.5
case2_0032,bangkok_tou,2024,8,True,60.7,195.9,18.8
case2_0032,bangkok_tou,2024,9,True,59.8,176.7,20.9
case2_0032,bangkok_tou,2024,10,True,67.0,162.4,18.8
case2_0032,bangkok_tou,2024,11,True,55.5,203.7,18.4
case2_0032,bangkok_tou,2024,12,True,52.1,136.3,19.8
case2_0032,bangkok_tou,2025,1,True,40.0,138.7,15.5
case2_0032,bangkok_tou,2025,2,True,59.0,182.1,19.4
case2_0032,bangkok_tou,2025,3,True,80.4,258.5,16.4
case2_0032,bangkok_tou,2025,4,True,88.3,227.4,20.9
case2_0032,bangkok_tou,2025,5,True,103.0,201.7,16.3
case2_0032,bangkok_tou,2025,6,True,65.2,206.8,17.2
case2_0032,bangkok_tou,2025,7,True,71.6,203.2,17.6
case2_0032,bangkok_tou,2025,8,True,76.0,183.6,18.4
case2_0032,bangkok_tou,2025,9,True,67.2,186.5,18.0
case2_0032,bangkok_tou,2025,10,True,39.4,182.6,17.1
case2_0032,bangkok_tou,2025,11,True,51.3,175.9,13.9
case2_0032,bangkok_tou,2025,12,True,37.9,126.0,18.0
case2_0032,bangkok_tou,2026,1,True,37.0,117.3,16.7
case2_0032,bangkok_tou,2026,2,True,57.1,163.9,17.9
case2_0032,bangkok_tou,2026,3,True,76.2,212.5,16.9
case2_0032,bangkok_tou,2026,4,True,76.7,230.0,20.7
case2_0032,bangkok_tou,2026,5,True,106.9,245.0,17.3
case2_0032,bangkok_tou,2026,6,True,70.1,226.0,17.8
case2_0032,bangkok_tou,2026,7,True,65.7,196.6,16.3
case2_0032,bangkok_tou,2026,8,True,70.6,207.7,18.3
case2_0033,bangkok_tou,2024,3,True,214.3,995.3,17.5
case2_0033,bangkok_tou,2024,4,True,365.4,1028.3,18.2
case2_0033,bangkok_tou,2024,5,True,201.0,1072.8,21.0
case2_0033,bangkok_tou,2024,6,True,307.4,767.5,20.6
case2_0033,bangkok_tou,2024,7,True,300.4,661.7,18.7
case2_0033,bangkok_tou,2024,8,True,218.1,817.0,18.3
case2_0033,bangkok_tou,2024,9,True,229.5,821.6,17.1
case2_0033,bangkok_tou,2024,10,True,143.3,772.7,16.6
case2_0033,bangkok_tou,2024,11,True,235.8,543.1,14.1
case2_0033,bangkok_tou,2024,12,True,178.2,564.9,13.7
case2_0033,bangkok_tou,2025,1,True,188.2,600.2,16.6
case2_0033,bangkok_tou,2025,2,True,153.5,784.8,14.7
case2_0033,bangkok_tou,2025,3,True,177.3,754.3,19.5
case2_0033,bangkok_tou,2025,4,True,291.6,864.9,24.5
case2_0033,bangkok_tou,2025,5,True,205.3,1074.5,21.8
case2_0033,bangkok_tou,2025,6,True,271.4,784.2,19.8
case2_0033,bangkok_tou,2025,7,True,202.1,760.3,20.2
case2_0033,bangkok_tou,2025,8,True,216.4,715.2,16.5
case2_0033,bangkok_tou,2025,9,True,226.8,677.7,19.6
case2_0033,bangkok_tou,2025,10,True,191.5,603.7,17.1
case2_0033,bangkok_tou,2025,11,True,184.5,592.5,17.5
case2_0033,bangkok_tou,2025,12,True,184.8,507.1,15.9
case2_0033,bangkok_tou,2026,1,True,202.7,614.3,15.5
case2_0033,bangkok_tou,2026,2,True,177.4,852.8,14.7
case2_0033,bangkok_tou,2026,3,True,274.5,797.5,17.1
case2_0033,bangkok_tou,2026,4,True,233.2,808.7,19.5
case2_0033,bangkok_tou,2026,5,True,181.5,774.5,18.1
case2_0033,bangkok_tou,2026,6,True,233.6,727.9,17.4
case2_0033,bangkok_tou,2026,7,True,154.8,635.3,18.6
case2_0033,bangkok_tou,2026,8,True,180.0,751.9,16.0
case2_0034,bangkok_tou,2024,3,False,183.9,111.1,15.4
case2_0034,bangkok_tou,2024,4,False,163.7,167.6,19.0
case2_0034,bangkok_tou,2024,5,False,178.3,149.8,17.1
case2_0034,bangkok_tou,2024,6,False,166.4,106.5,16.4
case2_0034,bangkok_tou,2024,7,False,161.9,114.8,17.3
case2_0034,bangkok_tou,2024,8,False,164.3,131.5,18.2
case2_0034,bangkok_tou,2024,9,False,138.8,97.8,16.2
case2_0034,bangkok_tou,2024,10,False,122.5,115.9,16.8
case2_0034,bangkok_tou,2024,11,False,117.2,110.7,16.6
case2_0034,bangkok_tou,2024,12,False,101.2,57.9,16.8
case2_0034,bangkok_tou,2025,1,False,106.6,102.7,14.5
case2_0034,bangkok_tou,2025,2,False,116.2,99.3,14.1
case2_0034,bangkok_tou,2025,3,False,193.5,125.9,15.4
case2_0034,bangkok_tou,2025,4,False,156.3,112.5,17.5
case2_0034,bangkok_tou,2025,5,False,179.2,106.1,17.6
case2_0034,bangkok_tou,2025,6,False,171.3,128.1,15.3
case2_0034,bangkok_tou,2025,7,False,163.5,106.6,18.1
case2_0034,bangkok_tou,2025,8,False,147.5,101.2,14.6
case2_0034,bangkok_tou,2025,9,False,145.0,101.9,13.7
case2_0034,bangkok_tou,2025,10,False,143.6,96.1,13.9
case2_0034,bangkok_tou,2025,11,False,106.1,88.9,16.9
case2_0034,bangkok_tou,2025,12,False,81.0,45.3,14.2
case2_0034,bangkok_tou,2026,1,False,96.2,82.0,15.1
case2_0034,bangkok_tou,2026,2,False,123.9,95.4,13.8
case2_0034,bangkok_tou,2026,3,False,153.2,105.7,16.8
case2_0034,bangkok_tou,2026,4,False,197.5,119.7,16.1
case2_0034,bangkok_tou,2026,5,False,229.2,108.2,19.5
case2_0034,bangkok_tou,2026,6,False,154.4,144.2,19.8
case2_0034,bangkok_tou,2026,7,False,144.4,84.0,20.9
case2_0034,bangkok_tou,2026,8,False,130.5,107.6,17.9
case2_0035,bangkok_tou,2024,3,False,94.1,97.6,17.7
case2_0035,bangkok_tou,2024,4,False,149.9,104.9,14.4
case2_0035,bangkok_tou,2024,5,False,136.2,111.6,17.8
case2_0035,bangkok_tou,2024,6,False,93.2,62.7,19.3
case2_0035,bangkok_tou,2024,7,False,95.4,67.9,15.4
case2_0035,bangkok_tou,2024,8,False,128.1,105.5,14.4
case2_0035,bangkok_tou,2024,9,False,117.7,90.0,15.5
case2_0035,bangkok_tou,2024,10,False,102.7,106.4,18.1
case2_0035,bangkok_tou,2024,11,False,83.4,90.8,16.5
case2_0035,bangkok_tou,2024,12,False,71.2,55.7,14.6
case2_0035,bangkok_tou,2025,1,False,67.3,57.8,13.9
case2_0035,bangkok_tou,2025,2,False,87.1,77.8,19.7
case2_0035,bangkok_tou,2025,3,False,100.5,90.3,20.4
case2_0035,bangkok_tou,2025,4,False,128.0,107.1,18.3
case2_0035,bangkok_tou,2025,5,False,94.0,107.2,21.6
case2_0035,bangkok_tou,2025,6,False,115.4,95.2,18.8
case2_0035,bangkok_tou,2025,7,False,84.3,82.0,14.7
case2_0035,bangkok_tou,2025,8,False,90.5,72.1,14.4
case2_0035,bangkok_tou,2025,9,False,91.7,85.3,15.5
case2_0035,bangkok_tou,2025,10,False,94.6,97.3,13.2
case2_0035,bangkok_tou,2025,11,False,104.6,89.6,13.0
case2_0035,bangkok_tou,2025,12,False,72.3,77.5,14.0
case2_0035,bangkok_tou,2026,1,False,96.6,81.7,15.5
case2_0035,bangkok_tou,2026,2,False,91.9,83.8,15.7
case2_0035,bangkok_tou,2026,3,False,128.4,115.5,19.1
case2_0035,bangkok_tou,2026,4,False,136.8,143.6,17.6
case2_0035,bangkok_tou,2026,5,False,143.6,107.4,17.1
case2_0035,bangkok_tou,2026,6,False,141.6,109.7,16.6
case2_0035,bangkok_tou,2026,7,False,128.5,98.3,14.8
case2_0035,bangkok_tou,2026,8,False,119.0,93.4,16.5
case2_0036,bangkok_tou,2024,3,False,113.4,85.0,19.8
case2_0036,bangkok_tou,2024,4,False,144.2,103.8,20.1
case2_0036,bangkok_tou,2024,5,False,125.4,109.0,26.2
case2_0036,bangkok_tou,2024,6,False,145.8,97.6,22.9
case2_0036,bangkok_tou,2024,7,False,111.5,75.5,20.4
case2_0036,bangkok_tou,2024,8,False,94.5,65.4,19.0
case2_0036,bangkok_tou,2024,9,False,88.7,62.6,18.9
case2_0036,bangkok_tou,2024,10,False,84.3,66.7,18.0
case2_0036,bangkok_tou,2024,11,False,86.8,69.8,19.4
case2_0036,bangkok_tou,2024,12,False,73.0,63.3,16.4
case2_0036,bangkok_tou,2025,1,False,63.8,68.6,17.4
case2_0036,bangkok_tou,2025,2,False,110.6,95.1,20.9
case2_0036,bangkok_tou,2025,3,False,138.6,98.9,23.2
case2_0036,bangkok_tou,2025,4,False,130.8,103.7,18.5
case2_0036,bangkok_tou,2025,5,False,114.5,87.7,22.2
case2_0036,bangkok_tou,2025,6,False,113.6,70.7,19.8
case2_0036,bangkok_tou,2025,7,False,108.9,88.2,22.5
case2_0036,bangkok_tou,2025,8,False,115.5,73.1,18.9
case2_0036,bangkok_tou,2025,9,False,86.1,68.4,18.9
case2_0036,bangkok_tou,2025,10,False,85.8,62.8,19.7
case2_0036,bangkok_tou,2025,11,False,87.9,52.3,21.2
case2_0036,bangkok_tou,2025,12,False,72.7,63.1,20.6
case2_0036,bangkok_tou,2026,1,False,87.7,73.4,18.0
case2_0036,bangkok_tou,2026,2,False,102.5,93.7,18.2
case2_0036,bangkok_tou,2026,3,False,117.5,79.1,22.6
case2_0036,bangkok_tou,2026,4,False,130.4,98.0,21.2
case2_0036,bangkok_tou,2026,5,False,106.8,89.1,25.1
case2_0036,bangkok_tou,2026,6,False,94.1,103.4,23.2
case2_0036,bangkok_tou,2026,7,False,108.8,83.9,18.9
case2_0036,bangkok_tou,2026,8,False,83.3,59.5,21.5
case2_0037,bangkok_tou,2024,3,False,326.6,196.9,21.8
case2_0037,bangkok_tou,2024,4,False,326.6,210.7,19.1
case2_0037,bangkok_tou,2024,5,False,347.9,182.9,22.4
case2_0037,bangkok_tou,2024,6,False,328.1,216.0,22.3
case2_0037,bangkok_tou,2024,7,False,293.1,188.3,19.1
case2_0037,bangkok_tou,2024,8,False,268.7,139.1,17.0
case2_0037,bangkok_tou,2024,9,False,213.7,169.1,19.7
case2_0037,bangkok_tou,2024,10,False,220.6,169.1,18.6
case2_0037,bangkok_tou,2024,11,False,284.5,164.4,17.5
case2_0037,bangkok_tou,2024,12,False,169.6,115.1,16.8
case2_0037,bangkok_tou,2025,1,False,213.1,119.7,15.3
case2_0037,bangkok_tou,2025,2,False,251.8,146.2,18.5
case2_0037,bangkok_tou,2025,3,False,355.0,194.0,21.3
case2_0037,bangkok_tou,2025,4,False,361.7,225.9,21.7
case2_0037,bangkok_tou,2025,5,False,352.2,164.0,21.5
case2_0037,bangkok_tou,2025,6,False,279.6,179.6,19.4
case2_0037,bangkok_tou,2025,7,False,264.0,158.1,19.9
case2_0037,bangkok_tou,2025,8,False,254.9,174.1,21.1
case2_0037,bangkok_tou,2025,9,False,243.6,173.0,16.9
case2_0037,bangkok_tou,2025,10,False,216.0,133.3,15.7
case2_0037,bangkok_tou,2025,11,False,210.7,130.6,17.8
case2_0037,bangkok_tou,2025,12,False,203.1,107.8,16.9
case2_0037,bangkok_tou,2026,1,False,223.7,102.0,15.9
case2_0037,bangkok_tou,2026,2,False,228.9,142.4,19.7
case2_0037,bangkok_tou,2026,3,False,212.1,148.6,20.5
case2_0037,bangkok_tou,2026,4,False,261.3,174.3,19.8
case2_0037,bangkok_tou,2026,5,False,288.5,161.9,22.5
case2_0037,bangkok_tou,2026,6,False,278.0,138.6,18.4
case2_0037,bangkok_tou,2026,7,False,285.3,165.7,15.1
case2_0037,bangkok_tou,2026,8,False,240.7,155.2,15.3
case2_0038,bangkok_tou,2024,3,True,204.6,360.4,13.1
case2_0038,bangkok_tou,2024,4,True,185.9,367.4,11.4
case2_0038,bangkok_tou,2024,5,True,176.0,355.6,10.7
case2_0038,bangkok_tou,2024,6,True,174.0,338.4,11.5
case2_0038,bangkok_tou,2024,7,True,207.7,380.9,9.9
case2_0038,bangkok_tou,2024,8,True,166.4,365.1,11.6
case2_0038,bangkok_tou,2024,9,True,163.0,355.5,10.5
case2_0038,bangkok_tou,2024,10,True,169.8,265.4,9.5
case2_0038,bangkok_tou,2024,11,True,93.8,297.0,9.9
case2_0038,bangkok_tou,2024,12,True,102.2,246.2,9.3
case2_0038,bangkok_tou,2025,1,True,131.0,259.9,9.8
case2_0038,bangkok_tou,2025,2,True,155.3,324.7,9.3
case2_0038,bangkok_tou,2025,3,True,175.9,359.9,9.7
case2_0038,bangkok_tou,2025,4,True,196.3,485.9,12.5
case2_0038,bangkok_tou,2025,5,True,220.0,417.8,11.5
case2_0038,bangkok_tou,2025,6,True,185.1,332.0,9.8
case2_0038,bangkok_tou,2025,7,True,205.4,407.4,9.5
case2_0038,bangkok_tou,2025,8,True,218.6,335.5,10.1
case2_0038,bangkok_tou,2025,9,True,219.2,250.0,9.0
case2_0038,bangkok_tou,2025,10,True,153.5,301.3,9.9
case2_0038,bangkok_tou,2025,11,True,134.3,310.2,9.8
case2_0038,bangkok_tou,2025,12,True,125.1,177.7,7.6
case2_0038,bangkok_tou,2026,1,True,126.8,212.2,8.0
case2_0038,bangkok_tou,2026,2,True,170.2,296.8,9.2
case2_0038,bangkok_tou,2026,3,True,177.1,379.3,9.6
case2_0038,bangkok_tou,2026,4,True,191.1,457.3,10.4
case2_0038,bangkok_tou,2026,5,True,195.3,416.7,9.2
case2_0038,bangkok_tou,2026,6,True,222.7,428.8,9.0
case2_0038,bangkok_tou,2026,7,True,168.5,349.5,10.3
case2_0038,bangkok_tou,2026,8,True,143.5,333.2,9.4
case2_0039,bangkok_tou,2024,3,True,134.9,344.0,10.7
case2_0039,bangkok_tou,2024,4,True,203.6,526.0,11.8
case2_0039,bangkok_tou,2024,5,True,187.3,336.0,13.5
case2_0039,bangkok_tou,2024,6,True,143.2,494.0,11.1
case2_0039,bangkok_tou,2024,7,True,199.8,353.3,11.0
case2_0039,bangkok_tou,2024,8,True,168.1,388.3,11.6
case2_0039,bangkok_tou,2024,9,True,188.6,334.2,9.0
case2_0039,bangkok_tou,2024,10,True,132.7,367.6,10.4
case2_0039,bangkok_tou,2024,11,True,170.3,329.5,10.9
case2_0039,bangkok_tou,2024,12,True,137.6,236.1,8.5
case2_0039,bangkok_tou,2025,1,True,135.1,284.4,10.1
case2_0039,bangkok_tou,2025,2,True,116.9,298.5,9.0
case2_0039,bangkok_tou,2025,3,True,172.1,435.9,12.5
case2_0039,bangkok_tou,2025,4,True,219.2,337.0,12.5
case2_0039,bangkok_tou,2025,5,True,209.9,350.3,10.6
case2_0039,bangkok_tou,2025,6,True,181.4,412.5,8.9
case2_0039,bangkok_tou,2025,7,True,158.3,475.3,12.4
case2_0039,bangkok_tou,2025,8,True,163.2,420.1,11.4
case2_0039,bangkok_tou,2025,9,True,148.0,263.6,12.7
case2_0039,bangkok_tou,2025,10,True,176.9,293.2,9.5
case2_0039,bangkok_tou,2025,11,True,148.4,297.3,10.5
case2_0039,bangkok_tou,2025,12,True,135.6,257.5,10.5
case2_0039,bangkok_tou,2026,1,True,129.6,355.0,9.9
case2_0039,bangkok_tou,2026,2,True,155.3,390.7,9.3
case2_0039,bangkok_tou,2026,3,True,218.9,370.0,10.9
case2_0039,bangkok_tou,2026,4,True,180.0,387.1,11.3
case2_0039,bangkok_tou,2026,5,True,174.4,358.8,12.8
case2_0039,bangkok_tou,2026,6,True,182.5,367.8,11.0
case2_0039,bangkok_tou,2026,7,True,148.4,420.0,10.8
case2_0039,bangkok_tou,2026,8,True,161.4,386.2,10.8
case2_0040,bangkok_tou,2024,3,True,108.8,348.2,29.2
case2_0040,bangkok_tou,2024,4,True,89.1,280.7,33.1
case2_0040,bangkok_tou,2024,5,True,90.5,269.7,30.7
case2_0040,bangkok_tou,2024,6,True,66.3,284.3,25.3
case2_0040,bangkok_tou,2024,7,True,42.8,296.6,20.2
case2_0040,bangkok_tou,2024,8,True,78.4,265.3,26.4
case2_0040,bangkok_tou,2024,9,True,69.0,288.0,24.1
case2_0040,bangkok_tou,2024,10,True,82.5,268.2,21.7
case2_0040,bangkok_tou,2024,11,True,98.1,267.6,23.8
case2_0040,bangkok_tou,2024,12,True,64.1,217.9,25.1
case2_0040,bangkok_tou,2025,1,True,69.7,206.8,25.0
case2_0040,bangkok_tou,2025,2,True,77.7,237.7,26.4
case2_0040,bangkok_tou,2025,3,True,112.1,318.1,31.4
case2_0040,bangkok_tou,2025,4,True,106.3,410.5,29.3
case2_0040,bangkok_tou,2025,5,True,97.4,407.0,27.4
case2_0040,bangkok_tou,2025,6,True,87.2,283.0,27.3
case2_0040,bangkok_tou,2025,7,True,46.1,342.6,24.8
case2_0040,bangkok_tou,2025,8,True,103.0,293.3,26.3
case2_0040,bangkok_tou,2025,9,True,114.9,271.3,30.1
case2_0040,bangkok_tou,2025,10,True,83.2,264.4,26.7
case2_0040,bangkok_tou,2025,11,True,91.3,292.9,26.0
case2_0040,bangkok_tou,2025,12,True,86.7,231.9,21.7
case2_0040,bangkok_tou,2026,1,True,48.7,266.5,20.1
case2_0040,bangkok_tou,2026,2,True,71.4,269.6,25.7
case2_0040,bangkok_tou,2026,3,True,57.1,245.4,22.0
case2_0040,bangkok_tou,2026,4,True,146.2,353.1,28.6
case2_0040,bangkok_tou,2026,5,True,74.4,396.6,28.2
case2_0040,bangkok_tou,2026,6,True,129.1,319.6,29.3
case2_0040,bangkok_tou,2026,7,True,86.9,340.3,21.7
case2_0040,bangkok_tou,2026,8,True,105.2,295.4,26.3
case2_0041,bangkok_tou,2024,3,True,136.3,227.9,24.7
case2_0041,bangkok_tou,2024,4,True,106.9,267.3,27.6
case2_0041,bangkok_tou,2024,5,True,93.9,239.3,28.7
case2_0041,bangkok_tou,2024,6,True,104.8,207.0,24.2
case2_0041,bangkok_tou,2024,7,True,75.0,194.1,28.1
case2_0041,bangkok_tou,2024,8,True,123.4,189.6,25.3
case2_0041,bangkok_tou,2024,9,True,90.3,191.8,26.2
case2_0041,bangkok_tou,2024,10,True,112.3,176.0,27.5
case2_0041,bangkok_tou,2024,11,True,104.1,198.9,29.3
case2_0041,bangkok_tou,2024,12,True,70.4,134.5,25.9
case2_0041,bangkok_tou,2025,1,True,76.6,165.6,27.2
case2_0041,bangkok_tou,2025,2,True,79.5,186.5,26.0
case2_0041,bangkok_tou,2025,3,True,108.4,203.2,28.1
case2_0041,bangkok_tou,2025,4,True,117.2,251.7,29.8
case2_0041,bangkok_tou,2025,5,True,108.2,214.0,32.3
case2_0041,bangkok_tou,2025,6,True,84.6,186.3,31.3
case2_0041,bangkok_tou,2025,7,True,95.0,192.1,31.7
case2_0041,bangkok_tou,2025,8,True,97.5,194.2,28.7
case2_0041,bangkok_tou,2025,9,True,73.5,233.7,20.6
case2_0041,bangkok_tou,2025,10,True,95.8,173.8,19.1
case2_0041,bangkok_tou,2025,11,True,79.7,162.5,21.3
case2_0041,bangkok_tou,2025,12,True,85.5,133.2,23.7
case2_0041,bangkok_tou,2026,1,True,71.8,138.7,20.3
case2_0041,bangkok_tou,2026,2,True,126.1,183.1,25.9
case2_0041,bangkok_tou,2026,3,True,81.3,256.0,31.8
case2_0041,bangkok_tou,2026,4,True,114.0,284.3,28.0
case2_0041,bangkok_tou,2026,5,True,142.1,209.5,26.5
case2_0041,bangkok_tou,2026,6,True,102.6,235.4,27.4
case2_0041,bangkok_tou,2026,7,True,96.5,226.2,26.4
case2_0041,bangkok_tou,2026,8,True,113.6,193.3,27.7
case2_0042,bangkok_tou,2024,3,False,371.0,256.2,19.3
case2_0042,bangkok_tou,2024,4,False,395.2,314.5,16.5
case2_0042,bangkok_tou,2024,5,False,424.5,434.1,20.0
case2_0042,bangkok_tou,2024,6,False,365.6,376.9,18.5
case2_0042,bangkok_tou,2024,7,False,354.5,383.9,17.3
case2_0042,bangkok_tou,2024,8,False,379.2,322.2,19.6
case2_0042,bangkok_tou,2024,9,False,311.5,277.8,19.8
case2_0042,bangkok_tou,2024,10,False,229.5,265.6,17.7
case2_0042,bangkok_tou,2024,11,False,297.8,210.4,15.2
case2_0042,bangkok_tou,2024,12,False,227.5,224.3,13.0
case2_0042,bangkok_tou,2025,1,False,241.3,224.5,14.9
case2_0042,bangkok_tou,2025,2,False,238.4,298.9,16.2
case2_0042,bangkok_tou,2025,3,False,329.3,299.4,15.5
case2_0042,bangkok_tou,2025,4,False,391.3,316.3,21.2
case2_0042,bangkok_tou,2025,5,False,379.7,357.8,18.7
case2_0042,bangkok_tou,2025,6,False,434.7,347.6,20.2
case2_0042,bangkok_tou,2025,7,False,340.7,348.8,15.7
case2_0042,bangkok_tou,2025,8,False,324.3,331.9,16.8
case2_0042,bangkok_tou,2025,9,False,329.1,259.2,17.8
case2_0042,bangkok_tou,2025,10,False,343.2,265.5,17.1
case2_0042,bangkok_tou,2025,11,False,313.8,306.7,16.7
case2_0042,bangkok_tou,2025,12,False,256.1,229.1,21.2
case2_0042,bangkok_tou,2026,1,False,247.8,261.1,20.5
case2_0042,bangkok_tou,2026,2,False,335.8,343.3,22.2
case2_0042,bangkok_tou,2026,3,False,363.2,396.9,18.9
case2_0042,bangkok_tou,2026,4,False,417.6,414.8,21.3
case2_0042,bangkok_tou,2026,5,False,421.1,401.9,18.8
case2_0042,bangkok_tou,2026,6,False,419.8,357.6,20.2
case2_0042,bangkok_tou,2026,7,False,349.5,342.7,14.8
case2_0042,bangkok_tou,2026,8,False,314.3,313.9,16.3
case2_0043,bangkok_tou,2024,3,True,80.1,261.1,12.4
case2_0043,bangkok_tou,2024,4,True,100.1,292.6,13.0
case2_0043,bangkok_tou,2024,5,True,99.7,308.4,12.9
case2_0043,bangkok_tou,2024,6,True,60.5,215.0,14.8
case2_0043,bangkok_tou,2024,7,True,70.5,215.7,15.8
case2_0043,bangkok_tou,2024,8,True,54.2,221.0,15.6
case2_0043,bangkok_tou,2024,9,True,61.3,213.1,11.3
case2_0043,bangkok_tou,2024,10,True,47.3,205.8,13.4
case2_0043,bangkok_tou,2024,11,True,82.1,172.4,14.4
case2_0043,bangkok_tou,2024,12,True,40.0,156.9,12.7
case2_0043,bangkok_tou,2025,1,True,33.2,176.3,12.2
case2_0043,bangkok_tou,2025,2,True,73.7,205.5,12.8
case2_0043,bangkok_tou,2025,3,True,70.5,175.8,15.0
case2_0043,bangkok_tou,2025,4,True,66.7,244.4,15.6
case2_0043,bangkok_tou,2025,5,True,65.1,191.9,14.9
case2_0043,bangkok_tou,2025,6,True,60.5,233.8,11.8
case2_0043,bangkok_tou,2025,7,True,73.4,156.1,13.7
case2_0043,bangkok_tou,2025,8,True,59.3,209.9,13.8
case2_0043,bangkok_tou,2025,9,True,63.7,207.7,12.1
case2_0043,bangkok_tou,2025,10,True,43.5,181.9,12.8
case2_0043,bangkok_tou,2025,11,True,50.9,148.8,13.5
case2_0043,bangkok_tou,2025,12,True,52.2,136.7,9.8
case2_0043,bangkok_tou,2026,1,True,41.4,151.2,12.2
case2_0043,bangkok_tou,2026,2,True,61.1,194.3,13.6
case2_0043,bangkok_tou,2026,3,True,70.3,210.6,15.7
case2_0043,bangkok_tou,2026,4,True,69.4,238.5,15.8
case2_0043,bangkok_tou,2026,5,True,53.4,236.1,15.5
case2_0043,bangkok_tou,2026,6,True,42.2,208.2,14.1
case2_0043,bangkok_tou,2026,7,True,46.3,195.2,13.6
case2_0043,bangkok_tou,2026,8,True,48.6,151.6,12.3
case2_0044,bangkok_tou,2024,3,False,141.4,105.2,18.2
case2_0044,bangkok_tou,2024,4,False,132.8,137.1,21.0
case2_0044,bangkok_tou,2024,5,False,161.7,139.9,19.6
case2_0044,bangkok_tou,2024,6,False,150.6,102.2,19.2
case2_0044,bangkok_tou,2024,7,False,154.5,113.9,21.1
case2_0044,bangkok_tou,2024,8,False,110.1,85.4,21.2
case2_0044,bangkok_tou,2024,9,False,102.3,88.0,19.6
case2_0044,bangkok_tou,2024,10,False,125.5,74.6,15.7
case2_0044,bangkok_tou,2024,11,False,122.7,112.5,17.9
case2_0044,bangkok_tou,2024,12,False,101.8,87.0,15.6
case2_0044,bangkok_tou,2025,1,False,118.1,93.7,17.7
case2_0044,bangkok_tou,2025,2,False,168.4,92.5,18.1
case2_0044,bangkok_tou,2025,3,False,178.8,124.7,16.4
case2_0044,bangkok_tou,2025,4,False,144.3,146.0,19.5
case2_0044,bangkok_tou,2025,5,False,185.6,132.6,21.2
case2_0044,bangkok_tou,2025,6,False,160.3,133.6,25.3
case2_0044,bangkok_tou,2025,7,False,168.4,125.4,17.6
case2_0044,bangkok_tou,2025,8,False,124.9,124.5,21.7
case2_0044,bangkok_tou,2025,9,False,120.9,107.3,18.7
case2_0044,bangkok_tou,2025,10,False,102.2,72.2,19.9
case2_0044,bangkok_tou,2025,11,False,149.0,104.1,19.8
case2_0044,bangkok_tou,2025,12,False,100.1,82.8,16.8
case2_0044,bangkok_tou,2026,1,False,116.4,97.2,19.9
case2_0044,bangkok_tou,2026,2,False,164.2,111.4,19.3
case2_0044,bangkok_tou,2026,3,False,160.8,124.0,18.6
case2_0044,bangkok_tou,2026,4,False,180.9,148.2,19.8
case2_0044,bangkok_tou,2026,5,False,172.8,141.7,17.6
case2_0044,bangkok_tou,2026,6,False,142.0,145.3,20.2
case2_0044,bangkok_tou,2026,7,False,157.3,124.4,19.2
case2_0044,bangkok_tou,2026,8,False,149.7,112.6,17.6
case2_0045,bangkok_tou,2024,3,True,370.3,529.2,20.5
case2_0045,bangkok_tou,2024,4,True,367.5,701.8,22.8
case2_0045,bangkok_tou,2024,5,True,268.0,548.7,22.9
case2_0045,bangkok_tou,2024,6,True,265.9,546.3,19.8
case2_0045,bangkok_tou,2024,7,True,274.0,491.8,19.4
case2_0045,bangkok_tou,2024,8,True,350.6,530.5,17.2
case2_0045,bangkok_tou,2024,9,True,298.4,464.8,16.2
case2_0045,bangkok_tou,2024,10,True,251.2,487.4,19.2
case2_0045,bangkok_tou,2024,11,True,196.3,489.4,20.4
case2_0045,bangkok_tou,2024,12,True,189.1,354.2,17.4
case2_0045,bangkok_tou,2025,1,True,202.7,463.9,14.8
case2_0045,bangkok_tou,2025,2,True,273.7,461.2,19.4
case2_0045,bangkok_tou,2025,3,True,314.3,558.3,20.3
case2_0045,bangkok_tou,2025,4,True,384.3,610.5,22.5
case2_0045,bangkok_tou,2025,5,True,301.4,657.4,20.5
case2_0045,bangkok_tou,2025,6,True,308.4,560.6,19.0
case2_0045,bangkok_tou,2025,7,True,259.3,578.7,18.5
case2_0045,bangkok_tou,2025,8,True,377.5,591.4,18.2
case2_0045,bangkok_tou,2025,9,True,252.7,705.8,19.1
case2_0045,bangkok_tou,2025,10,True,304.7,533.5,18.9
case2_0045,bangkok_tou,2025,11,True,291.0,608.0,19.4
case2_0045,bangkok_tou,2025,12,True,255.4,454.0,16.7
case2_0045,bangkok_tou,2026,1,True,230.8,506.8,15.4
case2_0045,bangkok_tou,2026,2,True,266.5,528.2,19.3
case2_0045,bangkok_tou,2026,3,True,368.9,630.6,16.0
case2_0045,bangkok_tou,2026,4,True,442.5,630.4,18.5
case2_0045,bangkok_tou,2026,5,True,303.5,776.8,20.6
case2_0045,bangkok_tou,2026,6,True,410.1,654.6,19.1
case2_0045,bangkok_tou,2026,7,True,265.5,720.1,17.5
case2_0045,bangkok_tou,2026,8,True,300.9,657.9,17.9
case2_0046,bangkok_tou,2024,3,False,241.7,216.3,9.3
case2_0046,bangkok_tou,2024,4,False,323.4,210.6,10.4
case2_0046,bangkok_tou,2024,5,False,338.0,192.1,10.9
case2_0046,bangkok_tou,2024,6,False,283.6,198.4,8.5
case2_0046,bangkok_tou,2024,7,False,286.1,163.6,9.2
case2_0046,bangkok_tou,2024,8,False,237.8,198.3,9.2
case2_0046,bangkok_tou,2024,9,False,310.0,232.3,8.4
case2_0046,bangkok_tou,2024,10,False,313.2,193.3,8.6
case2_0046,bangkok_tou,2024,11,False,252.2,193.1,7.3
case2_0046,bangkok_tou,2024,12,False,221.8,105.0,6.6
case2_0046,bangkok_tou,2025,1,False,220.5,132.2,8.2
case2_0046,bangkok_tou,2025,2,False,249.6,189.1,8.6
case2_0046,bangkok_tou,2025,3,False,356.9,229.6,9.2
case2_0046,bangkok_tou,2025,4,False,353.9,238.9,8.4
case2_0046,bangkok_tou,2025,5,False,287.9,267.1,10.2
case2_0046,bangkok_tou,2025,6,False,348.8,238.7,9.8
case2_0046,bangkok_tou,2025,7,False,295.2,222.4,8.5
case2_0046,bangkok_tou,2025,8,False,352.7,195.6,8.0
case2_0046,bangkok_tou,2025,9,False,285.1,199.8,7.2
case2_0046,bangkok_tou,2025,10,False,245.7,216.4,8.2
case2_0046,bangkok_tou,2025,11,False,278.1,185.5,8.3
case2_0046,bangkok_tou,2025,12,False,244.7,171.6,7.0
case2_0046,bangkok_tou,2026,1,False,238.9,159.1,7.5
case2_0046,bangkok_tou,2026,2,False,325.2,200.4,9.7
case2_0046,bangkok_tou,2026,3,False,318.9,222.7,8.0
case2_0046,bangkok_tou,2026,4,False,335.2,294.5,9.4
case2_0046,bangkok_tou,2026,5,False,338.1,217.4,9.2
case2_0046,bangkok_tou,2026,6,False,344.0,263.6,9.7
case2_0046,bangkok_tou,2026,7,False,281.1,210.3,7.5
case2_0046,bangkok_tou,2026,8,False,263.4,233.2,8.1
case2_0047,bangkok_tou,2024,3,False,375.8,288.8,16.0
case2_0047,bangkok_tou,2024,4,False,467.1,257.7,16.1
case2_0047,bangkok_tou,2024,5,False,415.4,235.9,17.0
case2_0047,bangkok_tou,2024,6,False,312.1,270.1,15.6
case2_0047,bangkok_tou,2024,7,False,343.9,223.0,14.2
case2_0047,bangkok_tou,2024,8,False,309.5,226.1,15.4
case2_0047,bangkok_tou,2024,9,False,347.1,208.3,15.4
case2_0047,bangkok_tou,2024,10,False,294.0,197.0,14.2
case2_0047,bangkok_tou,2024,11,False,254.2,187.2,19.3
case2_0047,bangkok_tou,2024,12,False,252.5,140.0,14.8
case2_0047,bangkok_tou,2025,1,False,233.6,194.4,15.9
case2_0047,bangkok_tou,2025,2,False,208.6,195.2,17.4
case2_0047,bangkok_tou,2025,3,False,305.9,194.4,16.8
case2_0047,bangkok_tou,2025,4,False,336.9,234.3,17.7
case2_0047,bangkok_tou,2025,5,False,329.7,270.8,19.3
case2_0047,bangkok_tou,2025,6,False,305.6,239.6,18.4
case2_0047,bangkok_tou,2025,7,False,378.9,232.2,17.9
case2_0047,bangkok_tou,2025,8,False,301.5,225.7,17.1
case2_0047,bangkok_tou,2025,9,False,294.2,144.6,15.2
case2_0047,bangkok_tou,2025,10,False,224.3,181.2,16.9
case2_0047,bangkok_tou,2025,11,False,281.7,163.1,17.2
case2_0047,bangkok_tou,2025,12,False,235.1,160.3,14.1
case2_0047,bangkok_tou,2026,1,False,223.4,201.7,13.8
case2_0047,bangkok_tou,2026,2,False,296.3,222.6,17.0
case2_0047,bangkok_tou,2026,3,False,306.3,266.2,15.3
case2_0047,bangkok_tou,2026,4,False,385.6,224.8,20.2
case2_0047,bangkok_tou,2026,5,False,408.7,232.3,20.1
case2_0047,bangkok_tou,2026,6,False,336.9,210.7,15.3
case2_0047,bangkok_tou,2026,7,False,339.6,228.2,16.9
case2_0047,bangkok_tou,2026,8,False,280.9,272.8,17.5
case2_0048,bangkok_tou,2024,3,True,255.6,435.5,9.9
case2_0048,bangkok_tou,2024,4,True,200.8,430.2,10.0
case2_0048,bangkok_tou,2024,5,True,172.6,451.5,10.5
case2_0048,bangkok_tou,2024,6,True,172.2,311.9,9.8
case2_0048,bangkok_tou,2024,7,True,170.9,331.0,8.6
case2_0048,bangkok_tou,2024,8,True,172.3,350.0,7.8
case2_0048,bangkok_tou,2024,9,True,262.7,338.8,8.9
case2_0048,bangkok_tou,2024,10,True,189.0,330.1,8.4
case2_0048,bangkok_tou,2024,11,True,153.8,324.9,10.1
case2_0048,bangkok_tou,2024,12,True,113.5,213.0,8.6
case2_0048,bangkok_tou,2025,1,True,154.4,243.9,8.4
case2_0048,bangkok_tou,2025,2,True,190.3,356.3,9.5
case2_0048,bangkok_tou,2025,3,True,249.8,401.9,10.0
case2_0048,bangkok_tou,2025,4,True,187.8,472.1,9.0
case2_0048,bangkok_tou,2025,5,True,291.9,516.5,8.4
case2_0048,bangkok_tou,2025,6,True,167.3,364.6,8.4
case2_0048,bangkok_tou,2025,7,True,195.8,360.4,8.5
case2_0048,bangkok_tou,2025,8,True,195.4,396.4,8.5
case2_0048,bangkok_tou,2025,9,True,148.8,346.2,8.4
case2_0048,bangkok_tou,2025,10,True,163.6,310.7,7.4
case2_0048,bangkok_tou,2025,11,True,141.4,314.7,7.4
case2_0048,bangkok_tou,2025,12,True,141.1,246.1,7.8
case2_0048,bangkok_tou,2026,1,True,144.0,296.3,7.5
case2_0048,bangkok_tou,2026,2,True,173.5,419.1,8.5
case2_0048,bangkok_tou,2026,3,True,234.2,490.0,10.1
case2_0048,bangkok_tou,2026,4,True,257.8,524.5,10.2
case2_0048,bangkok_tou,2026,5,True,277.2,413.7,8.9
case2_0048,bangkok_tou,2026,6,True,191.9,435.3,11.4
case2_0048,bangkok_tou,2026,7,True,148.9,556.8,9.2
case2_0048,bangkok_tou,2026,8,True,178.5,408.1,8.7
case2_0049,bangkok_tou,2024,3,False,246.8,147.8,14.1
case2_0049,bangkok_tou,2024,4,False,282.1,170.2,13.2
case2_0049,bangkok_tou,2024,5,False,258.5,160.7,13.7
case2_0049,bangkok_tou,2024,6,False,191.4,131.6,12.9
case2_0049,bangkok_tou,2024,7,False,226.0,115.3,10.5
case2_0049,bangkok_tou,2024,8,False,204.4,133.3,13.3
case2_0049,bangkok_tou,2024,9,False,237.5,102.5,11.7
case2_0049,bangkok_tou,2024,10,False,210.6,101.9,10.8
case2_0049,bangkok_tou,2024,11,False,168.7,108.2,12.6
case2_0049,bangkok_tou,2024,12,False,139.4,106.3,12.4
case2_0049,bangkok_tou,2025,1,False,137.3,94.0,12.7
case2_0049,bangkok_tou,2025,2,False,189.0,93.9,13.3
case2_0049,bangkok_tou,2025,3,False,230.5,157.7,15.1
case2_0049,bangkok_tou,2025,4,False,194.7,116.8,12.4
case2_0049,bangkok_tou,2025,5,False,209.7,157.8,13.9
case2_0049,bangkok_tou,2025,6,False,217.7,125.5,14.6
case2_0049,bangkok_tou,2025,7,False,205.8,144.3,10.4
case2_0049,bangkok_tou,2025,8,False,297.7,101.3,12.3
case2_0049,bangkok_tou,2025,9,False,221.7,126.7,11.2
case2_0049,bangkok_tou,2025,10,False,210.5,122.3,11.3
case2_0049,bangkok_tou,2025,11,False,217.0,111.4,12.1
case2_0049,bangkok_tou,2025,12,False,152.6,66.8,12.7
case2_0049,bangkok_tou,2026,1,False,167.5,105.4,14.2
case2_0049,bangkok_tou,2026,2,False,206.7,117.6,11.4
case2_0049,bangkok_tou,2026,3,False,194.0,141.4,10.3
case2_0049,bangkok_tou,2026,4,False,338.6,156.6,16.1
case2_0049,bangkok_tou,2026,5,False,256.9,171.1,14.1
case2_0049,bangkok_tou,2026,6,False,227.4,98.4,13.8
case2_0049,bangkok_tou,2026,7,False,217.9,101.0,15.1
case2_0049,bangkok_tou,2026,8,False,186.2,140.3,15.0
case2_0050,bangkok_tou,2024,3,False,204.0,135.8,14.2
case2_0050,bangkok_tou,2024,4,False,272.2,230.6,17.8
case2_0050,bangkok_tou,2024,5,False,233.8,175.8,16.7
case2_0050,bangkok_tou,2024,6,False,240.7,125.5,16.5
case2_0050,bangkok_tou,2024,7,False,231.5,159.7,16.6
case2_0050,bangkok_tou,2024,8,False,163.2,107.6,16.8
case2_0050,bangkok_tou,2024,9,False,146.5,117.2,15.4
case2_0050,bangkok_tou,2024,10,False,160.8,119.1,15.9
case2_0050,bangkok_tou,2024,11,False,186.3,142.6,17.1
case2_0050,bangkok_tou,2024,12,False,172.3,111.1,16.8
case2_0050,bangkok_tou,2025,1,False,186.4,99.7,13.4
case2_0050,bangkok_tou,2025,2,False,197.3,121.3,15.0
case2_0050,bangkok_tou,2025,3,False,175.2,121.4,17.9
case2_0050,bangkok_tou,2025,4,False,220.0,166.6,21.6
case2_0050,bangkok_tou,2025,5,False,183.8,177.6,18.5
case2_0050,bangkok_tou,2025,6,False,210.4,120.0,16.6
case2_0050,bangkok_tou,2025,7,False,218.8,128.7,13.5
case2_0050,bangkok_tou,2025,8,False,199.3,209.2,15.7
case2_0050,bangkok_tou,2025,9,False,194.6,124.8,16.7
case2_0050,bangkok_tou,2025,10,False,138.6,116.3,17.8
case2_0050,bangkok_tou,2025,11,False,177.6,111.7,16.9
case2_0050,bangkok_tou,2025,12,False,148.7,99.7,17.5
case2_0050,bangkok_tou,2026,1,False,147.2,96.4,16.7
case2_0050,bangkok_tou,2026,2,False,154.0,110.6,18.5
case2_0050,bangkok_tou,2026,3,False,181.5,133.3,20.0
case2_0050,bangkok_tou,2026,4,False,216.8,152.2,18.5
case2_0050,bangkok_tou,2026,5,False,251.3,175.5,18.5
case2_0050,bangkok_tou,2026,6,False,224.1,136.1,12.4
case2_0050,bangkok_tou,2026,7,False,178.8,138.6,15.0
case2_0050,bangkok_tou,2026,8,False,138.2,142.7,14.6
case2_0051,bangkok_tou,2024,3,False,458.7,231.0,29.7
case2_0051,bangkok_tou,2024,4,False,495.9,262.7,28.1
case2_0051,bangkok_tou,2024,5,False,369.6,222.3,29.7
case2_0051,bangkok_tou,2024,6,False,355.6,220.4,26.8
case2_0051,bangkok_tou,2024,7,False,381.3,226.1,27.3
case2_0051,bangkok_tou,2024,8,False,314.6,209.3,29.9
case2_0051,bangkok_tou,2024,9,False,342.4,151.3,28.6
case2_0051,bangkok_tou,2024,10,False,352.5,163.2,32.2
case2_0051,bangkok_tou,2024,11,False,317.7,166.8,29.2
case2_0051,bangkok_tou,2024,12,False,262.0,141.8,26.4
case2_0051,bangkok_tou,2025,1,False,337.0,148.8,29.5
case2_0051,bangkok_tou,2025,2,False,331.9,166.5,29.6
case2_0051,bangkok_tou,2025,3,False,389.1,174.6,29.3
case2_0051,bangkok_tou,2025,4,False,430.1,191.5,29.9
case2_0051,bangkok_tou,2025,5,False,424.9,268.3,23.5
case2_0051,bangkok_tou,2025,6,False,378.6,212.4,24.8
case2_0051,bangkok_tou,2025,7,False,397.1,221.2,30.3
case2_0051,bangkok_tou,2025,8,False,362.9,233.0,31.3
case2_0051,bangkok_tou,2025,9,False,331.3,204.9,30.0
case2_0051,bangkok_tou,2025,10,False,344.0,199.3,23.9
case2_0051,bangkok_tou,2025,11,False,324.1,94.7,32.2
case2_0051,bangkok_tou,2025,12,False,237.6,123.5,19.6
case2_0051,bangkok_tou,2026,1,False,288.4,193.8,28.8
case2_0051,bangkok_tou,2026,2,False,405.1,211.7,26.5
case2_0051,bangkok_tou,2026,3,False,346.6,185.2,33.1
case2_0051,bangkok_tou,2026,4,False,435.3,292.1,28.7
case2_0051,bangkok_tou,2026,5,False,373.0,227.0,28.9
case2_0051,bangkok_tou,2026,6,False,347.7,240.4,30.8
case2_0051,bangkok_tou,2026,7,False,342.9,162.3,30.0
case2_0051,bangkok_tou,2026,8,False,324.7,216.7,29.0
case2_0052,bangkok_tou,2024,3,True,98.2,279.8,8.2
case2_0052,bangkok_tou,2024,4,True,116.5,307.9,8.6
case2_0052,bangkok_tou,2024,5,True,110.9,233.5,8.8
case2_0052,bangkok_tou,2024,6,True,85.6,222.4,8.6
case2_0052,bangkok_tou,2024,7,True,74.0,202.6,7.4
case2_0052,bangkok_tou,2024,8,True,75.0,319.4,5.9
case2_0052,bangkok_tou,2024,9,True,81.4,214.2,6.8
case2_0052,bangkok_tou,2024,10,True,70.9,250.5,6.6
case2_0052,bangkok_tou,2024,11,True,83.3,212.2,7.3
case2_0052,bangkok_tou,2024,12,True,66.1,157.5,5.8
case2_0052,bangkok_tou,2025,1,True,68.4,169.1,7.8
case2_0052,bangkok_tou,2025,2,True,79.2,207.2,5.9
case2_0052,bangkok_tou,2025,3,True,104.6,226.2,7.8
case2_0052,bangkok_tou,2025,4,True,122.2,274.7,8.3
case2_0052,bangkok_tou,2025,5,True,87.0,253.5,8.1
case2_0052,bangkok_tou,2025,6,True,76.9,241.2,6.9
case2_0052,bangkok_tou,2025,7,True,91.1,213.3,6.4
case2_0052,bangkok_tou,2025,8,True,115.4,242.5,6.3
case2_0052,bangkok_tou,2025,9,True,87.6,188.8,7.3
case2_0052,bangkok_tou,2025,10,True,94.1,233.2,7.7
case2_0052,bangkok_tou,2025,11,True,113.8,208.8,6.4
case2_0052,bangkok_tou,2025,12,True,94.0,158.3,6.7
case2_0052,bangkok_tou,2026,1,True,55.8,165.8,7.1
case2_0052,bangkok_tou,2026,2,True,81.0,188.0,7.0
case2_0052,bangkok_tou,2026,3,True,114.1,243.1,6.7
case2_0052,bangkok_tou,2026,4,True,118.2,306.4,7.0
case2_0052,bangkok_tou,2026,5,True,130.7,243.9,7.5
case2_0052,bangkok_tou,2026,6,True,87.8,245.5,5.9
case2_0052,bangkok_tou,2026,7,True,79.0,171.6,6.9
case2_0052,bangkok_tou,2026,8,True,100.4,184.7,6.0
case2_0053,bangkok_tou,2024,3,False,257.3,276.4,12.6
case2_0053,bangkok_tou,2024,4,False,281.0,293.6,14.7
case2_0053,bangkok_tou,2024,5,False,367.5,271.1,13.4
case2_0053,bangkok_tou,2024,6,False,321.2,214.1,14.0
case2_0053,bangkok_tou,2024,7,False,256.5,234.9,11.8
case2_0053,bangkok_tou,2024,8,False,271.5,257.3,12.0
case2_0053,bangkok_tou,2024,9,False,297.6,221.5,10.6
case2_0053,bangkok_tou,2024,10,False,254.9,180.0,12.6
case2_0053,bangkok_tou,2024,11,False,231.7,218.8,16.3
case2_0053,bangkok_tou,2024,12,False,191.4,168.8,12.6
case2_0053,bangkok_tou,2025,1,False,249.7,205.2,10.8
case2_0053,bangkok_tou,2025,2,False,261.9,211.2,13.7
case2_0053,bangkok_tou,2025,3,False,289.4,229.7,13.9
case2_0053,bangkok_tou,2025,4,False,367.9,277.1,15.6
case2_0053,bangkok_tou,2025,5,False,381.1,287.9,12.5
case2_0053,bangkok_tou,2025,6,False,404.6,321.7,14.6
case2_0053,bangkok_tou,2025,7,False,309.3,318.8,15.3
case2_0053,bangkok_tou,2025,8,False,324.7,314.2,12.6
case2_0053,bangkok_tou,2025,9,False,235.9,249.7,13.6
case2_0053,bangkok_tou,2025,10,False,265.4,268.1,11.2
case2_0053,bangkok_tou,2025,11,False,296.7,254.8,14.7
case2_0053,bangkok_tou,2025,12,False,334.1,260.6,11.3
case2_0053,bangkok_tou,2026,1,False,254.0,289.8,10.7
case2_0053,bangkok_tou,2026,2,False,316.1,364.2,12.6
case2_0053,bangkok_tou,2026,3,False,339.3,351.4,14.7
case2_0053,bangkok_tou,2026,4,False,371.8,372.3,13.9
case2_0053,bangkok_tou,2026,5,False,352.2,379.2,15.8
case2_0053,bangkok_tou,2026,6,False,384.9,277.7,16.4
case2_0053,bangkok_tou,2026,7,False,350.8,336.8,12.0
case2_0053,bangkok_tou,2026,8,False,334.1,276.2,15.1
case2_0054,bangkok_tou,2024,3,False,248.1,173.5,17.5
case2_0054,bangkok_tou,2024,4,False,217.4,187.4,19.3
case2_0054,bangkok_tou,2024,5,False,305.8,118.6,16.8
case2_0054,bangkok_tou,2024,6,False,323.6,193.1,19.2
case2_0054,bangkok_tou,2024,7,False,308.8,111.7,17.8
case2_0054,bangkok_tou,2024,8,False,285.4,187.9,18.2
case2_0054,bangkok_tou,2024,9,False,253.8,132.2,18.2
case2_0054,bangkok_tou,2024,10,False,226.8,122.0,20.7
case2_0054,bangkok_tou,2024,11,False,197.0,111.7,17.1
case2_0054,bangkok_tou,2024,12,False,141.0,116.3,17.7
case2_0054,bangkok_tou,2025,1,False,190.9,100.1,13.5
case2_0054,bangkok_tou,2025,2,False,235.5,114.6,18.0
case2_0054,bangkok_tou,2025,3,False,210.5,162.4,20.6
case2_0054,bangkok_tou,2025,4,False,325.6,186.7,20.0
case2_0054,bangkok_tou,2025,5,False,328.3,202.8,18.7
case2_0054,bangkok_tou,2025,6,False,247.0,166.2,15.6
case2_0054,bangkok_tou,2025,7,False,284.0,108.6,19.0
case2_0054,bangkok_tou,2025,8,False,322.3,119.6,17.3
case2_0054,bangkok_tou,2025,9,False,231.2,174.2,20.4
case2_0054,bangkok_tou,2025,10,False,229.2,104.7,18.4
case2_0054,bangkok_tou,2025,11,False,178.9,139.9,16.7
case2_0054,bangkok_tou,2025,12,False,157.9,101.8,17.5
case2_0054,bangkok_tou,2026,1,False,198.3,108.9,14.7
case2_0054,bangkok_tou,2026,2,False,255.2,148.8,15.2
case2_0054,bangkok_tou,2026,3,False,246.0,129.8,15.9
case2_0054,bangkok_tou,2026,4,False,345.8,215.4,17.2
case2_0054,bangkok_tou,2026,5,False,260.9,167.9,19.7
case2_0054,bangkok_tou,2026,6,False,217.3,164.1,18.8
case2_0054,bangkok_tou,2026,7,False,191.6,114.0,21.3
case2_0054,bangkok_tou,2026,8,False,211.8,104.8,20.9
case2_0055,bangkok_tou,2024,3,True,87.8,200.3,19.1
case2_0055,bangkok_tou,2024,4,True,79.7,232.4,19.9
case2_0055,bangkok_tou,2024,5,True,63.8,169.1,21.3
case2_0055,bangkok_tou,2024,6,True,80.0,160.8,21.1
case2_0055,bangkok_tou,2024,7,True,68.0,170.8,19.0
case2_0055,bangkok_tou,2024,8,True,67.2,161.4,16.8
case2_0055,bangkok_tou,2024,9,True,59.4,201.3,13.9
case2_0055,bangkok_tou,2024,10,True,46.7,169.2,15.1
case2_0055,bangkok_tou,2024,11,True,66.5,166.2,19.2
case2_0055,bangkok_tou,2024,12,True,65.5,119.4,16.4
case2_0055,bangkok_tou,2025,1,True,66.4,126.0,15.1
case2_0055,bangkok_tou,2025,2,True,70.2,163.5,17.2
case2_0055,bangkok_tou,2025,3,True,65.9,185.4,19.4
case2_0055,bangkok_tou,2025,4,True,87.1,229.6,20.0
case2_0055,bangkok_tou,2025,5,True,74.8,203.7,19.2
case2_0055,bangkok_tou,2025,6,True,87.3,149.9,14.4
case2_0055,bangkok_tou,2025,7,True,55.9,124.8,16.3
case2_0055,bangkok_tou,2025,8,True,72.3,158.7,18.7
case2_0055,bangkok_tou,2025,9,True,54.4,134.3,20.4
case2_0055,bangkok_tou,2025,10,True,62.3,131.0,15.4
case2_0055,bangkok_tou,2025,11,True,56.9,159.1,13.7
case2_0055,bangkok_tou,2025,12,True,52.5,108.0,13.7
case2_0055,bangkok_tou,2026,1,True,54.5,112.9,17.6
case2_0055,bangkok_tou,2026,2,True,54.6,149.9,18.4
case2_0055,bangkok_tou,2026,3,True,62.7,182.1,16.9
case2_0055,bangkok_tou,2026,4,True,95.2,233.6,17.7
case2_0055,bangkok_tou,2026,5,True,93.6,210.6,17.3
case2_0055,bangkok_tou,2026,6,True,56.2,156.7,15.3
case2_0055,bangkok_tou,2026,7,True,58.8,116.8,14.4
case2_0055,bangkok_tou,2026,8,True,53.2,166.4,17.4
case2_0056,bangkok_tou,2024,3,True,168.5,438.8,22.6
case2_0056,bangkok_tou,2024,4,True,198.8,552.7,24.2
case2_0056,bangkok_tou,2024,5,True,222.7,461.1,21.0
case2_0056,bangkok_tou,2024,6,True,216.8,547.7,20.0
case2_0056,bangkok_tou,2024,7,True,178.2,580.2,20.5
case2_0056,bangkok_tou,2024,8,True,198.5,405.1,17.4
case2_0056,bangkok_tou,2024,9,True,209.4,474.7,16.8
case2_0056,bangkok_tou,2024,10,True,175.1,481.3,18.5
case2_0056,bangkok_tou,2024,11,True,168.2,472.4,18.4
case2_0056,bangkok_tou,2024,12,True,131.5,323.2,16.2
case2_0056,bangkok_tou,2025,1,True,180.8,375.3,17.4
case2_0056,bangkok_tou,2025,2,True,209.0,467.8,19.4
case2_0056,bangkok_tou,2025,3,True,187.7,457.7,16.1
case2_0056,bangkok_tou,2025,4,True,214.0,770.1,20.6
case2_0056,bangkok_tou,2025,5,True,218.2,606.5,19.4
case2_0056,bangkok_tou,2025,6,True,224.7,538.3,23.4
case2_0056,bangkok_tou,2025,7,True,203.6,590.8,20.7
case2_0056,bangkok_tou,2025,8,True,325.8,581.9,19.2
case2_0056,bangkok_tou,2025,9,True,202.0,674.8,19.6
case2_0056,bangkok_tou,2025,10,True,170.8,514.9,19.6
case2_0056,bangkok_tou,2025,11,True,212.8,484.5,18.1
case2_0056,bangkok_tou,2025,12,True,187.8,409.2,16.0
case2_0056,bangkok_tou,2026,1,True,226.7,448.1,17.9
case2_0056,bangkok_tou,2026,2,True,284.1,581.5,18.3
case2_0056,bangkok_tou,2026,3,True,230.9,574.2,20.4
case2_0056,bangkok_tou,2026,4,True,410.2,641.5,20.1
case2_0056,bangkok_tou,2026,5,True,218.5,856.2,20.0
case2_0056,bangkok_tou,2026,6,True,235.3,669.7,18.7
case2_0056,bangkok_tou,2026,7,True,158.4,675.6,17.8
case2_0056,bangkok_tou,2026,8,True,297.4,720.1,15.7
case2_0057,bangkok_tou,2024,3,False,167.2,94.6,11.3
case2_0057,bangkok_tou,2024,4,False,168.7,123.5,11.3
case2_0057,bangkok_tou,2024,5,False,150.4,109.0,9.3
case2_0057,bangkok_tou,2024,6,False,161.1,117.6,9.5
case2_0057,bangkok_tou,2024,7,False,158.4,107.7,10.4
case2_0057,bangkok_tou,2024,8,False,139.9,125.0,10.2
case2_0057,bangkok_tou,2024,9,False,130.6,107.1,10.2
case2_0057,bangkok_tou,2024,10,False,147.8,79.5,9.7
case2_0057,bangkok_tou,2024,11,False,130.7,80.9,9.2
case2_0057,bangkok_tou,2024,12,False,141.0,67.9,9.6
case2_0057,bangkok_tou,2025,1,False,100.1,90.4,10.8
case2_0057,bangkok_tou,2025,2,False,115.5,98.1,9.8
case2_0057,bangkok_tou,2025,3,False,165.5,120.2,10.7
case2_0057,bangkok_tou,2025,4,False,177.5,137.4,11.6
case2_0057,bangkok_tou,2025,5,False,166.3,123.9,12.0
case2_0057,bangkok_tou,2025,6,False,171.2,100.3,10.2
case2_0057,bangkok_tou,2025,7,False,134.7,112.8,11.6
case2_0057,bangkok_tou,2025,8,False,141.3,123.5,10.4
case2_0057,bangkok_tou,2025,9,False,121.0,94.1,9.5
case2_0057,bangkok_tou,2025,10,False,119.3,99.1,9.5
case2_0057,bangkok_tou,2025,11,False,124.7,101.9,10.5
case2_0057,bangkok_tou,2025,12,False,105.4,102.9,10.5
case2_0057,bangkok_tou,2026,1,False,103.7,61.1,12.0
case2_0057,bangkok_tou,2026,2,False,147.8,81.5,12.1
case2_0057,bangkok_tou,2026,3,False,161.5,131.4,11.8
case2_0057,bangkok_tou,2026,4,False,146.5,135.4,10.9
case2_0057,bangkok_tou,2026,5,False,182.7,114.0,10.3
case2_0057,bangkok_tou,2026,6,False,149.8,125.6,11.5
case2_0057,bangkok_tou,2026,7,False,120.0,103.5,10.3
case2_0057,bangkok_tou,2026,8,False,151.7,85.2,10.3
case2_0058,bangkok_tou,2024,3,True,105.0,421.8,13.5
case2_0058,bangkok_tou,2024,4,True,126.8,465.8,15.8
case2_0058,bangkok_tou,2024,5,True,184.6,459.3,13.5
case2_0058,bangkok_tou,2024,6,True,111.8,392.4,13.4
case2_0058,bangkok_tou,2024,7,True,94.5,423.7,16.0
case2_0058,bangkok_tou,2024,8,True,98.9,414.7,15.6
case2_0058,bangkok_tou,2024,9,True,83.5,349.0,13.8
case2_0058,bangkok_tou,2024,10,True,152.2,323.5,13.7
case2_0058,bangkok_tou,2024,11,True,89.1,347.0,14.5
case2_0058,bangkok_tou,2024,12,True,88.0,238.4,15.0
case2_0058,bangkok_tou,2025,1,True,96.9,282.4,12.7
case2_0058,bangkok_tou,2025,2,True,88.4,295.3,13.5
case2_0058,bangkok_tou,2025,3,True,108.1,395.2,14.9
case2_0058,bangkok_tou,2025,4,True,115.5,386.5,16.7
case2_0058,bangkok_tou,2025,5,True,117.1,449.4,15.2
case2_0058,bangkok_tou,2025,6,True,103.2,396.1,16.7
case2_0058,bangkok_tou,2025,7,True,91.3,335.5,15.1
case2_0058,bangkok_tou,2025,8,True,113.1,299.2,13.8
case2_0058,bangkok_tou,2025,9,True,92.3,366.5,15.9
case2_0058,bangkok_tou,2025,10,True,54.8,289.8,18.0
case2_0058,bangkok_tou,2025,11,True,101.2,351.3,12.6
case2_0058,bangkok_tou,2025,12,True,85.8,242.4,14.6
case2_0058,bangkok_tou,2026,1,True,76.9,260.1,13.8
case2_0058,bangkok_tou,2026,2,True,96.8,369.7,15.3
case2_0058,bangkok_tou,2026,3,True,87.3,475.1,16.5
case2_0058,bangkok_tou,2026,4,True,157.4,394.0,16.2
case2_0058,bangkok_tou,2026,5,True,135.9,405.7,19.4
case2_0058,bangkok_tou,2026,6,True,129.0,392.4,16.0
case2_0058,bangkok_tou,2026,7,True,109.3,371.6,15.2
case2_0058,bangkok_tou,2026,8,True,105.9,300.5,15.3
case2_0059,bangkok_tou,2024,3,True,110.3,325.5,11.7
case2_0059,bangkok_tou,2024,4,True,125.6,403.8,13.2
case2_0059,bangkok_tou,2024,5,True,121.9,432.8,14.2
case2_0059,bangkok_tou,2024,6,True,121.8,370.2,13.2
case2_0059,bangkok_tou,2024,7,True,111.1,424.9,11.1
case2_0059,bangkok_tou,2024,8,True,132.0,318.6,11.8
case2_0059,bangkok_tou,2024,9,True,102.2,350.5,11.5
case2_0059,bangkok_tou,2024,10,True,86.7,323.7,13.7
case2_0059,bangkok_tou,2024,11,True,105.3,315.4,15.0
case2_0059,bangkok_tou,2024,12,True,98.1,239.6,12.1
case2_0059,bangkok_tou,2025,1,True,107.9,248.9,12.4
case2_0059,bangkok_tou,2025,2,True,113.2,245.4,13.8
case2_0059,bangkok_tou,2025,3,True,130.3,284.1,10.9
case2_0059,bangkok_tou,2025,4,True,102.6,417.5,14.8
case2_0059,bangkok_tou,2025,5,True,131.8,417.5,13.6
case2_0059,bangkok_tou,2025,6,True,118.0,371.8,13.9
case2_0059,bangkok_tou,2025,7,True,150.0,351.8,11.1
case2_0059,bangkok_tou,2025,8,True,104.6,324.7,11.3
case2_0059,bangkok_tou,2025,9,True,86.3,287.4,12.4
case2_0059,bangkok_tou,2025,10,True,120.9,274.6,13.0
case2_0059,bangkok_tou,2025,11,True,92.4,323.1,11.5
case2_0059,bangkok_tou,2025,12,True,60.5,253.0,10.7
case2_0059,bangkok_tou,2026,1,True,89.3,227.9,11.7
case2_0059,bangkok_tou,2026,2,True,91.3,282.5,13.2
case2_0059,bangkok_tou,2026,3,True,115.4,343.3,14.8
case2_0059,bangkok_tou,2026,4,True,120.4,384.3,14.3
case2_0059,bangkok_tou,2026,5,True,130.5,371.1,14.4
case2_0059,bangkok_tou,2026,6,True,94.5,338.7,13.2
case2_0059,bangkok_tou,2026,7,True,115.5,332.6,12.3
case2_0059,bangkok_tou,2026,8,True,109.9,341.9,12.9
case2_0060,bangkok_tou,2024,3,False,524.3,277.6,23.7
case2_0060,bangkok_tou,2024,4,False,610.2,226.8,25.7
case2_0060,bangkok_tou,2024,5,False,665.9,206.3,22.7
case2_0060,bangkok_tou,2024,6,False,426.5,268.9,22.8
case2_0060,bangkok_tou,2024,7,False,569.8,291.9,20.9
case2_0060,bangkok_tou,2024,8,False,498.9,352.5,23.2
case2_0060,bangkok_tou,2024,9,False,532.1,256.0,20.0
case2_0060,bangkok_tou,2024,10,False,376.6,286.0,22.1
case2_0060,bangkok_tou,2024,11,False,328.2,191.4,23.7
case2_0060,bangkok_tou,2024,12,False,244.0,209.0,18.1
case2_0060,bangkok_tou,2025,1,False,328.9,182.8,19.5
case2_0060,bangkok_tou,2025,2,False,357.4,177.6,24.7
case2_0060,bangkok_tou,2025,3,False,427.0,268.9,27.1
case2_0060,bangkok_tou,2025,4,False,519.5,342.2,22.1
case2_0060,bangkok_tou,2025,5,False,530.9,339.2,23.7
case2_0060,bangkok_tou,2025,6,False,477.4,350.0,21.0
case2_0060,bangkok_tou,2025,7,False,475.0,250.0,24.8
case2_0060,bangkok_tou,2025,8,False,443.1,291.1,25.4
case2_0060,bangkok_tou,2025,9,False,392.8,310.5,20.6
case2_0060,bangkok_tou,2025,10,False,527.4,254.8,24.8
case2_0060,bangkok_tou,2025,11,False,413.8,234.5,22.3
case2_0060,bangkok_tou,2025,12,False,344.8,216.7,19.0
case2_0060,bangkok_tou,2026,1,False,378.8,251.2,21.0
case2_0060,bangkok_tou,2026,2,False,386.4,270.8,24.0
case2_0060,bangkok_tou,2026,3,False,464.8,291.6,23.4
case2_0060,bangkok_tou,2026,4,False,664.1,447.3,29.9
case2_0060,bangkok_tou,2026,5,False,616.1,294.6,19.8
case2_0060,bangkok_tou,2026,6,False,523.8,257.7,22.6
case2_0060,bangkok_tou,2026,7,False,398.3,228.6,23.8
case2_0060,bangkok_tou,2026,8,False,520.5,242.7,18.3
case2_0061,bangkok_tou,2024,3,False,183.9,95.4,15.2
case2_0061,bangkok_tou,2024,4,False,198.4,132.3,15.5
case2_0061,bangkok_tou,2024,5,False,241.4,136.1,15.5
case2_0061,bangkok_tou,2024,6,False,176.6,126.6,14.6
case2_0061,bangkok_tou,2024,7,False,184.1,101.2,15.5
case2_0061,bangkok_tou,2024,8,False,156.5,116.7,16.4
case2_0061,bangkok_tou,2024,9,False,149.3,109.9,15.3
case2_0061,bangkok_tou,2024,10,False,141.3,91.8,13.8
case2_0061,bangkok_tou,2024,11,False,151.7,71.6,14.0
case2_0061,bangkok_tou,2024,12,False,120.1,56.1,15.3
case2_0061,bangkok_tou,2025,1,False,116.2,61.3,13.5
case2_0061,bangkok_tou,2025,2,False,152.7,86.4,15.3
case2_0061,bangkok_tou,2025,3,False,193.5,96.3,14.9
case2_0061,bangkok_tou,2025,4,False,160.4,139.3,13.8
case2_0061,bangkok_tou,2025,5,False,215.9,132.2,15.5
case2_0061,bangkok_tou,2025,6,False,190.9,96.8,16.1
case2_0061,bangkok_tou,2025,7,False,159.4,95.6,17.2
case2_0061,bangkok_tou,2025,8,False,143.5,92.5,17.2
case2_0061,bangkok_tou,2025,9,False,156.7,94.8,18.4
case2_0061,bangkok_tou,2025,10,False,163.9,80.0,17.5
case2_0061,bangkok_tou,2025,11,False,164.9,91.8,15.3
case2_0061,bangkok_tou,2025,12,False,126.6,64.9,13.4
case2_0061,bangkok_tou,2026,1,False,116.0,66.8,12.8
case2_0061,bangkok_tou,2026,2,False,165.4,86.2,12.9
case2_0061,bangkok_tou,2026,3,False,181.2,119.0,16.4
case2_0061,bangkok_tou,2026,4,False,232.3,120.6,14.5
case2_0061,bangkok_tou,2026,5,False,155.8,120.8,13.7
case2_0061,bangkok_tou,2026,6,False,207.9,130.0,14.8
case2_0061,bangkok_tou,2026,7,False,172.0,156.4,15.3
case2_0061,bangkok_tou,2026,8,False,149.3,121.6,11.6
case2_0062,bangkok_tou,2024,3,True,57.6,300.3,16.5
case2_0062,bangkok_tou,2024,4,True,45.0,345.2,15.7
case2_0062,bangkok_tou,2024,5,True,100.4,282.6,14.8
case2_0062,bangkok_tou,2024,6,True,111.0,260.1,17.5
case2_0062,bangkok_tou,2024,7,True,93.7,210.0,15.8
case2_0062,bangkok_tou,2024,8,True,79.8,243.8,12.6
case2_0062,bangkok_tou,2024,9,True,58.3,267.9,13.6
case2_0062,bangkok_tou,2024,10,True,74.4,214.8,13.3
case2_0062,bangkok_tou,2024,11,True,56.1,195.2,15.7
case2_0062,bangkok_tou,2024,12,True,64.3,184.2,12.6
case2_0062,bangkok_tou,2025,1,True,62.0,190.9,14.2
case2_0062,bangkok_tou,2025,2,True,70.3,222.8,17.6
case2_0062,bangkok_tou,2025,3,True,66.0,232.4,15.9
case2_0062,bangkok_tou,2025,4,True,97.0,274.8,16.7
case2_0062,bangkok_tou,2025,5,True,75.4,309.5,16.7
case2_0062,bangkok_tou,2025,6,True,87.1,289.9,16.7
case2_0062,bangkok_tou,2025,7,True,63.8,304.9,14.9
case2_0062,bangkok_tou,2025,8,True,84.8,228.6,14.4
case2_0062,bangkok_tou,2025,9,True,84.5,215.9,11.7
case2_0062,bangkok_tou,2025,10,True,63.7,218.7,13.9
case2_0062,bangkok_tou,2025,11,True,61.8,238.6,14.4
case2_0062,bangkok_tou,2025,12,True,47.6,191.8,10.5
case2_0062,bangkok_tou,2026,1,True,47.8,210.4,12.4
case2_0062,bangkok_tou,2026,2,True,50.5,239.7,14.3
case2_0062,bangkok_tou,2026,3,True,74.1,214.0,12.7
case2_0062,bangkok_tou,2026,4,True,108.3,280.2,15.2
case2_0062,bangkok_tou,2026,5,True,76.4,234.4,16.7
case2_0062,bangkok_tou,2026,6,True,53.3,171.2,17.5
case2_0062,bangkok_tou,2026,7,True,46.5,189.9,15.5
case2_0062,bangkok_tou,2026,8,True,70.5,180.3,15.0
case2_0063,bangkok_tou,2024,3,False,232.8,182.0,16.7
case2_0063,bangkok_tou,2024,4,False,252.0,206.2,19.9
case2_0063,bangkok_tou,2024,5,False,202.0,203.8,16.7
case2_0063,bangkok_tou,2024,6,False,228.9,235.5,17.1
case2_0063,bangkok_tou,2024,7,False,239.3,200.1,18.6
case2_0063,bangkok_tou,2024,8,False,230.9,213.9,16.9
case2_0063,bangkok_tou,2024,9,False,185.2,195.0,15.3
case2_0063,bangkok_tou,2024,10,False,206.8,189.3,17.4
case2_0063,bangkok_tou,2024,11,False,190.5,128.7,17.6
case2_0063,bangkok_tou,2024,12,False,157.1,150.8,16.5
case2_0063,bangkok_tou,2025,1,False,146.5,154.8,15.7
case2_0063,bangkok_tou,2025,2,False,186.1,179.9,15.4
case2_0063,bangkok_tou,2025,3,False,241.1,206.9,17.8
case2_0063,bangkok_tou,2025,4,False,303.3,276.6,16.8
case2_0063,bangkok_tou,2025,5,False,215.6,185.2,16.7
case2_0063,bangkok_tou,2025,6,False,224.2,193.0,16.9
case2_0063,bangkok_tou,2025,7,False,240.6,222.5,16.5
case2_0063,bangkok_tou,2025,8,False,218.9,207.5,15.9
case2_0063,bangkok_tou,2025,9,False,235.3,182.1,14.4
case2_0063,bangkok_tou,2025,10,False,177.8,164.2,15.5
case2_0063,bangkok_tou,2025,11,False,175.0,159.0,16.3
case2_0063,bangkok_tou,2025,12,False,186.6,144.3,13.6
case2_0063,bangkok_tou,2026,1,False,136.6,157.8,15.2
case2_0063,bangkok_tou,2026,2,False,216.2,199.2,16.1
case2_0063,bangkok_tou,2026,3,False,215.6,225.1,17.3
case2_0063,bangkok_tou,2026,4,False,279.0,253.7,16.8
case2_0063,bangkok_tou,2026,5,False,226.0,258.8,16.6
case2_0063,bangkok_tou,2026,6,False,206.2,208.0,19.5
case2_0063,bangkok_tou,2026,7,False,186.7,205.1,16.3
case2_0063,bangkok_tou,2026,8,False,204.4,185.0,16.1
case2_0064,bangkok_tou,2024,3,False,300.9,222.1,8.6
case2_0064,bangkok_tou,2024,4,False,302.2,219.6,9.5
case2_0064,bangkok_tou,2024,5,False,295.5,277.4,10.5
case2_0064,bangkok_tou,2024,6,False,312.2,249.0,11.3
case2_0064,bangkok_tou,2024,7,False,321.2,263.3,8.7
case2_0064,bangkok_tou,2024,8,False,282.6,225.1,7.7
case2_0064,bangkok_tou,2024,9,False,295.5,199.3,8.2
case2_0064,bangkok_tou,2024,10,False,218.9,164.6,8.9
case2_0064,bangkok_tou,2024,11,False,215.2,193.7,9.2
case2_0064,bangkok_tou,2024,12,False,206.2,149.9,7.9
case2_0064,bangkok_tou,2025,1,False,194.4,140.1,8.7
case2_0064,bangkok_tou,2025,2,False,243.8,157.6,7.4
case2_0064,bangkok_tou,2025,3,False,353.6,184.9,9.5
case2_0064,bangkok_tou,2025,4,False,392.1,234.6,11.4
case2_0064,bangkok_tou,2025,5,False,375.0,265.8,8.9
case2_0064,bangkok_tou,2025,6,False,309.2,262.8,9.0
case2_0064,bangkok_tou,2025,7,False,288.9,249.6,8.9
case2_0064,bangkok_tou,2025,8,False,291.2,235.4,10.6
case2_0064,bangkok_tou,2025,9,False,315.9,215.4,9.9
case2_0064,bangkok_tou,2025,10,False,336.3,181.8,8.7
case2_0064,bangkok_tou,2025,11,False,276.2,202.5,9.3
case2_0064,bangkok_tou,2025,12,False,204.1,138.5,9.7
case2_0064,bangkok_tou,2026,1,False,224.0,128.6,9.4
case2_0064,bangkok_tou,2026,2,False,288.0,205.0,6.5
case2_0064,bangkok_tou,2026,3,False,266.5,248.0,7.7
case2_0064,bangkok_tou,2026,4,False,345.8,255.6,8.3
case2_0064,bangkok_tou,2026,5,False,339.0,243.1,7.7
case2_0064,bangkok_tou,2026,6,False,265.0,235.4,7.2
case2_0064,bangkok_tou,2026,7,False,299.8,241.9,7.9
case2_0064,bangkok_tou,2026,8,False,317.4,187.2,6.9
case2_0065,bangkok_tou,2024,3,False,360.7,313.4,19.1
case2_0065,bangkok_tou,2024,4,False,432.1,340.0,22.8
case2_0065,bangkok_tou,2024,5,False,372.7,451.6,18.3
case2_0065,bangkok_tou,2024,6,False,402.1,281.8,18.4
case2_0065,bangkok_tou,2024,7,False,373.2,299.3,20.2
case2_0065,bangkok_tou,2024,8,False,337.4,222.0,20.1
case2_0065,bangkok_tou,2024,9,False,329.4,192.5,19.9
case2_0065,bangkok_tou,2024,10,False,356.0,255.3,16.2
case2_0065,bangkok_tou,2024,11,False,290.0,247.6,14.3
case2_0065,bangkok_tou,2024,12,False,346.4,195.8,16.7
case2_0065,bangkok_tou,2025,1,False,259.9,211.1,17.3
case2_0065,bangkok_tou,2025,2,False,272.5,171.9,17.2
case2_0065,bangkok_tou,2025,3,False,296.7,237.1,20.7
case2_0065,bangkok_tou,2025,4,False,414.3,251.5,19.8
case2_0065,bangkok_tou,2025,5,False,383.3,311.6,20.3
case2_0065,bangkok_tou,2025,6,False,337.9,180.9,20.7
case2_0065,bangkok_tou,2025,7,False,324.9,275.2,22.4
case2_0065,bangkok_tou,2025,8,False,336.3,249.5,21.7
case2_0065,bangkok_tou,2025,9,False,324.2,202.1,20.8
case2_0065,bangkok_tou,2025,10,False,467.5,318.1,18.7
case2_0065,bangkok_tou,2025,11,False,386.3,319.6,20.6
case2_0065,bangkok_tou,2025,12,False,321.5,242.1,14.3
case2_0065,bangkok_tou,2026,1,False,291.2,170.2,15.1
case2_0065,bangkok_tou,2026,2,False,442.7,336.9,18.2
case2_0065,bangkok_tou,2026,3,False,482.1,322.6,20.6
case2_0065,bangkok_tou,2026,4,False,587.2,362.2,20.3
case2_0065,bangkok_tou,2026,5,False,481.9,395.4,23.6
case2_0065,bangkok_tou,2026,6,False,438.3,347.3,22.0
case2_0065,bangkok_tou,2026,7,False,516.4,261.2,21.6
case2_0065,bangkok_tou,2026,8,False,320.3,318.1,20.4
case2_0066,bangkok_tou,2024,3,False,270.1,210.8,12.7
case2_0066,bangkok_tou,2024,4,False,302.8,282.0,8.8
case2_0066,bangkok_tou,2024,5,False,261.8,302.9,8.8
case2_0066,bangkok_tou,2024,6,False,330.2,251.9,10.9
case2_0066,bangkok_tou,2024,7,False,311.4,266.2,10.9
case2_0066,bangkok_tou,2024,8,False,315.7,264.9,9.6
case2_0066,bangkok_tou,2024,9,False,297.1,259.9,12.1
case2_0066,bangkok_tou,2024,10,False,248.9,243.1,9.5
case2_0066,bangkok_tou,2024,11,False,238.3,217.6,9.9
case2_0066,bangkok_tou,2024,12,False,195.7,151.0,8.6
case2_0066,bangkok_tou,2025,1,False,193.2,154.7,9.0
case2_0066,bangkok_tou,2025,2,False,193.9,171.3,10.1
case2_0066,bangkok_tou,2025,3,False,265.6,221.0,9.8
case2_0066,bangkok_tou,2025,4,False,285.5,280.6,10.6
case2_0066,bangkok_tou,2025,5,False,258.1,275.3,11.0
case2_0066,bangkok_tou,2025,6,False,201.1,268.8,11.3
case2_0066,bangkok_tou,2025,7,False,251.1,246.8,9.9
case2_0066,bangkok_tou,2025,8,False,306.9,215.1,10.0
case2_0066,bangkok_tou,2025,9,False,240.5,260.0,11.6
case2_0066,bangkok_tou,2025,10,False,300.0,224.7,12.5
case2_0066,bangkok_tou,2025,11,False,216.7,177.4,8.4
case2_0066,bangkok_tou,2025,12,False,199.9,206.4,8.3
case2_0066,bangkok_tou,2026,1,False,236.1,206.7,9.4
case2_0066,bangkok_tou,2026,2,False,269.4,228.7,10.2
case2_0066,bangkok_tou,2026,3,False,331.2,209.1,8.7
case2_0066,bangkok_tou,2026,4,False,273.4,229.2,9.6
case2_0066,bangkok_tou,2026,5,False,315.0,265.9,11.2
case2_0066,bangkok_tou,2026,6,False,316.4,255.2,13.9
case2_0066,bangkok_tou,2026,7,False,265.3,226.0,12.3
case2_0066,bangkok_tou,2026,8,False,286.6,214.6,11.7
case2_0067,bangkok_tou,2024,3,False,285.6,205.3,13.5
case2_0067,bangkok_tou,2024,4,False,219.4,211.8,16.5
case2_0067,bangkok_tou,2024,5,False,262.4,248.9,16.1
case2_0067,bangkok_tou,2024,6,False,270.8,220.4,15.1
case2_0067,bangkok_tou,2024,7,False,259.0,229.5,15.0
case2_0067,bangkok_tou,2024,8,False,224.6,187.1,14.6
case2_0067,bangkok_tou,2024,9,False,197.7,191.2,17.6
case2_0067,bangkok_tou,2024,10,False,230.3,191.3,16.6
case2_0067,bangkok_tou,2024,11,False,206.4,147.6,16.5
case2_0067,bangkok_tou,2024,12,False,128.0,127.3,17.5
case2_0067,bangkok_tou,2025,1,False,162.6,140.8,15.7
case2_0067,bangkok_tou,2025,2,False,182.1,178.9,17.0
case2_0067,bangkok_tou,2025,3,False,270.0,177.3,16.1
case2_0067,bangkok_tou,2025,4,False,238.9,220.8,18.4
case2_0067,bangkok_tou,2025,5,False,220.1,230.4,22.1
case2_0067,bangkok_tou,2025,6,False,263.4,186.8,19.9
case2_0067,bangkok_tou,2025,7,False,225.9,192.9,17.2
case2_0067,bangkok_tou,2025,8,False,225.0,171.6,16.5
case2_0067,bangkok_tou,2025,9,False,143.4,151.3,16.5
case2_0067,bangkok_tou,2025,10,False,180.6,123.8,18.0
case2_0067,bangkok_tou,2025,11,False,174.4,123.6,16.1
case2_0067,bangkok_tou,2025,12,False,191.7,166.7,16.2
case2_0067,bangkok_tou,2026,1,False,186.1,132.2,16.5
case2_0067,bangkok_tou,2026,2,False,199.5,148.3,19.1
case2_0067,bangkok_tou,2026,3,False,219.7,221.6,18.2
case2_0067,bangkok_tou,2026,4,False,251.0,160.8,22.4
case2_0067,bangkok_tou,2026,5,False,257.8,200.9,21.1
case2_0067,bangkok_tou,2026,6,False,225.0,253.6,17.4
case2_0067,bangkok_tou,2026,7,False,225.3,222.6,16.0
case2_0067,bangkok_tou,2026,8,False,223.9,149.1,16.3
case2_0068,bangkok_tou,2024,3,False,478.3,331.7,13.4
case2_0068,bangkok_tou,2024,4,False,568.7,314.7,11.6
case2_0068,bangkok_tou,2024,5,False,572.7,236.7,13.9
case2_0068,bangkok_tou,2024,6,False,453.8,267.6,13.0
case2_0068,bangkok_tou,2024,7,False,480.7,267.3,12.2
case2_0068,bangkok_tou,2024,8,False,382.8,222.8,12.8
case2_0068,bangkok_tou,2024,9,False,407.8,234.5,10.8
case2_0068,bangkok_tou,2024,10,False,319.5,169.5,10.3
case2_0068,bangkok_tou,2024,11,False,323.0,199.8,10.3
case2_0068,bangkok_tou,2024,12,False,319.1,175.0,8.6
case2_0068,bangkok_tou,2025,1,False,372.6,224.4,9.5
case2_0068,bangkok_tou,2025,2,False,380.9,185.6,10.1
case2_0068,bangkok_tou,2025,3,False,513.4,212.5,10.4
case2_0068,bangkok_tou,2025,4,False,519.6,333.4,9.6
case2_0068,bangkok_tou,2025,5,False,587.7,246.0,10.4
case2_0068,bangkok_tou,2025,6,False,448.3,284.2,10.3
case2_0068,bangkok_tou,2025,7,False,522.4,247.2,10.2
case2_0068,bangkok_tou,2025,8,False,429.5,234.3,10.5
case2_0068,bangkok_tou,2025,9,False,478.6,201.6,9.8
case2_0068,bangkok_tou,2025,10,False,433.6,179.1,9.8
case2_0068,bangkok_tou,2025,11,False,384.2,203.9,10.2
case2_0068,bangkok_tou,2025,12,False,354.2,196.9,10.1
case2_0068,bangkok_tou,2026,1,False,404.9,159.7,11.4
case2_0068,bangkok_tou,2026,2,False,429.5,218.8,9.5
case2_0068,bangkok_tou,2026,3,False,575.3,258.4,10.2
case2_0068,bangkok_tou,2026,4,False,676.2,218.8,11.0
case2_0068,bangkok_tou,2026,5,False,517.4,244.0,9.3
case2_0068,bangkok_tou,2026,6,False,439.3,228.9,8.0
case2_0068,bangkok_tou,2026,7,False,424.6,244.9,7.5
case2_0068,bangkok_tou,2026,8,False,488.7,224.8,8.6
case2_0069,bangkok_tou,2024,3,True,422.8,975.3,28.4
case2_0069,bangkok_tou,2024,4,True,263.1,925.9,26.0
case2_0069,bangkok_tou,2024,5,True,285.3,1044.8,29.7
case2_0069,bangkok_tou,2024,6,True,390.3,823.7,18.8
case2_0069,bangkok_tou,2024,7,True,376.4,833.6,20.6
case2_0069,bangkok_tou,2024,8,True,224.3,818.8,15.8
case2_0069,bangkok_tou,2024,9,True,242.2,802.4,17.7
case2_0069,bangkok_tou,2024,10,True,201.0,740.8,23.3
case2_0069,bangkok_tou,2024,11,True,213.9,723.0,22.8
case2_0069,bangkok_tou,2024,12,True,214.9,579.2,21.0
case2_0069,bangkok_tou,2025,1,True,222.3,604.9,21.1
case2_0069,bangkok_tou,2025,2,True,283.4,668.6,20.8
case2_0069,bangkok_tou,2025,3,True,239.6,765.6,20.2
case2_0069,bangkok_tou,2025,4,True,342.6,1027.0,26.4
case2_0069,bangkok_tou,2025,5,True,271.8,1167.5,24.7
case2_0069,bangkok_tou,2025,6,True,319.3,749.7,19.5
case2_0069,bangkok_tou,2025,7,True,204.1,716.0,19.3
case2_0069,bangkok_tou,2025,8,True,236.5,950.4,19.1
case2_0069,bangkok_tou,2025,9,True,237.0,663.3,22.2
case2_0069,bangkok_tou,2025,10,True,244.4,701.3,22.6
case2_0069,bangkok_tou,2025,11,True,225.9,586.0,22.0
case2_0069,bangkok_tou,2025,12,True,239.4,617.9,19.9
case2_0069,bangkok_tou,2026,1,True,201.3,654.4,18.6
case2_0069,bangkok_tou,2026,2,True,305.1,561.2,19.1
case2_0069,bangkok_tou,2026,3,True,394.7,850.5,21.3
case2_0069,bangkok_tou,2026,4,True,240.2,1279.7,24.0
case2_0069,bangkok_tou,2026,5,True,371.7,956.4,23.0
case2_0069,bangkok_tou,2026,6,True,354.7,924.0,22.5
case2_0069,bangkok_tou,2026,7,True,311.3,780.2,20.4
case2_0069,bangkok_tou,2026,8,True,194.0,787.0,22.1
case2_0070,bangkok_tou,2024,3,False,148.6,132.5,15.0
case2_0070,bangkok_tou,2024,4,False,128.7,106.1,19.8
case2_0070,bangkok_tou,2024,5,False,128.4,134.9,16.4
case2_0070,bangkok_tou,2024,6,False,118.2,121.1,17.1
case2_0070,bangkok_tou,2024,7,False,96.2,116.3,14.6
case2_0070,bangkok_tou,2024,8,False,123.9,101.9,15.1
case2_0070,bangkok_tou,2024,9,False,125.7,87.1,14.1
case2_0070,bangkok_tou,2024,10,False,120.8,97.1,15.8
case2_0070,bangkok_tou,2024,11,False,88.6,78.3,15.8
case2_0070,bangkok_tou,2024,12,False,85.0,81.5,13.9
case2_0070,bangkok_tou,2025,1,False,104.5,85.6,16.2
case2_0070,bangkok_tou,2025,2,False,116.3,102.1,16.6
case2_0070,bangkok_tou,2025,3,False,109.4,118.4,16.6
case2_0070,bangkok_tou,2025,4,False,155.4,122.5,19.6
case2_0070,bangkok_tou,2025,5,False,152.9,135.3,16.9
case2_0070,bangkok_tou,2025,6,False,142.9,143.8,19.1
case2_0070,bangkok_tou,2025,7,False,110.4,111.3,14.9
case2_0070,bangkok_tou,2025,8,False,113.7,106.2,15.7
case2_0070,bangkok_tou,2025,9,False,114.1,92.2,17.1
case2_0070,bangkok_tou,2025,10,False,95.3,99.1,14.1
case2_0070,bangkok_tou,2025,11,False,102.7,87.2,16.6
case2_0070,bangkok_tou,2025,12,False,101.8,74.0,12.4
case2_0070,bangkok_tou,2026,1,False,110.9,98.4,14.8
case2_0070,bangkok_tou,2026,2,False,126.4,84.5,16.5
case2_0070,bangkok_tou,2026,3,False,115.0,134.7,17.6
case2_0070,bangkok_tou,2026,4,False,147.4,133.1,17.3
case2_0070,bangkok_tou,2026,5,False,112.4,152.1,17.2
case2_0070,bangkok_tou,2026,6,False,112.3,88.5,16.2
case2_0070,bangkok_tou,2026,7,False,114.6,78.1,13.5
case2_0070,bangkok_tou,2026,8,False,113.1,96.3,16.0
case2_0071,bangkok_tou,2024,3,True,91.4,358.0,30.6
case2_0071,bangkok_tou,2024,4,True,133.1,364.5,27.6
case2_0071,bangkok_tou,2024,5,True,132.1,412.4,29.2
case2_0071,bangkok_tou,2024,6,True,106.2,336.3,30.1
case2_0071,bangkok_tou,2024,7,True,109.3,327.4,30.7
case2_0071,bangkok_tou,2024,8,True,73.9,332.4,30.4
case2_0071,bangkok_tou,2024,9,True,100.3,319.4,30.5
case2_0071,bangkok_tou,2024,10,True,80.0,336.1,30.6
case2_0071,bangkok_tou,2024,11,True,136.4,272.6,25.3
case2_0071,bangkok_tou,2024,12,True,93.5,228.1,29.5
case2_0071,bangkok_tou,2025,1,True,70.4,195.7,22.8
case2_0071,bangkok_tou,2025,2,True,79.5,309.3,28.7
case2_0071,bangkok_tou,2025,3,True,107.9,365.1,27.3
case2_0071,bangkok_tou,2025,4,True,131.6,457.7,30.2
case2_0071,bangkok_tou,2025,5,True,114.0,460.4,27.5
case2_0071,bangkok_tou,2025,6,True,132.3,362.9,30.9
case2_0071,bangkok_tou,2025,7,True,81.8,372.9,26.7
case2_0071,bangkok_tou,2025,8,True,133.9,360.3,27.0
case2_0071,bangkok_tou,2025,9,True,83.4,368.3,30.1
case2_0071,bangkok_tou,2025,10,True,71.3,337.9,24.8
case2_0071,bangkok_tou,2025,11,True,100.0,321.7,28.8
case2_0071,bangkok_tou,2025,12,True,94.3,240.2,26.2
case2_0071,bangkok_tou,2026,1,True,75.0,261.8,25.8
case2_0071,bangkok_tou,2026,2,True,137.6,294.6,25.3
case2_0071,bangkok_tou,2026,3,True,141.9,359.0,32.1
case2_0071,bangkok_tou,2026,4,True,122.4,525.3,35.6
case2_0071,bangkok_tou,2026,5,True,114.8,392.6,34.0
case2_0071,bangkok_tou,2026,6,True,106.3,301.4,26.2
case2_0071,bangkok_tou,2026,7,True,120.7,352.1,29.1
case2_0071,bangkok_tou,2026,8,True,99.2,327.9,28.1
case2_0072,bangkok_tou,2024,3,False,429.0,255.0,7.4
case2_0072,bangkok_tou,2024,4,False,455.4,282.9,8.1
case2_0072,bangkok_tou,2024,5,False,428.1,206.1,7.7
case2_0072,bangkok_tou,2024,6,False,317.4,188.6,8.1
case2_0072,bangkok_tou,2024,7,False,380.0,214.1,7.2
case2_0072,bangkok_tou,2024,8,False,372.8,225.7,5.9
case2_0072,bangkok_tou,2024,9,False,394.0,187.3,5.8
case2_0072,bangkok_tou,2024,10,False,353.2,209.4,6.6
case2_0072,bangkok_tou,2024,11,False,324.2,205.9,6.8
case2_0072,bangkok_tou,2024,12,False,281.1,128.9,6.5
case2_0072,bangkok_tou,2025,1,False,256.6,137.9,7.1
case2_0072,bangkok_tou,2025,2,False,298.9,180.7,7.2
case2_0072,bangkok_tou,2025,3,False,388.0,198.6,7.1
case2_0072,bangkok_tou,2025,4,False,374.2,242.5,7.8
case2_0072,bangkok_tou,2025,5,False,421.1,286.4,7.9
case2_0072,bangkok_tou,2025,6,False,437.4,233.6,7.6
case2_0072,bangkok_tou,2025,7,False,442.5,215.0,7.1
case2_0072,bangkok_tou,2025,8,False,376.9,226.8,7.3
case2_0072,bangkok_tou,2025,9,False,348.0,184.0,7.2
case2_0072,bangkok_tou,2025,10,False,351.6,184.3,7.5
case2_0072,bangkok_tou,2025,11,False,318.4,199.7,7.6
case2_0072,bangkok_tou,2025,12,False,268.7,178.1,6.5
case2_0072,bangkok_tou,2026,1,False,220.8,207.3,6.0
case2_0072,bangkok_tou,2026,2,False,282.4,200.1,7.0
case2_0072,bangkok_tou,2026,3,False,392.8,203.7,7.3
case2_0072,bangkok_tou,2026,4,False,386.8,226.0,6.8
case2_0072,bangkok_tou,2026,5,False,417.6,255.2,7.9
case2_0072,bangkok_tou,2026,6,False,406.9,263.0,7.4
case2_0072,bangkok_tou,2026,7,False,360.2,245.2,7.6
case2_0072,bangkok_tou,2026,8,False,350.5,190.1,8.5
case2_0073,bangkok_tou,2024,3,False,302.2,254.2,22.1
case2_0073,bangkok_tou,2024,4,False,319.2,323.3,28.0
case2_0073,bangkok_tou,2024,5,False,334.0,223.5,25.7
case2_0073,bangkok_tou,2024,6,False,310.0,205.6,24.3
case2_0073,bangkok_tou,2024,7,False,267.9,227.5,23.0
case2_0073,bangkok_tou,2024,8,False,259.8,238.8,24.1
case2_0073,bangkok_tou,2024,9,False,339.8,177.0,23.9
case2_0073,bangkok_tou,2024,10,False,239.9,176.6,23.5
case2_0073,bangkok_tou,2024,11,False,238.3,150.2,25.7
case2_0073,bangkok_tou,2024,12,False,217.6,152.0,22.8
case2_0073,bangkok_tou,2025,1,False,195.3,105.8,18.6
case2_0073,bangkok_tou,2025,2,False,233.8,183.2,21.7
case2_0073,bangkok_tou,2025,3,False,236.3,209.3,21.7
case2_0073,bangkok_tou,2025,4,False,328.0,304.3,24.9
case2_0073,bangkok_tou,2025,5,False,319.0,242.7,30.4
case2_0073,bangkok_tou,2025,6,False,250.3,196.6,24.0
case2_0073,bangkok_tou,2025,7,False,243.5,143.8,24.3
case2_0073,bangkok_tou,2025,8,False,192.4,176.6,22.6
case2_0073,bangkok_tou,2025,9,False,191.2,170.4,22.7
case2_0073,bangkok_tou,2025,10,False,236.3,157.9,24.1
case2_0073,bangkok_tou,2025,11,False,260.0,148.7,25.4
case2_0073,bangkok_tou,2025,12,False,182.2,155.0,22.5
case2_0073,bangkok_tou,2026,1,False,215.7,160.0,23.1
case2_0073,bangkok_tou,2026,2,False,236.2,165.5,26.0
case2_0073,bangkok_tou,2026,3,False,253.3,220.8,25.8
case2_0073,bangkok_tou,2026,4,False,326.0,214.7,31.8
case2_0073,bangkok_tou,2026,5,False,297.4,219.6,31.8
case2_0073,bangkok_tou,2026,6,False,260.6,228.7,30.7
case2_0073,bangkok_tou,2026,7,False,271.0,204.7,27.0
case2_0073,bangkok_tou,2026,8,False,199.7,168.7,27.9
case2_0074,bangkok_tou,2024,3,True,241.8,686.5,21.0
case2_0074,bangkok_tou,2024,4,True,361.2,705.7,19.4
case2_0074,bangkok_tou,2024,5,True,370.9,642.3,19.6
case2_0074,bangkok_tou,2024,6,True,263.2,537.6,23.4
case2_0074,bangkok_tou,2024,7,True,307.4,689.4,22.9
case2_0074,bangkok_tou,2024,8,True,365.6,650.0,23.6
case2_0074,bangkok_tou,2024,9,True,202.0,527.7,23.1
case2_0074,bangkok_tou,2024,10,True,279.9,472.0,23.1
case2_0074,bangkok_tou,2024,11,True,278.0,442.2,23.2
case2_0074,bangkok_tou,2024,12,True,178.3,333.4,21.4
case2_0074,bangkok_tou,2025,1,True,195.1,389.8,20.4
case2_0074,bangkok_tou,2025,2,True,186.5,400.9,18.5
case2_0074,bangkok_tou,2025,3,True,381.3,698.7,23.5
case2_0074,bangkok_tou,2025,4,True,334.0,828.5,23.2
case2_0074,bangkok_tou,2025,5,True,437.9,615.6,22.5
case2_0074,bangkok_tou,2025,6,True,308.7,646.3,19.4
case2_0074,bangkok_tou,2025,7,True,353.1,607.8,24.3
case2_0074,bangkok_tou,2025,8,True,376.7,561.5,20.7
case2_0074,bangkok_tou,2025,9,True,233.7,603.1,17.9
case2_0074,bangkok_tou,2025,10,True,322.6,538.5,21.0
case2_0074,bangkok_tou,2025,11,True,208.8,442.3,21.5
case2_0074,bangkok_tou,2025,12,True,178.1,282.0,18.4
case2_0074,bangkok_tou,2026,1,True,180.7,412.7,21.1
case2_0074,bangkok_tou,2026,2,True,284.0,447.1,18.5
case2_0074,bangkok_tou,2026,3,True,252.4,611.3,20.2
case2_0074,bangkok_tou,2026,4,True,389.8,728.3,20.1
case2_0074,bangkok_tou,2026,5,True,299.8,682.0,23.2
case2_0074,bangkok_tou,2026,6,True,327.2,630.1,18.9
case2_0074,bangkok_tou,2026,7,True,305.5,656.3,22.8
case2_0074,bangkok_tou,2026,8,True,273.0,636.1,23.0
case2_0075,bangkok_tou,2024,3,True,63.9,234.5,18.0
case2_0075,bangkok_tou,2024,4,True,86.7,291.3,18.1
case2_0075,bangkok_tou,2024,5,True,142.7,305.2,17.1
case2_0075,bangkok_tou,2024,6,True,102.8,293.8,15.9
case2_0075,bangkok_tou,2024,7,True,85.2,276.5,18.6
case2_0075,bangkok_tou,2024,8,True,81.3,249.6,17.7
case2_0075,bangkok_tou,2024,9,True,111.5,304.3,15.2
case2_0075,bangkok_tou,2024,10,True,90.0,281.1,16.1
case2_0075,bangkok_tou,2024,11,True,97.2,226.5,17.9
case2_0075,bangkok_tou,2024,12,True,65.5,163.9,20.1
case2_0075,bangkok_tou,2025,1,True,87.2,206.8,15.0
case2_0075,bangkok_tou,2025,2,True,98.9,229.5,13.1
case2_0075,bangkok_tou,2025,3,True,90.7,322.9,17.8
case2_0075,bangkok_tou,2025,4,True,109.5,288.0,18.5
case2_0075,bangkok_tou,2025,5,True,61.3,238.6,15.6
case2_0075,bangkok_tou,2025,6,True,121.0,254.1,18.3
case2_0075,bangkok_tou,2025,7,True,112.7,293.4,16.8
case2_0075,bangkok_tou,2025,8,True,90.6,283.7,18.3
case2_0075,bangkok_tou,2025,9,True,103.3,239.7,18.1
case2_0075,bangkok_tou,2025,10,True,57.9,278.6,17.7
case2_0075,bangkok_tou,2025,11,True,80.9,227.8,15.4
case2_0075,bangkok_tou,2025,12,True,60.1,208.7,14.4
case2_0075,bangkok_tou,2026,1,True,79.7,231.1,19.1
case2_0075,bangkok_tou,2026,2,True,72.6,272.2,19.3
case2_0075,bangkok_tou,2026,3,True,91.1,319.8,16.5
case2_0075,bangkok_tou,2026,4,True,125.8,354.6,16.3
case2_0075,bangkok_tou,2026,5,True,108.2,334.7,17.2
case2_0075,bangkok_tou,2026,6,True,70.9,275.2,15.6
case2_0075,bangkok_tou,2026,7,True,97.2,298.7,17.3
case2_0075,bangkok_tou,2026,8,True,68.1,312.8,16.3
case2_0076,bangkok_tou,2024,3,True,76.1,247.5,40.0
case2_0076,bangkok_tou,2024,4,True,78.4,267.5,33.9
case2_0076,bangkok_tou,2024,5,True,52.3,238.5,28.7
case2_0076,bangkok_tou,2024,6,True,75.4,211.5,32.3
case2_0076,bangkok_tou,2024,7,True,55.9,229.7,37.0
case2_0076,bangkok_tou,2024,8,True,61.0,206.3,36.1
case2_0076,bangkok_tou,2024,9,True,62.2,199.9,37.1
case2_0076,bangkok_tou,2024,10,True,44.6,202.3,34.3
case2_0076,bangkok_tou,2024,11,True,54.8,190.1,28.3
case2_0076,bangkok_tou,2024,12,True,59.2,138.7,30.5
case2_0076,bangkok_tou,2025,1,True,21.0,159.5,30.2
case2_0076,bangkok_tou,2025,2,True,50.7,237.9,28.0
case2_0076,bangkok_tou,2025,3,True,73.6,275.1,32.2
case2_0076,bangkok_tou,2025,4,True,111.3,255.5,35.4
case2_0076,bangkok_tou,2025,5,True,85.3,274.1,34.8
case2_0076,bangkok_tou,2025,6,True,56.0,245.4,34.0
case2_0076,bangkok_tou,2025,7,True,67.1,208.5,37.1
case2_0076,bangkok_tou,2025,8,True,76.8,212.2,40.1
case2_0076,bangkok_tou,2025,9,True,56.3,244.4,29.7
case2_0076,bangkok_tou,2025,10,True,49.6,194.8,28.8
case2_0076,bangkok_tou,2025,11,True,63.2,178.6,32.1
case2_0076,bangkok_tou,2025,12,True,36.9,180.7,27.9
case2_0076,bangkok_tou,2026,1,True,38.5,171.7,29.7
case2_0076,bangkok_tou,2026,2,True,43.8,199.9,31.6
case2_0076,bangkok_tou,2026,3,True,107.3,230.3,37.6
case2_0076,bangkok_tou,2026,4,True,61.9,302.7,36.7
case2_0076,bangkok_tou,2026,5,True,94.8,248.8,33.3
case2_0076,bangkok_tou,2026,6,True,64.5,237.5,30.8
case2_0076,bangkok_tou,2026,7,True,81.9,261.1,28.0
case2_0076,bangkok_tou,2026,8,True,56.9,213.1,29.4
case2_0077,bangkok_tou,2024,3,True,101.7,660.6,9.7
case2_0077,bangkok_tou,2024,4,True,199.8,597.0,9.7
case2_0077,bangkok_tou,2024,5,True,187.7,597.5,8.7
case2_0077,bangkok_tou,2024,6,True,147.0,562.5,7.8
case2_0077,bangkok_tou,2024,7,True,100.7,453.3,8.1
case2_0077,bangkok_tou,2024,8,True,127.6,347.1,7.8
case2_0077,bangkok_tou,2024,9,True,163.0,454.2,11.1
case2_0077,bangkok_tou,2024,10,True,176.1,450.4,9.9
case2_0077,bangkok_tou,2024,11,True,122.1,463.3,9.0
case2_0077,bangkok_tou,2024,12,True,116.6,344.6,9.0
case2_0077,bangkok_tou,2025,1,True,135.1,352.0,8.9
case2_0077,bangkok_tou,2025,2,True,110.7,504.6,10.3
case2_0077,bangkok_tou,2025,3,True,156.7,463.7,9.0
case2_0077,bangkok_tou,2025,4,True,208.7,479.0,10.3
case2_0077,bangkok_tou,2025,5,True,274.4,524.8,10.5
case2_0077,bangkok_tou,2025,6,True,176.2,489.4,9.8
case2_0077,bangkok_tou,2025,7,True,142.0,513.5,8.1
case2_0077,bangkok_tou,2025,8,True,170.5,461.4,9.9
case2_0077,bangkok_tou,2025,9,True,126.5,485.7,8.9
case2_0077,bangkok_tou,2025,10,True,178.2,479.2,9.7
case2_0077,bangkok_tou,2025,11,True,116.4,444.2,8.2
case2_0077,bangkok_tou,2025,12,True,109.4,347.7,7.7
case2_0077,bangkok_tou,2026,1,True,88.3,371.0,8.2
case2_0077,bangkok_tou,2026,2,True,123.0,435.7,8.4
case2_0077,bangkok_tou,2026,3,True,126.5,442.8,8.0
case2_0077,bangkok_tou,2026,4,True,182.4,610.6,10.3
case2_0077,bangkok_tou,2026,5,True,192.1,485.3,11.0
case2_0077,bangkok_tou,2026,6,True,144.4,611.9,10.4
case2_0077,bangkok_tou,2026,7,True,154.5,407.0,9.2
case2_0077,bangkok_tou,2026,8,True,118.5,397.5,7.8
case2_0078,bangkok_tou,2024,3,True,35.3,121.6,13.9
case2_0078,bangkok_tou,2024,4,True,37.9,139.6,19.5
case2_0078,bangkok_tou,2024,5,True,41.8,123.4,16.6
case2_0078,bangkok_tou,2024,6,True,28.7,130.0,17.3
case2_0078,bangkok_tou,2024,7,True,36.1,104.8,17.0
case2_0078,bangkok_tou,2024,8,True,26.6,115.4,14.9
case2_0078,bangkok_tou,2024,9,True,26.7,94.2,16.8
case2_0078,bangkok_tou,2024,10,True,20.0,78.5,17.6
case2_0078,bangkok_tou,2024,11,True,16.8,118.5,17.5
case2_0078,bangkok_tou,2024,12,True,28.6,77.9,16.9
case2_0078,bangkok_tou,2025,1,True,24.0,82.2,14.6
case2_0078,bangkok_tou,2025,2,True,27.8,85.2,16.2
case2_0078,bangkok_tou,2025,3,True,37.1,94.5,17.1
case2_0078,bangkok_tou,2025,4,True,43.5,111.3,16.3
case2_0078,bangkok_tou,2025,5,True,30.6,119.7,17.3
case2_0078,bangkok_tou,2025,6,True,25.3,79.6,15.8
case2_0078,bangkok_tou,2025,7,True,28.1,84.6,15.8
case2_0078,bangkok_tou,2025,8,True,18.6,73.5,18.4
case2_0078,bangkok_tou,2025,9,True,26.0,78.9,17.3
case2_0078,bangkok_tou,2025,10,True,27.3,79.1,14.4
case2_0078,bangkok_tou,2025,11,True,30.5,59.5,14.9
case2_0078,bangkok_tou,2025,12,True,20.3,52.5,14.3
case2_0078,bangkok_tou,2026,1,True,19.6,74.9,16.9
case2_0078,bangkok_tou,2026,2,True,33.2,85.3,17.1
case2_0078,bangkok_tou,2026,3,True,30.0,96.2,18.0
case2_0078,bangkok_tou,2026,4,True,24.6,101.9,17.5
case2_0078,bangkok_tou,2026,5,True,28.2,119.5,17.3
case2_0078,bangkok_tou,2026,6,True,31.2,104.3,15.2
case2_0078,bangkok_tou,2026,7,True,16.3,98.6,17.9
case2_0078,bangkok_tou,2026,8,True,23.5,90.0,14.4
case2_0079,bangkok_tou,2024,3,False,190.6,148.9,23.5
case2_0079,bangkok_tou,2024,4,False,214.1,192.1,21.0
case2_0079,bangkok_tou,2024,5,False,183.9,138.3,23.8
case2_0079,bangkok_tou,2024,6,False,156.3,126.1,26.3
case2_0079,bangkok_tou,2024,7,False,189.2,124.0,25.4
case2_0079,bangkok_tou,2024,8,False,161.8,148.3,29.1
case2_0079,bangkok_tou,2024,9,False,157.6,138.7,23.0
case2_0079,bangkok_tou,2024,10,False,156.6,120.3,24.0
case2_0079,bangkok_tou,2024,11,False,154.9,131.3,21.7
case2_0079,bangkok_tou,2024,12,False,148.6,140.0,25.2
case2_0079,bangkok_tou,2025,1,False,153.5,111.9,23.9
case2_0079,bangkok_tou,2025,2,False,166.6,146.5,24.7
case2_0079,bangkok_tou,2025,3,False,165.7,152.0,26.9
case2_0079,bangkok_tou,2025,4,False,229.3,144.3,29.3
case2_0079,bangkok_tou,2025,5,False,232.7,220.6,29.6
case2_0079,bangkok_tou,2025,6,False,163.0,141.2,25.0
case2_0079,bangkok_tou,2025,7,False,146.3,154.7,22.7
case2_0079,bangkok_tou,2025,8,False,144.1,143.9,22.7
case2_0079,bangkok_tou,2025,9,False,163.2,165.7,21.8
case2_0079,bangkok_tou,2025,10,False,182.1,144.7,26.4
case2_0079,bangkok_tou,2025,11,False,155.0,166.1,22.5
case2_0079,bangkok_tou,2025,12,False,162.4,114.8,19.7
case2_0079,bangkok_tou,2026,1,False,112.8,127.5,22.4
case2_0079,bangkok_tou,2026,2,False,146.9,125.6,23.8
case2_0079,bangkok_tou,2026,3,False,237.9,144.1,24.2
case2_0079,bangkok_tou,2026,4,False,175.7,167.7,28.4
case2_0079,bangkok_tou,2026,5,False,183.6,175.0,23.5
case2_0079,bangkok_tou,2026,6,False,174.6,167.7,21.6
case2_0079,bangkok_tou,2026,7,False,191.5,158.5,19.4
case2_0079,bangkok_tou,2026,8,False,188.0,181.6,23.1
case2_0080,bangkok_tou,2024,3,False,771.4,550.4,17.4
case2_0080,bangkok_tou,2024,4,False,1002.9,666.4,19.6
case2_0080,bangkok_tou,2024,5,False,905.3,649.6,18.0
case2_0080,bangkok_tou,2024,6,False,729.0,563.5,20.1
case2_0080,bangkok_tou,2024,7,False,765.7,408.5,18.0
case2_0080,bangkok_tou,2024,8,False,794.0,485.5,18.7
case2_0080,bangkok_tou,2024,9,False,761.9,382.7,17.9
case2_0080,bangkok_tou,2024,10,False,680.5,405.2,21.5
case2_0080,bangkok_tou,2024,11,False,743.4,456.6,19.9
case2_0080,bangkok_tou,2024,12,False,493.8,388.8,19.8
case2_0080,bangkok_tou,2025,1,False,439.6,436.6,18.3
case2_0080,bangkok_tou,2025,2,False,719.4,446.7,19.6
case2_0080,bangkok_tou,2025,3,False,811.0,552.9,21.8
case2_0080,bangkok_tou,2025,4,False,819.0,696.1,20.7
case2_0080,bangkok_tou,2025,5,False,954.4,657.6,19.8
case2_0080,bangkok_tou,2025,6,False,770.1,553.9,24.3
case2_0080,bangkok_tou,2025,7,False,673.1,420.2,19.7
case2_0080,bangkok_tou,2025,8,False,769.5,404.5,16.2
case2_0080,bangkok_tou,2025,9,False,706.2,390.7,17.5
case2_0080,bangkok_tou,2025,10,False,841.5,395.8,17.2
case2_0080,bangkok_tou,2025,11,False,744.9,467.6,19.7
case2_0080,bangkok_tou,2025,12,False,602.7,346.5,17.6
case2_0080,bangkok_tou,2026,1,False,528.4,398.9,15.3
case2_0080,bangkok_tou,2026,2,False,693.4,510.6,13.9
case2_0080,bangkok_tou,2026,3,False,789.9,535.9,21.8
case2_0080,bangkok_tou,2026,4,False,935.0,590.0,22.6
case2_0080,bangkok_tou,2026,5,False,812.4,736.3,23.2
case2_0080,bangkok_tou,2026,6,False,650.0,747.9,21.2
case2_0080,bangkok_tou,2026,7,False,734.0,523.2,27.4
case2_0080,bangkok_tou,2026,8,False,727.2,374.3,22.8
case2_0081,bangkok_tou,2024,3,False,254.5,225.2,15.1
case2_0081,bangkok_tou,2024,4,False,323.0,203.1,16.8
case2_0081,bangkok_tou,2024,5,False,281.0,224.2,14.9
case2_0081,bangkok_tou,2024,6,False,329.6,177.2,11.7
case2_0081,bangkok_tou,2024,7,False,250.7,168.9,10.9
case2_0081,bangkok_tou,2024,8,False,264.8,201.8,12.2
case2_0081,bangkok_tou,2024,9,False,264.1,148.6,14.2
case2_0081,bangkok_tou,2024,10,False,201.5,151.6,11.0
case2_0081,bangkok_tou,2024,11,False,226.2,203.0,12.7
case2_0081,bangkok_tou,2024,12,False,210.0,101.8,11.9
case2_0081,bangkok_tou,2025,1,False,171.5,95.8,14.8
case2_0081,bangkok_tou,2025,2,False,220.9,146.3,14.0
case2_0081,bangkok_tou,2025,3,False,307.1,225.8,11.4
case2_0081,bangkok_tou,2025,4,False,325.7,174.2,11.8
case2_0081,bangkok_tou,2025,5,False,286.4,170.6,14.0
case2_0081,bangkok_tou,2025,6,False,311.4,149.7,13.8
case2_0081,bangkok_tou,2025,7,False,224.5,171.7,11.9
case2_0081,bangkok_tou,2025,8,False,275.4,158.9,13.4
case2_0081,bangkok_tou,2025,9,False,210.6,150.6,12.7
case2_0081,bangkok_tou,2025,10,False,223.6,119.2,13.1
case2_0081,bangkok_tou,2025,11,False,182.9,158.6,12.4
case2_0081,bangkok_tou,2025,12,False,192.6,122.0,12.1
case2_0081,bangkok_tou,2026,1,False,267.4,155.7,12.5
case2_0081,bangkok_tou,2026,2,False,226.5,167.6,13.6
case2_0081,bangkok_tou,2026,3,False,239.7,180.3,13.0
case2_0081,bangkok_tou,2026,4,False,276.6,233.7,16.8
case2_0081,bangkok_tou,2026,5,False,290.0,186.0,12.2
case2_0081,bangkok_tou,2026,6,False,256.3,221.9,13.4
case2_0081,bangkok_tou,2026,7,False,260.0,163.1,12.5
case2_0081,bangkok_tou,2026,8,False,228.1,141.8,12.2
case2_0082,bangkok_tou,2024,3,False,270.5,188.5,18.7
case2_0082,bangkok_tou,2024,4,False,296.8,193.2,22.3
case2_0082,bangkok_tou,2024,5,False,352.6,193.7,22.6
case2_0082,bangkok_tou,2024,6,False,319.7,261.4,20.2
case2_0082,bangkok_tou,2024,7,False,291.4,191.4,23.4
case2_0082,bangkok_tou,2024,8,False,296.6,231.2,21.2
case2_0082,bangkok_tou,2024,9,False,296.1,207.8,19.3
case2_0082,bangkok_tou,2024,10,False,311.1,219.7,21.9
case2_0082,bangkok_tou,2024,11,False,276.0,210.8,20.2
case2_0082,bangkok_tou,2024,12,False,226.7,151.5,20.1
case2_0082,bangkok_tou,2025,1,False,223.8,149.0,17.0
case2_0082,bangkok_tou,2025,2,False,277.8,197.4,18.2
case2_0082,bangkok_tou,2025,3,False,294.0,227.5,20.3
case2_0082,bangkok_tou,2025,4,False,345.4,218.6,19.8
case2_0082,bangkok_tou,2025,5,False,313.4,247.4,20.4
case2_0082,bangkok_tou,2025,6,False,257.6,197.2,21.9
case2_0082,bangkok_tou,2025,7,False,223.5,178.5,22.0
case2_0082,bangkok_tou,2025,8,False,256.0,184.2,20.0
case2_0082,bangkok_tou,2025,9,False,246.5,193.6,23.8
case2_0082,bangkok_tou,2025,10,False,276.6,212.6,20.3
case2_0082,bangkok_tou,2025,11,False,247.7,212.7,15.8
case2_0082,bangkok_tou,2025,12,False,166.0,177.1,15.8
case2_0082,bangkok_tou,2026,1,False,197.5,179.1,17.4
case2_0082,bangkok_tou,2026,2,False,236.0,184.1,16.8
case2_0082,bangkok_tou,2026,3,False,302.7,238.1,17.6
case2_0082,bangkok_tou,2026,4,False,276.5,224.9,18.3
case2_0082,bangkok_tou,2026,5,False,314.3,263.9,19.5
case2_0082,bangkok_tou,2026,6,False,274.6,218.9,15.8
case2_0082,bangkok_tou,2026,7,False,213.4,143.7,18.5
case2_0082,bangkok_tou,2026,8,False,210.2,189.2,19.1
case2_0083,bangkok_tou,2024,3,True,37.3,199.1,13.8
case2_0083,bangkok_tou,2024,4,True,97.5,249.8,13.1
case2_0083,bangkok_tou,2024,5,True,100.5,212.4,13.8
case2_0083,bangkok_tou,2024,6,True,68.1,231.2,14.2
case2_0083,bangkok_tou,2024,7,True,67.8,210.3,13.7
case2_0083,bangkok_tou,2024,8,True,91.9,185.9,13.6
case2_0083,bangkok_tou,2024,9,True,71.0,182.1,15.0
case2_0083,bangkok_tou,2024,10,True,58.2,216.0,12.6
case2_0083,bangkok_tou,2024,11,True,82.1,207.9,13.1
case2_0083,bangkok_tou,2024,12,True,38.9,147.3,11.1
case2_0083,bangkok_tou,2025,1,True,40.9,136.1,12.0
case2_0083,bangkok_tou,2025,2,True,44.9,192.3,14.9
case2_0083,bangkok_tou,2025,3,True,70.6,252.6,13.2
case2_0083,bangkok_tou,2025,4,True,93.8,283.9,15.5
case2_0083,bangkok_tou,2025,5,True,95.5,253.2,15.0
case2_0083,bangkok_tou,2025,6,True,88.2,238.0,14.1
case2_0083,bangkok_tou,2025,7,True,63.2,226.3,14.3
case2_0083,bangkok_tou,2025,8,True,70.1,217.4,13.3
case2_0083,bangkok_tou,2025,9,True,65.5,154.8,13.9
case2_0083,bangkok_tou,2025,10,True,56.8,139.6,13.0
case2_0083,bangkok_tou,2025,11,True,77.1,149.8,10.3
case2_0083,bangkok_tou,2025,12,True,49.2,147.8,10.4
case2_0083,bangkok_tou,2026,1,True,55.5,186.6,12.0
case2_0083,bangkok_tou,2026,2,True,80.1,219.8,13.0
case2_0083,bangkok_tou,2026,3,True,77.5,221.1,12.3
case2_0083,bangkok_tou,2026,4,True,69.8,222.4,12.3
case2_0083,bangkok_tou,2026,5,True,107.8,225.4,13.6
case2_0083,bangkok_tou,2026,6,True,82.1,206.0,12.8
case2_0083,bangkok_tou,2026,7,True,68.0,214.9,11.2
case2_0083,bangkok_tou,2026,8,True,67.2,203.2,12.9
case2_0084,bangkok_tou,2024,3,False,270.7,188.8,13.8
case2_0084,bangkok_tou,2024,4,False,293.1,207.3,16.0
case2_0084,bangkok_tou,2024,5,False,247.6,206.4,16.3
case2_0084,bangkok_tou,2024,6,False,248.4,178.9,15.4
case2_0084,bangkok_tou,2024,7,False,255.4,148.7,15.2
case2_0084,bangkok_tou,2024,8,False,238.7,141.0,13.1
case2_0084,bangkok_tou,2024,9,False,235.6,134.9,14.3
case2_0084,bangkok_tou,2024,10,False,197.8,149.3,15.5
case2_0084,bangkok_tou,2024,11,False,181.4,158.9,15.1
case2_0084,bangkok_tou,2024,12,False,193.3,134.9,13.5
case2_0084,bangkok_tou,2025,1,False,186.1,135.2,11.2
case2_0084,bangkok_tou,2025,2,False,224.4,137.9,13.7
case2_0084,bangkok_tou,2025,3,False,259.2,128.4,14.7
case2_0084,bangkok_tou,2025,4,False,264.6,231.9,15.0
case2_0084,bangkok_tou,2025,5,False,279.9,249.1,14.6
case2_0084,bangkok_tou,2025,6,False,271.5,149.2,17.4
case2_0084,bangkok_tou,2025,7,False,236.3,164.0,12.2
case2_0084,bangkok_tou,2025,8,False,243.0,183.4,13.2
case2_0084,bangkok_tou,2025,9,False,249.1,161.1,15.5
case2_0084,bangkok_tou,2025,10,False,216.1,145.4,13.6
case2_0084,bangkok_tou,2025,11,False,179.1,130.7,13.1
case2_0084,bangkok_tou,2025,12,False,147.1,92.9,15.4
case2_0084,bangkok_tou,2026,1,False,178.5,135.3,13.6
case2_0084,bangkok_tou,2026,2,False,218.5,145.0,15.8
case2_0084,bangkok_tou,2026,3,False,250.1,198.3,14.7
case2_0084,bangkok_tou,2026,4,False,391.9,190.7,16.2
case2_0084,bangkok_tou,2026,5,False,358.8,224.5,16.7
case2_0084,bangkok_tou,2026,6,False,247.9,200.6,13.7
case2_0084,bangkok_tou,2026,7,False,232.0,159.9,15.4
case2_0084,bangkok_tou,2026,8,False,258.3,169.1,15.2
case2_0085,bangkok_tou,2024,3,True,196.6,273.2,11.3
case2_0085,bangkok_tou,2024,4,True,155.4,380.5,12.3
case2_0085,bangkok_tou,2024,5,True,144.0,247.5,10.8
case2_0085,bangkok_tou,2024,6,True,124.6,294.8,12.2
case2_0085,bangkok_tou,2024,7,True,94.5,255.1,12.3
case2_0085,bangkok_tou,2024,8,True,122.1,244.0,13.4
case2_0085,bangkok_tou,2024,9,True,138.1,253.4,12.1
case2_0085,bangkok_tou,2024,10,True,108.7,231.7,9.6
case2_0085,bangkok_tou,2024,11,True,86.0,219.7,10.7
case2_0085,bangkok_tou,2024,12,True,92.4,197.1,9.5
case2_0085,bangkok_tou,2025,1,True,61.3,186.6,10.2
case2_0085,bangkok_tou,2025,2,True,126.9,213.4,12.1
case2_0085,bangkok_tou,2025,3,True,153.4,271.7,11.7
case2_0085,bangkok_tou,2025,4,True,151.9,333.3,10.9
case2_0085,bangkok_tou,2025,5,True,166.5,310.8,12.1
case2_0085,bangkok_tou,2025,6,True,136.2,238.2,12.1
case2_0085,bangkok_tou,2025,7,True,102.1,240.2,12.5
case2_0085,bangkok_tou,2025,8,True,127.4,268.5,12.4
case2_0085,bangkok_tou,2025,9,True,127.4,255.7,11.6
case2_0085,bangkok_tou,2025,10,True,98.1,241.5,11.2
case2_0085,bangkok_tou,2025,11,True,96.0,221.5,11.3
case2_0085,bangkok_tou,2025,12,True,94.2,196.8,10.9
case2_0085,bangkok_tou,2026,1,True,97.9,177.5,12.9
case2_0085,bangkok_tou,2026,2,True,115.9,237.0,13.2
case2_0085,bangkok_tou,2026,3,True,117.7,238.1,12.2
case2_0085,bangkok_tou,2026,4,True,112.3,289.6,12.6
case2_0085,bangkok_tou,2026,5,True,140.6,328.6,11.7
case2_0085,bangkok_tou,2026,6,True,116.1,308.9,11.2
case2_0085,bangkok_tou,2026,7,True,107.6,249.8,10.5
case2_0085,bangkok_tou,2026,8,True,96.1,229.1,12.7
case2_0086,bangkok_tou,2024,3,False,483.3,367.1,25.9
case2_0086,bangkok_tou,2024,4,False,569.2,376.6,24.0
case2_0086,bangkok_tou,2024,5,False,705.3,561.1,21.8
case2_0086,bangkok_tou,2024,6,False,716.5,424.8,19.6
case2_0086,bangkok_tou,2024,7,False,674.0,545.8,23.2
case2_0086,bangkok_tou,2024,8,False,595.9,488.7,21.6
case2_0086,bangkok_tou,2024,9,False,602.5,432.1,21.6
case2_0086,bangkok_tou,2024,10,False,617.0,423.4,19.6
case2_0086,bangkok_tou,2024,11,False,574.4,413.1,20.2
case2_0086,bangkok_tou,2024,12,False,475.1,383.6,20.5
case2_0086,bangkok_tou,2025,1,False,506.2,322.1,21.0
case2_0086,bangkok_tou,2025,2,False,523.2,450.2,19.5
case2_0086,bangkok_tou,2025,3,False,667.8,547.5,23.6
case2_0086,bangkok_tou,2025,4,False,720.1,616.8,22.7
case2_0086,bangkok_tou,2025,5,False,660.2,540.9,20.5
case2_0086,bangkok_tou,2025,6,False,555.2,477.7,23.3
case2_0086,bangkok_tou,2025,7,False,608.4,509.8,23.0
case2_0086,bangkok_tou,2025,8,False,748.8,523.3,26.1
case2_0086,bangkok_tou,2025,9,False,693.3,462.8,23.8
case2_0086,bangkok_tou,2025,10,False,676.5,415.1,21.1
case2_0086,bangkok_tou,2025,11,False,511.9,412.3,22.8
case2_0086,bangkok_tou,2025,12,False,402.7,301.1,19.0
case2_0086,bangkok_tou,2026,1,False,487.4,365.5,19.7
case2_0086,bangkok_tou,2026,2,False,649.6,433.0,19.9
case2_0086,bangkok_tou,2026,3,False,648.6,426.4,21.5
case2_0086,bangkok_tou,2026,4,False,619.5,581.2,25.7
case2_0086,bangkok_tou,2026,5,False,698.2,514.9,22.2
case2_0086,bangkok_tou,2026,6,False,651.3,445.1,22.2
case2_0086,bangkok_tou,2026,7,False,669.6,600.5,25.0
case2_0086,bangkok_tou,2026,8,False,708.8,480.4,22.9
case2_0087,bangkok_tou,2024,3,True,62.7,182.1,17.9
case2_0087,bangkok_tou,2024,4,True,97.0,271.5,18.3
case2_0087,bangkok_tou,2024,5,True,76.7,300.9,17.8
case2_0087,bangkok_tou,2024,6,True,54.9,249.7,18.3
case2_0087,bangkok_tou,2024,7,True,46.2,223.0,17.5
case2_0087,bangkok_tou,2024,8,True,53.8,210.4,16.0
case2_0087,bangkok_tou,2024,9,True,57.4,187.8,18.2
case2_0087,bangkok_tou,2024,10,True,48.6,215.4,15.1
case2_0087,bangkok_tou,2024,11,True,57.0,127.8,15.9
case2_0087,bangkok_tou,2024,12,True,47.7,142.6,14.9
case2_0087,bangkok_tou,2025,1,True,49.5,158.9,17.0
case2_0087,bangkok_tou,2025,2,True,71.2,165.8,18.7
case2_0087,bangkok_tou,2025,3,True,46.0,154.8,21.0
case2_0087,bangkok_tou,2025,4,True,57.6,175.8,20.4
case2_0087,bangkok_tou,2025,5,True,63.5,241.5,18.2
case2_0087,bangkok_tou,2025,6,True,56.9,191.6,12.8
case2_0087,bangkok_tou,2025,7,True,87.1,209.5,15.0
case2_0087,bangkok_tou,2025,8,True,68.3,244.7,16.7
case2_0087,bangkok_tou,2025,9,True,63.6,179.0,14.4
case2_0087,bangkok_tou,2025,10,True,58.3,179.6,12.7
case2_0087,bangkok_tou,2025,11,True,58.5,152.7,15.9
case2_0087,bangkok_tou,2025,12,True,42.2,142.4,16.3
case2_0087,bangkok_tou,2026,1,True,44.0,127.5,13.7
case2_0087,bangkok_tou,2026,2,True,67.0,167.2,17.3
case2_0087,bangkok_tou,2026,3,True,65.7,191.7,15.5
case2_0087,bangkok_tou,2026,4,True,67.0,187.9,17.4
case2_0087,bangkok_tou,2026,5,True,61.4,221.9,17.1
case2_0087,bangkok_tou,2026,6,True,70.0,245.5,17.7
case2_0087,bangkok_tou,2026,7,True,55.2,239.6,17.8
case2_0087,bangkok_tou,2026,8,True,77.9,170.4,17.2
case2_0088,bangkok_tou,2024,3,False,71.4,51.6,39.9
case2_0088,bangkok_tou,2024,4,False,84.9,63.6,40.9
case2_0088,bangkok_tou,2024,5,False,77.1,69.7,34.6
case2_0088,bangkok_tou,2024,6,False,77.4,57.0,40.4
case2_0088,bangkok_tou,2024,7,False,81.0,50.0,36.6
case2_0088,bangkok_tou,2024,8,False,75.5,50.0,35.8
case2_0088,bangkok_tou,2024,9,False,50.6,35.9,38.1
case2_0088,bangkok_tou,2024,10,False,62.6,45.8,36.3
case2_0088,bangkok_tou,2024,11,False,47.1,45.5,41.9
case2_0088,bangkok_tou,2024,12,False,53.0,33.6,36.4
case2_0088,bangkok_tou,2025,1,False,51.7,43.5,34.2
case2_0088,bangkok_tou,2025,2,False,60.9,51.3,34.4
case2_0088,bangkok_tou,2025,3,False,74.2,52.4,39.0
case2_0088,bangkok_tou,2025,4,False,80.0,45.8,40.8
case2_0088,bangkok_tou,2025,5,False,87.4,71.0,37.5
case2_0088,bangkok_tou,2025,6,False,71.5,59.6,38.1
case2_0088,bangkok_tou,2025,7,False,71.2,45.8,29.0
case2_0088,bangkok_tou,2025,8,False,67.6,47.2,36.8
case2_0088,bangkok_tou,2025,9,False,72.6,47.5,40.4
case2_0088,bangkok_tou,2025,10,False,62.8,59.6,43.3
case2_0088,bangkok_tou,2025,11,False,56.3,38.9,41.6
case2_0088,bangkok_tou,2025,12,False,48.2,32.5,32.4
case2_0088,bangkok_tou,2026,1,False,55.7,50.4,35.8
case2_0088,bangkok_tou,2026,2,False,70.8,45.8,35.5
case2_0088,bangkok_tou,2026,3,False,81.5,41.3,36.5
case2_0088,bangkok_tou,2026,4,False,74.4,58.6,37.6
case2_0088,bangkok_tou,2026,5,False,83.3,60.6,37.1
case2_0088,bangkok_tou,2026,6,False,68.0,61.5,35.0
case2_0088,bangkok_tou,2026,7,False,60.4,53.2,31.4
case2_0088,bangkok_tou,2026,8,False,53.0,49.7,30.7
case2_0089,bangkok_tou,2024,3,True,167.4,376.9,19.9
case2_0089,bangkok_tou,2024,4,True,126.7,571.5,18.0
case2_0089,bangkok_tou,2024,5,True,124.5,507.2,19.3
case2_0089,bangkok_tou,2024,6,True,146.4,437.4,21.1
case2_0089,bangkok_tou,2024,7,True,144.1,420.7,22.4
case2_0089,bangkok_tou,2024,8,True,157.1,415.5,20.5
case2_0089,bangkok_tou,2024,9,True,201.9,383.1,18.4
case2_0089,bangkok_tou,2024,10,True,195.1,322.6,21.8
case2_0089,bangkok_tou,2024,11,True,117.8,332.4,18.2
case2_0089,bangkok_tou,2024,12,True,95.8,290.1,16.8
case2_0089,bangkok_tou,2025,1,True,113.6,284.8,17.9
case2_0089,bangkok_tou,2025,2,True,137.2,291.7,19.2
case2_0089,bangkok_tou,2025,3,True,144.2,426.2,17.9
case2_0089,bangkok_tou,2025,4,True,168.4,397.1,22.8
case2_0089,bangkok_tou,2025,5,True,123.2,362.4,21.7
case2_0089,bangkok_tou,2025,6,True,153.4,347.4,19.7
case2_0089,bangkok_tou,2025,7,True,114.7,267.7,17.5
case2_0089,bangkok_tou,2025,8,True,133.9,395.9,16.2
case2_0089,bangkok_tou,2025,9,True,127.9,380.8,17.6
case2_0089,bangkok_tou,2025,10,True,123.2,369.4,20.7
case2_0089,bangkok_tou,2025,11,True,110.4,322.3,17.9
case2_0089,bangkok_tou,2025,12,True,103.1,262.7,19.5
case2_0089,bangkok_tou,2026,1,True,90.0,243.3,19.0
case2_0089,bangkok_tou,2026,2,True,130.5,302.3,17.1
case2_0089,bangkok_tou,2026,3,True,120.2,364.8,18.7
case2_0089,bangkok_tou,2026,4,True,107.0,439.3,21.2
case2_0089,bangkok_tou,2026,5,True,156.3,480.7,19.2
case2_0089,bangkok_tou,2026,6,True,164.9,417.3,17.5
case2_0089,bangkok_tou,2026,7,True,147.0,331.7,19.0
case2_0089,bangkok_tou,2026,8,True,137.5,442.2,17.0
case2_0090,bangkok_tou,2024,3,True,204.1,745.1,8.7
case2_0090,bangkok_tou,2024,4,True,296.2,771.1,9.5
case2_0090,bangkok_tou,2024,5,True,202.8,724.7,9.3
case2_0090,bangkok_tou,2024,6,True,282.2,688.0,10.2
case2_0090,bangkok_tou,2024,7,True,182.9,493.6,8.8
case2_0090,bangkok_tou,2024,8,True,226.3,545.3,9.8
case2_0090,bangkok_tou,2024,9,True,150.5,640.1,8.8
case2_0090,bangkok_tou,2024,10,True,175.6,498.0,9.1
case2_0090,bangkok_tou,2024,11,True,198.1,422.8,9.6
case2_0090,bangkok_tou,2024,12,True,200.0,398.4,8.2
case2_0090,bangkok_tou,2025,1,True,157.3,585.7,8.0
case2_0090,bangkok_tou,2025,2,True,231.7,637.7,8.3
case2_0090,bangkok_tou,2025,3,True,292.1,713.2,10.9
case2_0090,bangkok_tou,2025,4,True,354.7,1046.3,11.7
case2_0090,bangkok_tou,2025,5,True,273.1,853.6,10.2
case2_0090,bangkok_tou,2025,6,True,268.8,802.6,10.2
case2_0090,bangkok_tou,2025,7,True,228.5,747.1,9.3
case2_0090,bangkok_tou,2025,8,True,192.4,834.1,11.3
case2_0090,bangkok_tou,2025,9,True,220.9,592.7,8.7
case2_0090,bangkok_tou,2025,10,True,162.6,567.8,8.1
case2_0090,bangkok_tou,2025,11,True,237.7,593.6,7.9
case2_0090,bangkok_tou,2025,12,True,140.7,505.6,9.1
case2_0090,bangkok_tou,2026,1,True,220.0,519.6,8.4
case2_0090,bangkok_tou,2026,2,True,275.2,602.8,10.5
case2_0090,bangkok_tou,2026,3,True,292.7,843.8,10.9
case2_0090,bangkok_tou,2026,4,True,315.1,858.5,11.4
case2_0090,bangkok_tou,2026,5,True,269.4,751.6,8.7
case2_0090,bangkok_tou,2026,6,True,232.3,608.1,8.5
case2_0090,bangkok_tou,2026,7,True,231.5,711.6,10.3
case2_0090,bangkok_tou,2026,8,True,230.6,523.2,11.4
case2_0091,bangkok_tou,2024,3,False,219.3,172.4,19.1
case2_0091,bangkok_tou,2024,4,False,207.9,170.9,20.8
case2_0091,bangkok_tou,2024,5,False,221.7,163.1,23.0
case2_0091,bangkok_tou,2024,6,False,216.5,168.6,24.9
case2_0091,bangkok_tou,2024,7,False,178.1,148.8,19.6
case2_0091,bangkok_tou,2024,8,False,190.7,160.1,19.4
case2_0091,bangkok_tou,2024,9,False,170.4,179.0,16.7
case2_0091,bangkok_tou,2024,10,False,184.6,169.8,16.7
case2_0091,bangkok_tou,2024,11,False,141.6,121.8,20.0
case2_0091,bangkok_tou,2024,12,False,131.8,98.7,20.7
case2_0091,bangkok_tou,2025,1,False,113.1,116.0,18.9
case2_0091,bangkok_tou,2025,2,False,173.3,165.0,17.4
case2_0091,bangkok_tou,2025,3,False,180.7,167.0,20.5
case2_0091,bangkok_tou,2025,4,False,274.8,160.3,19.4
case2_0091,bangkok_tou,2025,5,False,239.9,190.2,21.7
case2_0091,bangkok_tou,2025,6,False,233.8,168.7,21.8
case2_0091,bangkok_tou,2025,7,False,186.9,182.5,22.1
case2_0091,bangkok_tou,2025,8,False,184.6,139.9,23.1
case2_0091,bangkok_tou,2025,9,False,186.9,139.7,23.7
case2_0091,bangkok_tou,2025,10,False,173.4,131.6,18.6
case2_0091,bangkok_tou,2025,11,False,121.0,153.9,18.2
case2_0091,bangkok_tou,2025,12,False,149.0,134.0,17.4
case2_0091,bangkok_tou,2026,1,False,171.1,127.8,17.6
case2_0091,bangkok_tou,2026,2,False,192.5,136.6,16.0
case2_0091,bangkok_tou,2026,3,False,183.0,194.2,19.7
case2_0091,bangkok_tou,2026,4,False,258.4,199.3,24.4
case2_0091,bangkok_tou,2026,5,False,184.9,152.1,22.6
case2_0091,bangkok_tou,2026,6,False,203.3,155.0,21.8
case2_0091,bangkok_tou,2026,7,False,150.1,184.0,21.1
case2_0091,bangkok_tou,2026,8,False,196.1,173.5,22.2
case2_0092,bangkok_tou,2024,3,True,75.5,136.3,11.5
case2_0092,bangkok_tou,2024,4,True,72.4,161.7,9.6
case2_0092,bangkok_tou,2024,5,True,92.1,138.1,8.9
case2_0092,bangkok_tou,2024,6,True,69.2,135.8,9.7
case2_0092,bangkok_tou,2024,7,True,58.7,103.5,10.5
case2_0092,bangkok_tou,2024,8,True,44.4,105.9,10.6
case2_0092,bangkok_tou,2024,9,True,57.5,109.1,8.7
case2_0092,bangkok_tou,2024,10,True,51.9,107.3,10.1
case2_0092,bangkok_tou,2024,11,True,57.7,101.2,9.8
case2_0092,bangkok_tou,2024,12,True,42.4,90.1,10.3
case2_0092,bangkok_tou,2025,1,True,47.4,93.4,9.4
case2_0092,bangkok_tou,2025,2,True,88.6,120.1,10.5
case2_0092,bangkok_tou,2025,3,True,62.9,133.8,10.6
case2_0092,bangkok_tou,2025,4,True,84.1,143.2,9.8
case2_0092,bangkok_tou,2025,5,True,98.2,151.5,11.2
case2_0092,bangkok_tou,2025,6,True,77.7,192.6,10.5
case2_0092,bangkok_tou,2025,7,True,61.0,150.7,9.3
case2_0092,bangkok_tou,2025,8,True,69.1,137.2,12.2
case2_0092,bangkok_tou,2025,9,True,39.0,86.5,11.8
case2_0092,bangkok_tou,2025,10,True,42.3,74.8,10.9
case2_0092,bangkok_tou,2025,11,True,37.8,88.4,11.1
case2_0092,bangkok_tou,2025,12,True,33.1,63.8,10.1
case2_0092,bangkok_tou,2026,1,True,48.0,67.3,10.4
case2_0092,bangkok_tou,2026,2,True,54.7,76.7,9.8
case2_0092,bangkok_tou,2026,3,True,49.8,89.6,12.0
case2_0092,bangkok_tou,2026,4,True,69.6,101.1,10.4
case2_0092,bangkok_tou,2026,5,True,71.5,109.7,9.7
case2_0092,bangkok_tou,2026,6,True,44.2,109.1,11.2
case2_0092,bangkok_tou,2026,7,True,51.4,90.2,10.6
case2_0092,bangkok_tou,2026,8,True,43.4,89.3,11.0
case2_0093,bangkok_tou,2024,3,False,155.0,134.1,15.6
case2_0093,bangkok_tou,2024,4,False,150.0,97.9,13.9
case2_0093,bangkok_tou,2024,5,False,202.1,125.2,15.5
case2_0093,bangkok_tou,2024,6,False,136.6,124.3,13.1
case2_0093,bangkok_tou,2024,7,False,143.9,106.8,15.5
case2_0093,bangkok_tou,2024,8,False,132.3,94.9,12.7
case2_0093,bangkok_tou,2024,9,False,154.5,126.3,13.1
case2_0093,bangkok_tou,2024,10,False,104.0,76.9,16.1
case2_0093,bangkok_tou,2024,11,False,121.9,126.5,11.7
case2_0093,bangkok_tou,2024,12,False,117.7,94.7,10.2
case2_0093,bangkok_tou,2025,1,False,105.4,95.8,12.8
case2_0093,bangkok_tou,2025,2,False,120.4,115.1,13.2
case2_0093,bangkok_tou,2025,3,False,180.0,144.1,14.7
case2_0093,bangkok_tou,2025,4,False,248.6,162.2,15.0
case2_0093,bangkok_tou,2025,5,False,174.8,145.6,13.0
case2_0093,bangkok_tou,2025,6,False,208.1,147.5,12.9
case2_0093,bangkok_tou,2025,7,False,153.2,132.9,13.2
case2_0093,bangkok_tou,2025,8,False,131.9,118.6,13.4
case2_0093,bangkok_tou,2025,9,False,156.6,132.9,14.2
case2_0093,bangkok_tou,2025,10,False,129.9,131.8,13.3
case2_0093,bangkok_tou,2025,11,False,125.7,107.0,11.7
case2_0093,bangkok_tou,2025,12,False,108.2,101.6,11.3
case2_0093,bangkok_tou,2026,1,False,118.1,79.2,11.5
case2_0093,bangkok_tou,2026,2,False,162.4,115.5,12.2
case2_0093,bangkok_tou,2026,3,False,135.8,169.5,13.7
case2_0093,bangkok_tou,2026,4,False,163.8,157.1,13.5
case2_0093,bangkok_tou,2026,5,False,208.5,152.2,16.3
case2_0093,bangkok_tou,2026,6,False,159.3,160.9,14.7
case2_0093,bangkok_tou,2026,7,False,139.5,112.2,12.4
case2_0093,bangkok_tou,2026,8,False,108.2,121.0,12.2
case2_0094,bangkok_tou,2024,3,True,208.6,395.4,16.1
case2_0094,bangkok_tou,2024,4,True,237.5,448.5,16.8
case2_0094,bangkok_tou,2024,5,True,200.3,521.5,14.9
case2_0094,bangkok_tou,2024,6,True,209.5,426.9,17.2
case2_0094,bangkok_tou,2024,7,True,174.3,344.6,13.9
case2_0094,bangkok_tou,2024,8,True,155.3,352.6,14.6
case2_0094,bangkok_tou,2024,9,True,172.1,361.3,17.1
case2_0094,bangkok_tou,2024,10,True,167.5,313.9,16.8
case2_0094,bangkok_tou,2024,11,True,140.1,285.5,16.0
case2_0094,bangkok_tou,2024,12,True,132.0,220.6,13.7
case2_0094,bangkok_tou,2025,1,True,91.8,303.7,13.0
case2_0094,bangkok_tou,2025,2,True,179.4,350.4,13.6
case2_0094,bangkok_tou,2025,3,True,175.7,337.5,16.0
case2_0094,bangkok_tou,2025,4,True,290.6,411.0,14.3
case2_0094,bangkok_tou,2025,5,True,221.0,488.8,19.8
case2_0094,bangkok_tou,2025,6,True,150.2,352.3,17.4
case2_0094,bangkok_tou,2025,7,True,150.4,401.5,14.2
case2_0094,bangkok_tou,2025,8,True,151.8,337.3,18.5
case2_0094,bangkok_tou,2025,9,True,119.1,238.2,14.1
case2_0094,bangkok_tou,2025,10,True,112.3,252.9,16.8
case2_0094,bangkok_tou,2025,11,True,122.0,295.2,18.8
case2_0094,bangkok_tou,2025,12,True,87.2,227.8,14.9
case2_0094,bangkok_tou,2026,1,True,138.6,261.3,14.1
case2_0094,bangkok_tou,2026,2,True,146.9,324.7,15.0
case2_0094,bangkok_tou,2026,3,True,179.4,347.1,16.7
case2_0094,bangkok_tou,2026,4,True,150.3,362.1,17.5
case2_0094,bangkok_tou,2026,5,True,195.1,379.0,18.4
case2_0094,bangkok_tou,2026,6,True,157.9,340.0,15.4
case2_0094,bangkok_tou,2026,7,True,125.8,332.2,14.3
case2_0094,bangkok_tou,2026,8,True,141.8,315.2,14.4
case2_0095,bangkok_tou,2024,3,False,175.6,173.2,11.3
case2_0095,bangkok_tou,2024,4,False,198.0,194.4,12.0
case2_0095,bangkok_tou,2024,5,False,235.5,204.4,12.0
case2_0095,bangkok_tou,2024,6,False,213.8,201.3,10.1
case2_0095,bangkok_tou,2024,7,False,162.9,143.1,10.5
case2_0095,bangkok_tou,2024,8,False,168.2,147.1,9.3
case2_0095,bangkok_tou,2024,9,False,162.8,175.6,9.1
case2_0095,bangkok_tou,2024,10,False,172.2,174.1,8.9
case2_0095,bangkok_tou,2024,11,False,184.9,167.8,8.8
case2_0095,bangkok_tou,2024,12,False,157.6,133.1,6.5
case2_0095,bangkok_tou,2025,1,False,128.8,129.9,7.3
case2_0095,bangkok_tou,2025,2,False,183.1,162.2,9.2
case2_0095,bangkok_tou,2025,3,False,240.5,185.5,10.6
case2_0095,bangkok_tou,2025,4,False,218.9,163.5,11.5
case2_0095,bangkok_tou,2025,5,False,258.2,181.4,10.7
case2_0095,bangkok_tou,2025,6,False,241.9,188.0,9.0
case2_0095,bangkok_tou,2025,7,False,204.7,176.3,9.9
case2_0095,bangkok_tou,2025,8,False,225.4,181.6,10.5
case2_0095,bangkok_tou,2025,9,False,233.7,203.5,11.2
case2_0095,bangkok_tou,2025,10,False,194.5,217.9,10.2
case2_0095,bangkok_tou,2025,11,False,219.2,185.3,9.3
case2_0095,bangkok_tou,2025,12,False,183.9,143.2,8.4
case2_0095,bangkok_tou,2026,1,False,205.5,174.3,8.1
case2_0095,bangkok_tou,2026,2,False,208.6,202.3,8.6
case2_0095,bangkok_tou,2026,3,False,262.9,230.2,9.3
case2_0095,bangkok_tou,2026,4,False,301.4,284.3,10.6
case2_0095,bangkok_tou,2026,5,False,240.4,256.8,11.1
case2_0095,bangkok_tou,2026,6,False,227.3,218.4,8.6
case2_0095,bangkok_tou,2026,7,False,238.6,200.5,8.6
case2_0095,bangkok_tou,2026,8,False,246.3,202.1,8.7
case2_0096,bangkok_tou,2024,3,False,215.6,191.7,12.4
case2_0096,bangkok_tou,2024,4,False,279.7,195.2,13.0
case2_0096,bangkok_tou,2024,5,False,327.3,216.5,13.2
case2_0096,bangkok_tou,2024,6,False,286.1,143.3,14.2
case2_0096,bangkok_tou,2024,7,False,305.6,143.5,10.7
case2_0096,bangkok_tou,2024,8,False,282.4,124.0,12.2
case2_0096,bangkok_tou,2024,9,False,316.6,189.7,12.9
case2_0096,bangkok_tou,2024,10,False,310.6,144.9,12.5
case2_0096,bangkok_tou,2024,11,False,301.0,225.6,13.3
case2_0096,bangkok_tou,2024,12,False,259.0,177.8,12.7
case2_0096,bangkok_tou,2025,1,False,290.0,154.5,13.4
case2_0096,bangkok_tou,2025,2,False,391.6,172.6,13.4
case2_0096,bangkok_tou,2025,3,False,358.7,241.6,13.8
case2_0096,bangkok_tou,2025,4,False,506.5,288.1,15.9
case2_0096,bangkok_tou,2025,5,False,383.4,254.6,14.9
case2_0096,bangkok_tou,2025,6,False,499.5,217.1,13.9
case2_0096,bangkok_tou,2025,7,False,357.2,181.8,14.4
case2_0096,bangkok_tou,2025,8,False,312.9,206.9,15.2
case2_0096,bangkok_tou,2025,9,False,377.3,153.6,15.0
case2_0096,bangkok_tou,2025,10,False,352.5,146.0,12.9
case2_0096,bangkok_tou,2025,11,False,324.5,154.4,13.8
case2_0096,bangkok_tou,2025,12,False,246.6,166.7,10.9
case2_0096,bangkok_tou,2026,1,False,255.3,143.3,11.8
case2_0096,bangkok_tou,2026,2,False,327.4,215.8,11.6
case2_0096,bangkok_tou,2026,3,False,392.9,181.3,15.3
case2_0096,bangkok_tou,2026,4,False,434.1,267.9,13.4
case2_0096,bangkok_tou,2026,5,False,437.2,293.8,13.4
case2_0096,bangkok_tou,2026,6,False,383.6,217.3,13.8
case2_0096,bangkok_tou,2026,7,False,372.2,236.2,12.2
case2_0096,bangkok_tou,2026,8,False,367.7,150.3,12.5
case2_0097,bangkok_tou,2024,3,False,93.7,66.4,11.1
case2_0097,bangkok_tou,2024,4,False,99.8,78.2,11.6
case2_0097,bangkok_tou,2024,5,False,119.1,63.3,12.3
case2_0097,bangkok_tou,2024,6,False,113.9,55.5,11.2
case2_0097,bangkok_tou,2024,7,False,100.4,46.6,10.5
case2_0097,bangkok_tou,2024,8,False,87.1,60.7,11.4
case2_0097,bangkok_tou,2024,9,False,100.9,66.8,12.1
case2_0097,bangkok_tou,2024,10,False,84.1,44.8,11.2
case2_0097,bangkok_tou,2024,11,False,81.0,54.5,12.0
case2_0097,bangkok_tou,2024,12,False,60.2,37.3,11.0
case2_0097,bangkok_tou,2025,1,False,60.4,38.7,10.1
case2_0097,bangkok_tou,2025,2,False,83.0,53.4,12.4
case2_0097,bangkok_tou,2025,3,False,97.0,65.1,12.5
case2_0097,bangkok_tou,2025,4,False,111.2,65.6,13.1
case2_0097,bangkok_tou,2025,5,False,91.6,78.0,11.5
case2_0097,bangkok_tou,2025,6,False,71.3,56.5,13.1
case2_0097,bangkok_tou,2025,7,False,79.4,46.7,10.4
case2_0097,bangkok_tou,2025,8,False,62.2,40.9,10.3
case2_0097,bangkok_tou,2025,9,False,77.1,46.1,13.3
case2_0097,bangkok_tou,2025,10,False,83.6,54.8,12.7
case2_0097,bangkok_tou,2025,11,False,81.4,57.6,10.5
case2_0097,bangkok_tou,2025,12,False,63.6,46.1,13.3
case2_0097,bangkok_tou,2026,1,False,88.0,41.7,10.5
case2_0097,bangkok_tou,2026,2,False,84.2,58.0,11.7
case2_0097,bangkok_tou,2026,3,False,106.4,67.5,13.3
case2_0097,bangkok_tou,2026,4,False,112.7,76.9,13.3
case2_0097,bangkok_tou,2026,5,False,93.0,79.3,14.9
case2_0097,bangkok_tou,2026,6,False,106.0,68.9,12.8
case2_0097,bangkok_tou,2026,7,False,86.9,58.1,15.0
case2_0097,bangkok_tou,2026,8,False,86.2,60.6,14.8
case2_0098,bangkok_tou,2024,3,False,182.9,184.0,15.0
case2_0098,bangkok_tou,2024,4,False,226.0,142.3,17.1
case2_0098,bangkok_tou,2024,5,False,202.2,198.6,16.6
case2_0098,bangkok_tou,2024,6,False,249.9,175.6,14.0
case2_0098,bangkok_tou,2024,7,False,176.3,132.6,12.3
case2_0098,bangkok_tou,2024,8,False,201.8,188.9,13.2
case2_0098,bangkok_tou,2024,9,False,168.5,108.7,13.9
case2_0098,bangkok_tou,2024,10,False,167.4,128.3,15.5
case2_0098,bangkok_tou,2024,11,False,199.3,149.9,16.7
case2_0098,bangkok_tou,2024,12,False,133.8,114.3,15.6
case2_0098,bangkok_tou,2025,1,False,126.4,111.0,14.7
case2_0098,bangkok_tou,2025,2,False,209.8,128.9,17.7
case2_0098,bangkok_tou,2025,3,False,165.8,182.1,16.6
case2_0098,bangkok_tou,2025,4,False,243.1,164.0,18.7
case2_0098,bangkok_tou,2025,5,False,253.2,164.3,18.1
case2_0098,bangkok_tou,2025,6,False,205.3,148.0,14.8
case2_0098,bangkok_tou,2025,7,False,186.9,170.6,13.2
case2_0098,bangkok_tou,2025,8,False,194.2,140.5,12.5
case2_0098,bangkok_tou,2025,9,False,134.6,149.0,12.1
case2_0098,bangkok_tou,2025,10,False,132.5,129.4,11.9
case2_0098,bangkok_tou,2025,11,False,116.8,129.5,12.6
case2_0098,bangkok_tou,2025,12,False,148.9,135.0,12.2
case2_0098,bangkok_tou,2026,1,False,168.4,99.3,12.5
case2_0098,bangkok_tou,2026,2,False,161.6,131.5,13.8
case2_0098,bangkok_tou,2026,3,False,178.4,181.5,16.0
case2_0098,bangkok_tou,2026,4,False,185.5,151.7,12.9
case2_0098,bangkok_tou,2026,5,False,157.6,117.8,15.2
case2_0098,bangkok_tou,2026,6,False,176.0,149.3,15.3
case2_0098,bangkok_tou,2026,7,False,175.6,130.1,13.9
case2_0098,bangkok_tou,2026,8,False,176.0,149.4,12.9
case2_0099,bangkok_tou,2024,3,False,488.2,273.9,14.9
case2_0099,bangkok_tou,2024,4,False,448.6,307.6,16.1
case2_0099,bangkok_tou,2024,5,False,418.9,250.3,16.2
case2_0099,bangkok_tou,2024,6,False,369.5,282.3,15.2
case2_0099,bangkok_tou,2024,7,False,415.7,184.7,16.8
case2_0099,bangkok_tou,2024,8,False,339.2,234.3,15.1
case2_0099,bangkok_tou,2024,9,False,363.7,219.4,11.4
case2_0099,bangkok_tou,2024,10,False,340.3,143.0,13.4
case2_0099,bangkok_tou,2024,11,False,380.0,220.0,13.2
case2_0099,bangkok_tou,2024,12,False,259.0,170.0,12.3
case2_0099,bangkok_tou,2025,1,False,258.5,177.3,13.1
case2_0099,bangkok_tou,2025,2,False,330.5,225.6,17.0
case2_0099,bangkok_tou,2025,3,False,413.0,245.7,15.1
case2_0099,bangkok_tou,2025,4,False,480.5,307.2,16.8
case2_0099,bangkok_tou,2025,5,False,470.0,324.7,14.8
case2_0099,bangkok_tou,2025,6,False,483.8,258.0,16.1
case2_0099,bangkok_tou,2025,7,False,420.0,240.9,14.0
case2_0099,bangkok_tou,2025,8,False,431.2,350.1,12.1
case2_0099,bangkok_tou,2025,9,False,336.4,228.2,15.2
case2_0099,bangkok_tou,2025,10,False,393.1,198.5,12.7
case2_0099,bangkok_tou,2025,11,False,344.0,213.9,14.2
case2_0099,bangkok_tou,2025,12,False,241.1,186.6,14.7
case2_0099,bangkok_tou,2026,1,False,273.4,201.2,14.0
case2_0099,bangkok_tou,2026,2,False,351.1,200.6,15.0
case2_0099,bangkok_tou,2026,3,False,400.3,238.4,15.3
case2_0099,bangkok_tou,2026,4,False,345.4,277.9,16.5
case2_0099,bangkok_tou,2026,5,False,341.8,273.9,19.2
case2_0099,bangkok_tou,2026,6,False,344.0,203.3,16.1
case2_0099,bangkok_tou,2026,7,False,381.4,192.9,15.6
case2_0099,bangkok_tou,2026,8,False,310.6,199.9,14.6
case2_0100,bangkok_tou,2024,3,False,257.2,152.8,16.6
case2_0100,bangkok_tou,2024,4,False,301.7,284.3,20.2
case2_0100,bangkok_tou,2024,5,False,266.6,230.4,14.8
case2_0100,bangkok_tou,2024,6,False,190.0,241.8,15.1
case2_0100,bangkok_tou,2024,7,False,214.8,212.8,15.4
case2_0100,bangkok_tou,2024,8,False,218.7,197.4,15.1
case2_0100,bangkok_tou,2024,9,False,214.9,189.2,15.2
case2_0100,bangkok_tou,2024,10,False,206.3,173.4,12.2
case2_0100,bangkok_tou,2024,11,False,140.2,123.6,11.8
case2_0100,bangkok_tou,2024,12,False,122.5,113.3,12.7
case2_0100,bangkok_tou,2025,1,False,173.2,109.6,13.2
case2_0100,bangkok_tou,2025,2,False,213.8,142.5,16.5
case2_0100,bangkok_tou,2025,3,False,203.2,185.1,15.0
case2_0100,bangkok_tou,2025,4,False,258.8,201.9,15.6
case2_0100,bangkok_tou,2025,5,False,265.4,188.3,17.3
case2_0100,bangkok_tou,2025,6,False,283.0,217.5,13.7
case2_0100,bangkok_tou,2025,7,False,213.7,188.3,15.4
case2_0100,bangkok_tou,2025,8,False,246.3,161.2,12.6
case2_0100,bangkok_tou,2025,9,False,155.6,145.1,13.7
case2_0100,bangkok_tou,2025,10,False,212.4,162.9,14.2
case2_0100,bangkok_tou,2025,11,False,162.5,144.2,12.6
case2_0100,bangkok_tou,2025,12,False,175.7,151.8,14.8
case2_0100,bangkok_tou,2026,1,False,183.1,173.3,14.4
case2_0100,bangkok_tou,2026,2,False,208.6,183.9,14.0
case2_0100,bangkok_tou,2026,3,False,230.0,206.1,15.1
case2_0100,bangkok_tou,2026,4,False,256.0,227.5,17.4
case2_0100,bangkok_tou,2026,5,False,280.0,196.4,13.1
case2_0100,bangkok_tou,2026,6,False,221.7,184.0,15.6
case2_0100,bangkok_tou,2026,7,False,216.0,188.1,14.7
case2_0100,bangkok_tou,2026,8,False,197.4,202.6,15.1
case2_0101,bangkok_tou,2024,3,True,88.4,214.9,27.5
case2_0101,bangkok_tou,2024,4,True,75.2,250.4,27.1
case2_0101,bangkok_tou,2024,5,True,111.3,213.4,31.0
case2_0101,bangkok_tou,2024,6,True,57.6,194.3,27.7
case2_0101,bangkok_tou,2024,7,True,86.3,141.9,30.7
case2_0101,bangkok_tou,2024,8,True,56.2,191.3,26.5
case2_0101,bangkok_tou,2024,9,True,89.3,190.4,27.6
case2_0101,bangkok_tou,2024,10,True,69.1,159.4,26.3
case2_0101,bangkok_tou,2024,11,True,119.6,184.7,28.3
case2_0101,bangkok_tou,2024,12,True,51.6,158.6,24.4
case2_0101,bangkok_tou,2025,1,True,67.8,176.0,30.8
case2_0101,bangkok_tou,2025,2,True,73.6,199.3,29.1
case2_0101,bangkok_tou,2025,3,True,85.5,228.1,28.9
case2_0101,bangkok_tou,2025,4,True,113.4,222.5,31.4
case2_0101,bangkok_tou,2025,5,True,109.7,230.0,25.7
case2_0101,bangkok_tou,2025,6,True,116.9,203.4,22.7
case2_0101,bangkok_tou,2025,7,True,83.2,196.0,20.2
case2_0101,bangkok_tou,2025,8,True,80.8,177.0,21.2
case2_0101,bangkok_tou,2025,9,True,71.7,170.5,19.9
case2_0101,bangkok_tou,2025,10,True,83.0,168.8,20.9
case2_0101,bangkok_tou,2025,11,True,80.3,181.8,21.6
case2_0101,bangkok_tou,2025,12,True,57.5,118.6,19.2
case2_0101,bangkok_tou,2026,1,True,73.8,171.3,19.7
case2_0101,bangkok_tou,2026,2,True,71.4,165.6,25.1
case2_0101,bangkok_tou,2026,3,True,81.8,189.2,26.2
case2_0101,bangkok_tou,2026,4,True,103.0,186.5,22.5
case2_0101,bangkok_tou,2026,5,True,87.3,206.4,24.3
case2_0101,bangkok_tou,2026,6,True,105.0,257.2,22.7
case2_0101,bangkok_tou,2026,7,True,61.3,172.3,21.7
case2_0101,bangkok_tou,2026,8,True,64.4,179.9,19.1
case2_0102,bangkok_tou,2024,3,True,134.9,675.9,20.5
case2_0102,bangkok_tou,2024,4,True,197.1,675.2,20.7
case2_0102,bangkok_tou,2024,5,True,142.0,500.0,22.2
case2_0102,bangkok_tou,2024,6,True,149.6,479.4,20.9
case2_0102,bangkok_tou,2024,7,True,98.1,531.3,15.7
case2_0102,bangkok_tou,2024,8,True,205.7,464.1,19.4
case2_0102,bangkok_tou,2024,9,True,113.1,555.8,18.5
case2_0102,bangkok_tou,2024,10,True,145.4,547.2,15.3
case2_0102,bangkok_tou,2024,11,True,184.2,488.3,16.8
case2_0102,bangkok_tou,2024,12,True,141.9,397.5,13.5
case2_0102,bangkok_tou,2025,1,True,170.9,345.0,16.8
case2_0102,bangkok_tou,2025,2,True,156.1,501.7,19.0
case2_0102,bangkok_tou,2025,3,True,157.2,582.4,17.7
case2_0102,bangkok_tou,2025,4,True,178.2,539.0,17.7
case2_0102,bangkok_tou,2025,5,True,173.9,647.2,19.2
case2_0102,bangkok_tou,2025,6,True,171.3,524.8,18.1
case2_0102,bangkok_tou,2025,7,True,198.8,603.3,17.1
case2_0102,bangkok_tou,2025,8,True,162.0,467.3,17.7
case2_0102,bangkok_tou,2025,9,True,169.5,466.6,17.4
case2_0102,bangkok_tou,2025,10,True,122.7,567.4,14.5
case2_0102,bangkok_tou,2025,11,True,172.8,500.8,16.4
case2_0102,bangkok_tou,2025,12,True,184.2,351.5,13.4
case2_0102,bangkok_tou,2026,1,True,132.2,362.1,11.4
case2_0102,bangkok_tou,2026,2,True,130.8,502.1,14.1
case2_0102,bangkok_tou,2026,3,True,152.6,506.1,17.1
case2_0102,bangkok_tou,2026,4,True,224.3,583.3,18.3
case2_0102,bangkok_tou,2026,5,True,222.7,573.0,16.3
case2_0102,bangkok_tou,2026,6,True,181.5,525.5,16.7
case2_0102,bangkok_tou,2026,7,True,188.3,514.5,14.2
case2_0102,bangkok_tou,2026,8,True,116.6,520.3,13.4
case2_0103,bangkok_tou,2024,3,False,490.1,261.3,17.9
case2_0103,bangkok_tou,2024,4,False,397.0,299.6,15.0
case2_0103,bangkok_tou,2024,5,False,592.7,345.7,17.1
case2_0103,bangkok_tou,2024,6,False,560.3,359.6,20.1
case2_0103,bangkok_tou,2024,7,False,515.5,349.9,17.3
case2_0103,bangkok_tou,2024,8,False,379.7,270.0,18.7
case2_0103,bangkok_tou,2024,9,False,344.7,210.0,16.0
case2_0103,bangkok_tou,2024,10,False,356.7,272.4,14.5
case2_0103,bangkok_tou,2024,11,False,443.9,235.5,18.3
case2_0103,bangkok_tou,2024,12,False,316.8,200.5,18.7
case2_0103,bangkok_tou,2025,1,False,331.2,185.6,15.5
case2_0103,bangkok_tou,2025,2,False,380.0,276.2,14.0
case2_0103,bangkok_tou,2025,3,False,473.2,316.2,17.5
case2_0103,bangkok_tou,2025,4,False,620.5,415.8,20.0
case2_0103,bangkok_tou,2025,5,False,616.6,429.3,19.9
case2_0103,bangkok_tou,2025,6,False,500.3,324.4,18.1
case2_0103,bangkok_tou,2025,7,False,448.0,273.7,16.8
case2_0103,bangkok_tou,2025,8,False,449.2,324.9,18.8
case2_0103,bangkok_tou,2025,9,False,529.7,264.7,15.3
case2_0103,bangkok_tou,2025,10,False,420.7,266.1,17.5
case2_0103,bangkok_tou,2025,11,False,292.7,252.3,14.6
case2_0103,bangkok_tou,2025,12,False,336.9,197.5,16.1
case2_0103,bangkok_tou,2026,1,False,348.9,307.1,15.3
case2_0103,bangkok_tou,2026,2,False,417.5,226.8,18.0
case2_0103,bangkok_tou,2026,3,False,442.2,292.5,15.7
case2_0103,bangkok_tou,2026,4,False,575.8,434.9,19.6
case2_0103,bangkok_tou,2026,5,False,610.9,294.6,19.4
case2_0103,bangkok_tou,2026,6,False,480.2,344.3,17.2
case2_0103,bangkok_tou,2026,7,False,539.9,327.9,16.2
case2_0103,bangkok_tou,2026,8,False,513.6,326.2,15.5
case2_0104,bangkok_tou,2024,3,False,183.4,150.1,19.9
case2_0104,bangkok_tou,2024,4,False,194.9,188.4,24.9
case2_0104,bangkok_tou,2024,5,False,214.4,143.5,24.3
case2_0104,bangkok_tou,2024,6,False,206.8,179.2,20.3
case2_0104,bangkok_tou,2024,7,False,195.1,135.7,23.0
case2_0104,bangkok_tou,2024,8,False,214.1,149.1,16.0
case2_0104,bangkok_tou,2024,9,False,216.9,129.2,19.5
case2_0104,bangkok_tou,2024,10,False,198.8,116.3,21.9
case2_0104,bangkok_tou,2024,11,False,197.9,139.2,24.9
case2_0104,bangkok_tou,2024,12,False,165.2,154.5,22.4
case2_0104,bangkok_tou,2025,1,False,168.0,140.3,18.0
case2_0104,bangkok_tou,2025,2,False,198.2,144.9,19.9
case2_0104,bangkok_tou,2025,3,False,215.5,147.7,22.2
case2_0104,bangkok_tou,2025,4,False,229.7,124.7,28.2
case2_0104,bangkok_tou,2025,5,False,211.2,186.9,25.4
case2_0104,bangkok_tou,2025,6,False,177.7,131.6,21.9
case2_0104,bangkok_tou,2025,7,False,230.7,147.8,23.0
case2_0104,bangkok_tou,2025,8,False,187.7,136.4,19.6
case2_0104,bangkok_tou,2025,9,False,169.6,142.5,18.5
case2_0104,bangkok_tou,2025,10,False,189.9,118.2,20.6
case2_0104,bangkok_tou,2025,11,False,189.4,144.3,19.9
case2_0104,bangkok_tou,2025,12,False,177.4,145.1,20.0
case2_0104,bangkok_tou,2026,1,False,172.4,166.4,13.8
case2_0104,bangkok_tou,2026,2,False,217.1,167.8,17.2
case2_0104,bangkok_tou,2026,3,False,317.9,193.8,13.7
case2_0104,bangkok_tou,2026,4,False,282.1,238.1,16.8
case2_0104,bangkok_tou,2026,5,False,343.4,218.9,14.7
case2_0104,bangkok_tou,2026,6,False,305.1,214.0,15.5
case2_0104,bangkok_tou,2026,7,False,275.7,245.6,16.8
case2_0104,bangkok_tou,2026,8,False,305.1,261.8,12.7
case2_0105,bangkok_tou,2024,3,False,167.9,138.5,28.9
case2_0105,bangkok_tou,2024,4,False,223.9,122.4,28.7
case2_0105,bangkok_tou,2024,5,False,190.9,132.2,26.3
case2_0105,bangkok_tou,2024,6,False,181.1,158.7,32.0
case2_0105,bangkok_tou,2024,7,False,212.0,154.6,31.7
case2_0105,bangkok_tou,2024,8,False,182.7,112.0,31.3
case2_0105,bangkok_tou,2024,9,False,187.2,126.8,32.2
case2_0105,bangkok_tou,2024,10,False,177.7,133.3,32.4
case2_0105,bangkok_tou,2024,11,False,177.4,97.6,26.9
case2_0105,bangkok_tou,2024,12,False,130.6,101.6,28.5
case2_0105,bangkok_tou,2025,1,False,133.9,109.4,26.8
case2_0105,bangkok_tou,2025,2,False,171.8,136.9,33.1
case2_0105,bangkok_tou,2025,3,False,209.5,147.6,33.0
case2_0105,bangkok_tou,2025,4,False,230.4,124.8,32.2
case2_0105,bangkok_tou,2025,5,False,176.3,117.7,35.3
case2_0105,bangkok_tou,2025,6,False,191.6,141.8,29.7
case2_0105,bangkok_tou,2025,7,False,196.5,143.8,28.5
case2_0105,bangkok_tou,2025,8,False,139.9,125.2,34.2
case2_0105,bangkok_tou,2025,9,False,159.8,102.2,28.4
case2_0105,bangkok_tou,2025,10,False,131.8,101.3,22.3
case2_0105,bangkok_tou,2025,11,False,164.7,104.0,30.0
case2_0105,bangkok_tou,2025,12,False,164.9,68.7,29.9
case2_0105,bangkok_tou,2026,1,False,123.6,115.8,25.2
case2_0105,bangkok_tou,2026,2,False,171.0,110.9,32.3
case2_0105,bangkok_tou,2026,3,False,208.3,127.2,33.1
case2_0105,bangkok_tou,2026,4,False,232.1,163.7,33.3
case2_0105,bangkok_tou,2026,5,False,243.2,152.9,30.1
case2_0105,bangkok_tou,2026,6,False,180.4,152.8,33.4
case2_0105,bangkok_tou,2026,7,False,179.9,118.4,31.3
case2_0105,bangkok_tou,2026,8,False,172.9,112.2,26.5
case2_0106,bangkok_tou,2024,3,False,577.6,300.5,21.4
case2_0106,bangkok_tou,2024,4,False,593.6,469.5,26.3
case2_0106,bangkok_tou,2024,5,False,609.0,448.9,26.9
case2_0106,bangkok_tou,2024,6,False,519.7,386.7,27.2
case2_0106,bangkok_tou,2024,7,False,448.2,320.3,24.4
case2_0106,bangkok_tou,2024,8,False,418.2,311.7,24.5
case2_0106,bangkok_tou,2024,9,False,480.9,381.1,21.4
case2_0106,bangkok_tou,2024,10,False,416.9,269.8,21.4
case2_0106,bangkok_tou,2024,11,False,400.4,282.8,20.3
case2_0106,bangkok_tou,2024,12,False,331.9,191.8,21.2
case2_0106,bangkok_tou,2025,1,False,281.1,198.5,22.0
case2_0106,bangkok_tou,2025,2,False,531.7,270.3,18.9
case2_0106,bangkok_tou,2025,3,False,634.1,274.7,25.9
case2_0106,bangkok_tou,2025,4,False,463.5,330.5,23.8
case2_0106,bangkok_tou,2025,5,False,470.9,311.7,25.4
case2_0106,bangkok_tou,2025,6,False,512.9,282.7,27.5
case2_0106,bangkok_tou,2025,7,False,481.5,359.2,28.4
case2_0106,bangkok_tou,2025,8,False,458.4,393.3,23.2
case2_0106,bangkok_tou,2025,9,False,441.8,393.5,22.1
case2_0106,bangkok_tou,2025,10,False,444.4,312.4,22.4
case2_0106,bangkok_tou,2025,11,False,361.1,244.2,21.5
case2_0106,bangkok_tou,2025,12,False,358.6,223.9,17.6
case2_0106,bangkok_tou,2026,1,False,337.3,156.7,24.3
case2_0106,bangkok_tou,2026,2,False,458.5,320.9,21.3
case2_0106,bangkok_tou,2026,3,False,614.3,352.7,22.0
case2_0106,bangkok_tou,2026,4,False,773.3,331.7,25.9
case2_0106,bangkok_tou,2026,5,False,599.1,379.1,24.6
case2_0106,bangkok_tou,2026,6,False,499.5,342.3,26.4
case2_0106,bangkok_tou,2026,7,False,473.7,307.9,19.8
case2_0106,bangkok_tou,2026,8,False,482.6,309.9,22.1
case2_0107,bangkok_tou,2024,3,True,88.0,259.5,9.6
case2_0107,bangkok_tou,2024,4,True,133.4,288.2,12.2
case2_0107,bangkok_tou,2024,5,True,103.9,236.3,11.1
case2_0107,bangkok_tou,2024,6,True,91.7,240.1,12.4
case2_0107,bangkok_tou,2024,7,True,78.5,261.2,10.2
case2_0107,bangkok_tou,2024,8,True,73.8,279.3,10.6
case2_0107,bangkok_tou,2024,9,True,110.0,227.2,10.5
case2_0107,bangkok_tou,2024,10,True,58.9,206.7,11.3
case2_0107,bangkok_tou,2024,11,True,76.5,188.0,10.3
case2_0107,bangkok_tou,2024,12,True,62.9,138.1,10.3
case2_0107,bangkok_tou,2025,1,True,71.4,202.3,10.9
case2_0107,bangkok_tou,2025,2,True,107.9,239.4,11.8
case2_0107,bangkok_tou,2025,3,True,91.3,310.1,11.0
case2_0107,bangkok_tou,2025,4,True,96.1,351.3,10.3
case2_0107,bangkok_tou,2025,5,True,92.9,381.0,10.8
case2_0107,bangkok_tou,2025,6,True,106.3,296.3,11.7
case2_0107,bangkok_tou,2025,7,True,79.4,234.0,12.1
case2_0107,bangkok_tou,2025,8,True,86.2,242.1,9.1
case2_0107,bangkok_tou,2025,9,True,81.5,205.5,11.1
case2_0107,bangkok_tou,2025,10,True,82.0,197.3,12.5
case2_0107,bangkok_tou,2025,11,True,82.7,197.4,11.6
case2_0107,bangkok_tou,2025,12,True,54.6,165.6,11.2
case2_0107,bangkok_tou,2026,1,True,83.2,184.8,11.2
case2_0107,bangkok_tou,2026,2,True,90.1,234.8,11.0
case2_0107,bangkok_tou,2026,3,True,96.7,237.6,11.7
case2_0107,bangkok_tou,2026,4,True,130.8,275.5,12.6
case2_0107,bangkok_tou,2026,5,True,114.8,313.0,11.3
case2_0107,bangkok_tou,2026,6,True,56.0,275.3,12.0
case2_0107,bangkok_tou,2026,7,True,70.4,210.9,11.0
case2_0107,bangkok_tou,2026,8,True,93.4,246.2,14.4
case2_0108,bangkok_tou,2024,3,False,282.5,218.0,18.0
case2_0108,bangkok_tou,2024,4,False,227.4,187.0,19.8
case2_0108,bangkok_tou,2024,5,False,220.3,215.9,19.1
case2_0108,bangkok_tou,2024,6,False,232.3,236.7,19.4
case2_0108,bangkok_tou,2024,7,False,226.5,190.4,16.3
case2_0108,bangkok_tou,2024,8,False,216.0,179.0,16.3
case2_0108,bangkok_tou,2024,9,False,175.2,159.2,14.5
case2_0108,bangkok_tou,2024,10,False,213.8,174.9,15.7
case2_0108,bangkok_tou,2024,11,False,184.6,165.2,14.7
case2_0108,bangkok_tou,2024,12,False,178.4,121.2,16.6
case2_0108,bangkok_tou,2025,1,False,130.1,122.9,20.0
case2_0108,bangkok_tou,2025,2,False,212.8,159.3,18.5
case2_0108,bangkok_tou,2025,3,False,260.4,222.6,18.3
case2_0108,bangkok_tou,2025,4,False,319.5,216.5,17.7
case2_0108,bangkok_tou,2025,5,False,260.6,198.0,20.1
case2_0108,bangkok_tou,2025,6,False,214.7,212.4,19.9
case2_0108,bangkok_tou,2025,7,False,217.8,180.6,19.9
case2_0108,bangkok_tou,2025,8,False,180.6,200.1,18.8
case2_0108,bangkok_tou,2025,9,False,217.3,183.7,16.3
case2_0108,bangkok_tou,2025,10,False,179.2,168.4,18.1
case2_0108,bangkok_tou,2025,11,False,156.0,141.1,16.0
case2_0108,bangkok_tou,2025,12,False,134.4,115.0,15.1
case2_0108,bangkok_tou,2026,1,False,180.4,128.2,17.4
case2_0108,bangkok_tou,2026,2,False,250.0,143.8,18.7
case2_0108,bangkok_tou,2026,3,False,173.6,179.2,20.0
case2_0108,bangkok_tou,2026,4,False,254.1,166.6,19.6
case2_0108,bangkok_tou,2026,5,False,242.1,227.3,18.1
case2_0108,bangkok_tou,2026,6,False,206.7,192.2,17.0
case2_0108,bangkok_tou,2026,7,False,225.7,232.9,16.3
case2_0108,bangkok_tou,2026,8,False,188.8,172.6,16.3
case2_0109,bangkok_tou,2024,3,False,814.1,456.1,22.9
case2_0109,bangkok_tou,2024,4,False,875.4,365.6,23.5
case2_0109,bangkok_tou,2024,5,False,652.6,434.2,22.1
case2_0109,bangkok_tou,2024,6,False,559.7,511.4,21.3
case2_0109,bangkok_tou,2024,7,False,659.2,417.1,22.0
case2_0109,bangkok_tou,2024,8,False,633.9,349.5,22.6
case2_0109,bangkok_tou,2024,9,False,589.2,385.3,21.2
case2_0109,bangkok_tou,2024,10,False,451.2,340.9,19.9
case2_0109,bangkok_tou,2024,11,False,479.3,335.6,18.2
case2_0109,bangkok_tou,2024,12,False,448.8,227.3,14.9
case2_0109,bangkok_tou,2025,1,False,446.6,248.5,19.8
case2_0109,bangkok_tou,2025,2,False,642.9,328.1,20.5
case2_0109,bangkok_tou,2025,3,False,624.0,480.1,19.1
case2_0109,bangkok_tou,2025,4,False,789.2,563.6,19.7
case2_0109,bangkok_tou,2025,5,False,727.9,505.4,18.5
case2_0109,bangkok_tou,2025,6,False,679.9,408.5,21.2
case2_0109,bangkok_tou,2025,7,False,714.4,320.7,21.1
case2_0109,bangkok_tou,2025,8,False,474.1,377.1,19.4
case2_0109,bangkok_tou,2025,9,False,518.2,364.4,21.0
case2_0109,bangkok_tou,2025,10,False,484.1,358.1,20.7
case2_0109,bangkok_tou,2025,11,False,504.1,273.1,19.2
case2_0109,bangkok_tou,2025,12,False,442.1,262.8,18.1
case2_0109,bangkok_tou,2026,1,False,383.9,299.0,18.4
case2_0109,bangkok_tou,2026,2,False,607.3,356.0,19.4
case2_0109,bangkok_tou,2026,3,False,534.3,412.4,21.3
case2_0109,bangkok_tou,2026,4,False,882.2,495.7,20.8
case2_0109,bangkok_tou,2026,5,False,710.0,445.9,23.5
case2_0109,bangkok_tou,2026,6,False,692.0,502.4,21.7
case2_0109,bangkok_tou,2026,7,False,681.6,440.3,23.8
case2_0109,bangkok_tou,2026,8,False,700.7,433.8,20.9
case2_0110,bangkok_tou,2024,3,False,302.2,217.6,21.1
case2_0110,bangkok_tou,2024,4,False,313.3,278.5,22.6
case2_0110,bangkok_tou,2024,5,False,351.1,242.0,19.8
case2_0110,bangkok_tou,2024,6,False,293.6,226.9,23.4
case2_0110,bangkok_tou,2024,7,False,212.5,123.7,22.4
case2_0110,bangkok_tou,2024,8,False,172.3,142.8,20.5
case2_0110,bangkok_tou,2024,9,False,240.8,165.2,21.0
case2_0110,bangkok_tou,2024,10,False,265.7,159.6,19.6
case2_0110,bangkok_tou,2024,11,False,229.6,167.8,17.6
case2_0110,bangkok_tou,2024,12,False,203.6,126.9,18.6
case2_0110,bangkok_tou,2025,1,False,190.0,163.1,18.7
case2_0110,bangkok_tou,2025,2,False,332.6,154.8,18.9
case2_0110,bangkok_tou,2025,3,False,279.5,144.6,17.1
case2_0110,bangkok_tou,2025,4,False,306.5,231.3,26.5
case2_0110,bangkok_tou,2025,5,False,365.5,148.8,22.5
case2_0110,bangkok_tou,2025,6,False,248.2,171.4,20.5
case2_0110,bangkok_tou,2025,7,False,252.0,144.6,23.3
case2_0110,bangkok_tou,2025,8,False,252.2,161.4,19.5
case2_0110,bangkok_tou,2025,9,False,273.7,184.0,18.9
case2_0110,bangkok_tou,2025,10,False,321.2,137.4,21.0
case2_0110,bangkok_tou,2025,11,False,267.2,230.6,24.0
case2_0110,bangkok_tou,2025,12,False,274.5,138.6,19.9
case2_0110,bangkok_tou,2026,1,False,189.2,173.8,25.6
case2_0110,bangkok_tou,2026,2,False,273.3,186.3,24.8
case2_0110,bangkok_tou,2026,3,False,287.7,219.7,28.7
case2_0110,bangkok_tou,2026,4,False,337.7,184.6,31.3
case2_0110,bangkok_tou,2026,5,False,319.1,183.2,29.0
case2_0110,bangkok_tou,2026,6,False,337.1,214.7,25.6
case2_0110,bangkok_tou,2026,7,False,270.0,172.0,23.6
case2_0110,bangkok_tou,2026,8,False,301.9,209.9,22.4
case2_0111,bangkok_tou,2024,3,True,113.7,198.2,17.8
case2_0111,bangkok_tou,2024,4,True,149.3,276.0,15.2
case2_0111,bangkok_tou,2024,5,True,96.4,238.2,15.5
case2_0111,bangkok_tou,2024,6,True,86.7,300.9,16.3
case2_0111,bangkok_tou,2024,7,True,100.0,214.0,16.7
case2_0111,bangkok_tou,2024,8,True,87.9,239.3,15.7
case2_0111,bangkok_tou,2024,9,True,91.5,210.2,12.8
case2_0111,bangkok_tou,2024,10,True,106.4,209.1,11.8
case2_0111,bangkok_tou,2024,11,True,96.1,231.6,14.3
case2_0111,bangkok_tou,2024,12,True,70.5,203.2,11.9
case2_0111,bangkok_tou,2025,1,True,87.3,245.5,12.8
case2_0111,bangkok_tou,2025,2,True,77.3,287.5,15.2
case2_0111,bangkok_tou,2025,3,True,145.5,269.5,15.9
case2_0111,bangkok_tou,2025,4,True,126.9,336.7,17.3
case2_0111,bangkok_tou,2025,5,True,78.2,276.4,16.4
case2_0111,bangkok_tou,2025,6,True,71.8,241.3,14.3
case2_0111,bangkok_tou,2025,7,True,85.1,220.0,16.1
case2_0111,bangkok_tou,2025,8,True,89.9,202.7,13.6
case2_0111,bangkok_tou,2025,9,True,141.8,213.9,14.7
case2_0111,bangkok_tou,2025,10,True,91.6,217.4,14.1
case2_0111,bangkok_tou,2025,11,True,107.8,215.8,12.6
case2_0111,bangkok_tou,2025,12,True,82.6,248.2,14.0
case2_0111,bangkok_tou,2026,1,True,107.3,267.9,14.5
case2_0111,bangkok_tou,2026,2,True,123.7,353.9,15.8
case2_0111,bangkok_tou,2026,3,True,108.4,425.7,12.7
case2_0111,bangkok_tou,2026,4,True,136.1,340.7,14.4
case2_0111,bangkok_tou,2026,5,True,174.5,291.5,15.6
case2_0111,bangkok_tou,2026,6,True,153.3,372.6,13.2
case2_0111,bangkok_tou,2026,7,True,143.1,313.1,13.4
case2_0111,bangkok_tou,2026,8,True,133.3,323.3,14.6
case2_0112,bangkok_tou,2024,3,True,70.0,120.3,19.1
case2_0112,bangkok_tou,2024,4,True,81.0,113.3,18.0
case2_0112,bangkok_tou,2024,5,True,80.9,149.0,16.4
case2_0112,bangkok_tou,2024,6,True,74.5,149.6,15.3
case2_0112,bangkok_tou,2024,7,True,58.9,111.4,16.3
case2_0112,bangkok_tou,2024,8,True,49.9,116.7,15.6
case2_0112,bangkok_tou,2024,9,True,50.2,113.8,15.6
case2_0112,bangkok_tou,2024,10,True,46.6,111.3,13.3
case2_0112,bangkok_tou,2024,11,True,57.4,124.2,14.9
case2_0112,bangkok_tou,2024,12,True,47.3,94.7,13.6
case2_0112,bangkok_tou,2025,1,True,44.1,92.3,12.7
case2_0112,bangkok_tou,2025,2,True,50.5,79.7,10.1
case2_0112,bangkok_tou,2025,3,True,56.0,106.6,11.6
case2_0112,bangkok_tou,2025,4,True,69.4,109.9,14.9
case2_0112,bangkok_tou,2025,5,True,84.7,136.5,17.8
case2_0112,bangkok_tou,2025,6,True,54.8,122.7,15.0
case2_0112,bangkok_tou,2025,7,True,65.3,116.7,15.5
case2_0112,bangkok_tou,2025,8,True,63.1,117.0,14.5
case2_0112,bangkok_tou,2025,9,True,52.8,113.1,15.2
case2_0112,bangkok_tou,2025,10,True,53.6,83.8,12.8
case2_0112,bangkok_tou,2025,11,True,54.0,104.8,11.3
case2_0112,bangkok_tou,2025,12,True,42.0,86.3,10.7
case2_0112,bangkok_tou,2026,1,True,28.5,87.4,12.2
case2_0112,bangkok_tou,2026,2,True,56.3,85.2,11.0
case2_0112,bangkok_tou,2026,3,True,74.6,95.2,11.9
case2_0112,bangkok_tou,2026,4,True,63.7,140.2,22.3
case2_0112,bangkok_tou,2026,5,True,57.0,131.0,21.8
case2_0112,bangkok_tou,2026,6,True,63.6,104.1,19.0
case2_0112,bangkok_tou,2026,7,True,51.2,114.1,17.0
case2_0112,bangkok_tou,2026,8,True,59.8,116.8,18.1
case2_0113,bangkok_tou,2024,3,True,141.1,356.7,12.0
case2_0113,bangkok_tou,2024,4,True,176.6,342.4,11.2
case2_0113,bangkok_tou,2024,5,True,149.7,356.5,13.0
case2_0113,bangkok_tou,2024,6,True,198.7,304.5,12.7
case2_0113,bangkok_tou,2024,7,True,159.4,335.8,12.9
case2_0113,bangkok_tou,2024,8,True,135.8,265.1,12.1
case2_0113,bangkok_tou,2024,9,True,94.4,315.6,10.7
case2_0113,bangkok_tou,2024,10,True,115.7,271.7,11.7
case2_0113,bangkok_tou,2024,11,True,105.9,253.1,10.8
case2_0113,bangkok_tou,2024,12,True,95.5,217.0,9.6
case2_0113,bangkok_tou,2025,1,True,95.9,227.5,10.8
case2_0113,bangkok_tou,2025,2,True,125.7,305.3,13.4
case2_0113,bangkok_tou,2025,3,True,136.6,332.2,12.8
case2_0113,bangkok_tou,2025,4,True,194.3,333.3,12.0
case2_0113,bangkok_tou,2025,5,True,148.1,288.0,14.5
case2_0113,bangkok_tou,2025,6,True,139.5,263.2,13.1
case2_0113,bangkok_tou,2025,7,True,110.1,266.7,12.1
case2_0113,bangkok_tou,2025,8,True,76.0,256.3,11.4
case2_0113,bangkok_tou,2025,9,True,109.1,254.6,13.7
case2_0113,bangkok_tou,2025,10,True,143.0,242.9,12.2
case2_0113,bangkok_tou,2025,11,True,131.2,239.9,14.7
case2_0113,bangkok_tou,2025,12,True,80.9,213.1,11.3
case2_0113,bangkok_tou,2026,1,True,91.5,220.8,14.3
case2_0113,bangkok_tou,2026,2,True,120.5,209.3,13.5
case2_0113,bangkok_tou,2026,3,True,91.8,256.4,13.5
case2_0113,bangkok_tou,2026,4,True,142.8,279.0,14.9
case2_0113,bangkok_tou,2026,5,True,147.0,300.1,16.1
case2_0113,bangkok_tou,2026,6,True,123.6,250.1,12.8
case2_0113,bangkok_tou,2026,7,True,148.4,223.5,11.1
case2_0113,bangkok_tou,2026,8,True,96.8,273.9,13.0
case2_0114,bangkok_tou,2024,3,True,94.9,295.1,14.3
case2_0114,bangkok_tou,2024,4,True,143.1,394.0,15.3
case2_0114,bangkok_tou,2024,5,True,239.8,376.4,14.3
case2_0114,bangkok_tou,2024,6,True,95.4,288.2,13.3
case2_0114,bangkok_tou,2024,7,True,78.4,248.7,13.5
case2_0114,bangkok_tou,2024,8,True,128.9,248.8,13.4
case2_0114,bangkok_tou,2024,9,True,88.9,247.9,11.9
case2_0114,bangkok_tou,2024,10,True,136.0,269.6,13.3
case2_0114,bangkok_tou,2024,11,True,71.1,244.3,12.4
case2_0114,bangkok_tou,2024,12,True,85.6,242.0,11.3
case2_0114,bangkok_tou,2025,1,True,96.2,246.9,10.7
case2_0114,bangkok_tou,2025,2,True,97.9,245.5,10.0
case2_0114,bangkok_tou,2025,3,True,133.2,277.0,9.1
case2_0114,bangkok_tou,2025,4,True,154.1,336.0,10.5
case2_0114,bangkok_tou,2025,5,True,152.2,399.2,13.4
case2_0114,bangkok_tou,2025,6,True,177.8,327.7,13.8
case2_0114,bangkok_tou,2025,7,True,131.4,294.8,14.3
case2_0114,bangkok_tou,2025,8,True,105.1,302.5,11.6
case2_0114,bangkok_tou,2025,9,True,109.3,256.0,12.8
case2_0114,bangkok_tou,2025,10,True,121.3,267.0,13.5
case2_0114,bangkok_tou,2025,11,True,133.3,300.9,11.3
case2_0114,bangkok_tou,2025,12,True,82.7,230.4,11.1
case2_0114,bangkok_tou,2026,1,True,81.4,203.5,12.9
case2_0114,bangkok_tou,2026,2,True,81.4,263.0,11.5
case2_0114,bangkok_tou,2026,3,True,100.9,339.9,12.6
case2_0114,bangkok_tou,2026,4,True,145.8,303.8,12.1
case2_0114,bangkok_tou,2026,5,True,130.2,305.2,11.4
case2_0114,bangkok_tou,2026,6,True,160.9,368.1,12.0
case2_0114,bangkok_tou,2026,7,True,118.1,270.8,9.6
case2_0114,bangkok_tou,2026,8,True,113.6,329.4,11.0
case2_0115,bangkok_tou,2024,3,True,94.0,223.5,9.3
case2_0115,bangkok_tou,2024,4,True,125.3,346.8,10.9
case2_0115,bangkok_tou,2024,5,True,141.0,301.9,11.7
case2_0115,bangkok_tou,2024,6,True,107.0,197.1,10.7
case2_0115,bangkok_tou,2024,7,True,134.5,238.0,11.6
case2_0115,bangkok_tou,2024,8,True,131.9,230.9,9.6
case2_0115,bangkok_tou,2024,9,True,94.9,193.2,10.8
case2_0115,bangkok_tou,2024,10,True,99.1,176.1,10.0
case2_0115,bangkok_tou,2024,11,True,116.9,213.6,9.8
case2_0115,bangkok_tou,2024,12,True,80.7,162.5,9.5
case2_0115,bangkok_tou,2025,1,True,63.5,186.7,8.8
case2_0115,bangkok_tou,2025,2,True,91.4,204.1,8.7
case2_0115,bangkok_tou,2025,3,True,119.5,231.2,9.5
case2_0115,bangkok_tou,2025,4,True,104.1,211.4,12.7
case2_0115,bangkok_tou,2025,5,True,143.8,235.7,12.0
case2_0115,bangkok_tou,2025,6,True,139.5,218.3,10.6
case2_0115,bangkok_tou,2025,7,True,109.7,173.2,9.3
case2_0115,bangkok_tou,2025,8,True,92.3,215.2,10.4
case2_0115,bangkok_tou,2025,9,True,127.6,211.6,10.9
case2_0115,bangkok_tou,2025,10,True,86.7,180.5,8.0
case2_0115,bangkok_tou,2025,11,True,97.6,168.6,9.0
case2_0115,bangkok_tou,2025,12,True,71.6,165.6,8.0
case2_0115,bangkok_tou,2026,1,True,77.8,168.3,8.3
case2_0115,bangkok_tou,2026,2,True,83.4,137.4,10.4
case2_0115,bangkok_tou,2026,3,True,124.3,215.2,11.1
case2_0115,bangkok_tou,2026,4,True,146.8,300.2,11.8
case2_0115,bangkok_tou,2026,5,True,124.5,216.2,10.2
case2_0115,bangkok_tou,2026,6,True,125.7,217.8,9.3
case2_0115,bangkok_tou,2026,7,True,131.2,212.7,9.4
case2_0115,bangkok_tou,2026,8,True,92.7,241.1,9.2
case2_0116,bangkok_tou,2024,3,True,212.0,403.5,29.3
case2_0116,bangkok_tou,2024,4,True,225.1,491.3,25.6
case2_0116,bangkok_tou,2024,5,True,186.1,444.9,22.6
case2_0116,bangkok_tou,2024,6,True,201.4,503.5,22.8
case2_0116,bangkok_tou,2024,7,True,174.5,539.7,26.4
case2_0116,bangkok_tou,2024,8,True,177.0,460.4,20.8
case2_0116,bangkok_tou,2024,9,True,189.4,422.7,22.2
case2_0116,bangkok_tou,2024,10,True,145.1,419.5,23.4
case2_0116,bangkok_tou,2024,11,True,156.9,341.4,23.4
case2_0116,bangkok_tou,2024,12,True,139.0,304.8,20.8
case2_0116,bangkok_tou,2025,1,True,141.7,350.4,19.7
case2_0116,bangkok_tou,2025,2,True,164.7,330.8,18.7
case2_0116,bangkok_tou,2025,3,True,126.1,361.8,20.5
case2_0116,bangkok_tou,2025,4,True,231.3,475.9,26.1
case2_0116,bangkok_tou,2025,5,True,230.5,535.2,28.9
case2_0116,bangkok_tou,2025,6,True,197.2,424.1,26.4
case2_0116,bangkok_tou,2025,7,True,116.1,342.1,22.8
case2_0116,bangkok_tou,2025,8,True,154.4,371.4,22.1
case2_0116,bangkok_tou,2025,9,True,121.5,278.6,24.4
case2_0116,bangkok_tou,2025,10,True,108.6,377.3,23.5
case2_0116,bangkok_tou,2025,11,True,119.5,341.9,22.8
case2_0116,bangkok_tou,2025,12,True,130.2,270.3,21.4
case2_0116,bangkok_tou,2026,1,True,154.1,386.2,19.7
case2_0116,bangkok_tou,2026,2,True,166.2,316.3,16.8
case2_0116,bangkok_tou,2026,3,True,183.5,394.4,22.1
case2_0116,bangkok_tou,2026,4,True,185.6,346.1,22.9
case2_0116,bangkok_tou,2026,5,True,187.4,384.3,27.8
case2_0116,bangkok_tou,2026,6,True,167.4,317.7,25.1
case2_0116,bangkok_tou,2026,7,True,169.3,386.8,23.4
case2_0116,bangkok_tou,2026,8,True,111.2,309.2,22.2
case2_0117,bangkok_tou,2024,3,False,165.0,88.5,13.6
case2_0117,bangkok_tou,2024,4,False,191.3,123.9,12.1
case2_0117,bangkok_tou,2024,5,False,141.3,147.4,10.9
case2_0117,bangkok_tou,2024,6,False,191.8,102.5,12.1
case2_0117,bangkok_tou,2024,7,False,144.8,78.6,13.9
case2_0117,bangkok_tou,2024,8,False,152.3,93.9,12.8
case2_0117,bangkok_tou,2024,9,False,121.8,95.5,12.1
case2_0117,bangkok_tou,2024,10,False,128.1,84.1,11.5
case2_0117,bangkok_tou,2024,11,False,113.7,82.8,11.6
case2_0117,bangkok_tou,2024,12,False,86.9,69.3,12.4
case2_0117,bangkok_tou,2025,1,False,118.0,61.0,11.5
case2_0117,bangkok_tou,2025,2,False,127.2,115.5,12.9
case2_0117,bangkok_tou,2025,3,False,167.3,114.5,12.4
case2_0117,bangkok_tou,2025,4,False,204.0,81.9,12.7
case2_0117,bangkok_tou,2025,5,False,160.7,115.1,13.7
case2_0117,bangkok_tou,2025,6,False,138.8,93.1,12.6
case2_0117,bangkok_tou,2025,7,False,121.3,97.1,12.7
case2_0117,bangkok_tou,2025,8,False,133.9,88.9,12.0
case2_0117,bangkok_tou,2025,9,False,147.9,78.1,11.5
case2_0117,bangkok_tou,2025,10,False,125.8,82.2,11.5
case2_0117,bangkok_tou,2025,11,False,117.7,73.3,10.8
case2_0117,bangkok_tou,2025,12,False,102.8,72.6,10.4
case2_0117,bangkok_tou,2026,1,False,111.0,76.6,10.5
case2_0117,bangkok_tou,2026,2,False,134.7,70.5,11.5
case2_0117,bangkok_tou,2026,3,False,127.2,102.3,12.3
case2_0117,bangkok_tou,2026,4,False,179.3,125.9,12.3
case2_0117,bangkok_tou,2026,5,False,156.6,117.6,12.1
case2_0117,bangkok_tou,2026,6,False,158.4,94.4,14.4
case2_0117,bangkok_tou,2026,7,False,146.1,81.5,13.1
case2_0117,bangkok_tou,2026,8,False,123.2,89.2,13.0
case2_0118,bangkok_tou,2024,3,True,84.2,183.1,12.6
case2_0118,bangkok_tou,2024,4,True,70.8,179.2,11.7
case2_0118,bangkok_tou,2024,5,True,83.8,168.8,9.0
case2_0118,bangkok_tou,2024,6,True,65.1,155.0,11.7
case2_0118,bangkok_tou,2024,7,True,58.9,154.4,10.5
case2_0118,bangkok_tou,2024,8,True,50.3,130.9,9.4
case2_0118,bangkok_tou,2024,9,True,70.0,132.6,9.1
case2_0118,bangkok_tou,2024,10,True,53.7,138.8,9.5
case2_0118,bangkok_tou,2024,11,True,51.2,134.4,10.6
case2_0118,bangkok_tou,2024,12,True,43.1,116.2,10.7
case2_0118,bangkok_tou,2025,1,True,33.7,111.6,10.9
case2_0118,bangkok_tou,2025,2,True,45.3,146.4,11.1
case2_0118,bangkok_tou,2025,3,True,59.8,146.1,10.9
case2_0118,bangkok_tou,2025,4,True,83.4,225.2,13.3
case2_0118,bangkok_tou,2025,5,True,77.6,223.7,10.9
case2_0118,bangkok_tou,2025,6,True,51.4,247.3,10.5
case2_0118,bangkok_tou,2025,7,True,79.6,227.6,9.6
case2_0118,bangkok_tou,2025,8,True,55.5,200.0,9.5
case2_0118,bangkok_tou,2025,9,True,58.1,178.8,8.6
case2_0118,bangkok_tou,2025,10,True,61.3,188.2,9.5
case2_0118,bangkok_tou,2025,11,True,59.3,204.2,10.0
case2_0118,bangkok_tou,2025,12,True,61.2,141.5,8.7
case2_0118,bangkok_tou,2026,1,True,46.3,167.4,9.8
case2_0118,bangkok_tou,2026,2,True,64.6,206.0,10.0
case2_0118,bangkok_tou,2026,3,True,69.9,213.6,11.2
case2_0118,bangkok_tou,2026,4,True,82.5,194.3,12.4
case2_0118,bangkok_tou,2026,5,True,58.5,228.1,12.4
case2_0118,bangkok_tou,2026,6,True,53.2,191.5,11.4
case2_0118,bangkok_tou,2026,7,True,50.0,206.4,10.8
case2_0118,bangkok_tou,2026,8,True,66.8,191.6,11.5
case2_0119,bangkok_tou,2024,3,True,83.6,236.4,16.6
case2_0119,bangkok_tou,2024,4,True,97.6,190.3,19.2
case2_0119,bangkok_tou,2024,5,True,85.7,272.9,15.8
case2_0119,bangkok_tou,2024,6,True,93.8,162.0,19.4
case2_0119,bangkok_tou,2024,7,True,75.5,248.8,17.6
case2_0119,bangkok_tou,2024,8,True,65.3,252.6,15.3
case2_0119,bangkok_tou,2024,9,True,88.9,208.4,18.1
case2_0119,bangkok_tou,2024,10,True,77.9,217.4,16.3
case2_0119,bangkok_tou,2024,11,True,93.0,192.8,13.8
case2_0119,bangkok_tou,2024,12,True,41.4,144.7,14.0
case2_0119,bangkok_tou,2025,1,True,33.1,162.0,15.0
case2_0119,bangkok_tou,2025,2,True,69.9,218.6,16.6
case2_0119,bangkok_tou,2025,3,True,79.1,253.9,17.8
case2_0119,bangkok_tou,2025,4,True,106.4,255.0,22.7
case2_0119,bangkok_tou,2025,5,True,75.5,313.9,23.6
case2_0119,bangkok_tou,2025,6,True,99.2,221.6,18.6
case2_0119,bangkok_tou,2025,7,True,66.9,218.6,18.8
case2_0119,bangkok_tou,2025,8,True,101.8,219.4,18.5
case2_0119,bangkok_tou,2025,9,True,97.9,187.9,17.4
case2_0119,bangkok_tou,2025,10,True,56.8,144.9,16.8
case2_0119,bangkok_tou,2025,11,True,70.4,237.6,17.2
case2_0119,bangkok_tou,2025,12,True,39.6,183.8,18.0
case2_0119,bangkok_tou,2026,1,True,74.1,124.0,18.2
case2_0119,bangkok_tou,2026,2,True,83.8,223.4,18.5
case2_0119,bangkok_tou,2026,3,True,92.1,277.0,17.9
case2_0119,bangkok_tou,2026,4,True,110.7,261.5,19.2
case2_0119,bangkok_tou,2026,5,True,101.5,278.1,21.3
case2_0119,bangkok_tou,2026,6,True,88.4,247.5,18.7
case2_0119,bangkok_tou,2026,7,True,72.0,202.0,16.3
case2_0119,bangkok_tou,2026,8,True,86.2,239.9,17.2
case2_0120,bangkok_tou,2024,3,False,221.4,165.7,15.9
case2_0120,bangkok_tou,2024,4,False,317.9,214.7,16.9
case2_0120,bangkok_tou,2024,5,False,242.0,181.1,18.8
case2_0120,bangkok_tou,2024,6,False,198.7,181.1,17.5
case2_0120,bangkok_tou,2024,7,False,198.7,177.4,16.0
case2_0120,bangkok_tou,2024,8,False,200.8,149.3,14.7
case2_0120,bangkok_tou,2024,9,False,194.7,147.5,15.2
case2_0120,bangkok_tou,2024,10,False,231.0,207.8,16.2
case2_0120,bangkok_tou,2024,11,False,204.6,174.8,14.7
case2_0120,bangkok_tou,2024,12,False,168.1,132.2,15.1
case2_0120,bangkok_tou,2025,1,False,129.9,181.1,14.1
case2_0120,bangkok_tou,2025,2,False,228.1,151.7,15.3
case2_0120,bangkok_tou,2025,3,False,204.1,181.9,15.0
case2_0120,bangkok_tou,2025,4,False,223.2,157.3,19.7
case2_0120,bangkok_tou,2025,5,False,223.8,201.3,15.6
case2_0120,bangkok_tou,2025,6,False,237.8,158.1,17.2
case2_0120,bangkok_tou,2025,7,False,261.6,180.2,14.5
case2_0120,bangkok_tou,2025,8,False,190.2,174.3,20.0
case2_0120,bangkok_tou,2025,9,False,205.3,150.6,17.2
case2_0120,bangkok_tou,2025,10,False,176.9,137.9,14.8
case2_0120,bangkok_tou,2025,11,False,225.8,140.2,15.2
case2_0120,bangkok_tou,2025,12,False,145.5,129.6,15.7
case2_0120,bangkok_tou,2026,1,False,155.8,115.4,14.9
case2_0120,bangkok_tou,2026,2,False,198.5,169.6,14.7
case2_0120,bangkok_tou,2026,3,False,189.2,170.2,13.9
case2_0120,bangkok_tou,2026,4,False,195.2,225.5,17.2
case2_0120,bangkok_tou,2026,5,False,251.0,218.4,18.4
case2_0120,bangkok_tou,2026,6,False,264.2,221.6,16.3
case2_0120,bangkok_tou,2026,7,False,181.0,168.1,15.2
case2_0120,bangkok_tou,2026,8,False,205.8,128.1,16.4
case2_0121,bangkok_tou,2024,3,False,136.9,78.2,13.3
case2_0121,bangkok_tou,2024,4,False,178.8,71.5,11.4
case2_0121,bangkok_tou,2024,5,False,159.3,81.5,13.3
case2_0121,bangkok_tou,2024,6,False,140.3,90.9,11.8
case2_0121,bangkok_tou,2024,7,False,154.1,84.9,12.2
case2_0121,bangkok_tou,2024,8,False,112.4,59.5,10.7
case2_0121,bangkok_tou,2024,9,False,117.9,76.0,11.5
case2_0121,bangkok_tou,2024,10,False,101.1,59.3,12.3
case2_0121,bangkok_tou,2024,11,False,117.2,63.0,10.6
case2_0121,bangkok_tou,2024,12,False,96.7,60.9,10.8
case2_0121,bangkok_tou,2025,1,False,114.9,48.2,12.0
case2_0121,bangkok_tou,2025,2,False,125.3,84.7,12.4
case2_0121,bangkok_tou,2025,3,False,152.4,83.0,14.3
case2_0121,bangkok_tou,2025,4,False,149.5,98.1,17.5
case2_0121,bangkok_tou,2025,5,False,182.6,98.3,14.9
case2_0121,bangkok_tou,2025,6,False,130.2,86.0,14.7
case2_0121,bangkok_tou,2025,7,False,145.4,76.3,9.6
case2_0121,bangkok_tou,2025,8,False,152.5,84.7,10.9
case2_0121,bangkok_tou,2025,9,False,115.7,62.2,10.0
case2_0121,bangkok_tou,2025,10,False,126.0,97.2,7.8
case2_0121,bangkok_tou,2025,11,False,104.2,58.2,8.4
case2_0121,bangkok_tou,2025,12,False,88.6,69.7,9.4
case2_0121,bangkok_tou,2026,1,False,140.3,87.1,8.4
case2_0121,bangkok_tou,2026,2,False,146.7,97.6,9.8
case2_0121,bangkok_tou,2026,3,False,165.5,100.7,12.9
case2_0121,bangkok_tou,2026,4,False,169.6,104.4,11.2
case2_0121,bangkok_tou,2026,5,False,202.7,101.8,12.2
case2_0121,bangkok_tou,2026,6,False,182.0,92.4,12.2
case2_0121,bangkok_tou,2026,7,False,180.0,81.3,12.8
case2_0121,bangkok_tou,2026,8,False,117.7,89.2,13.0
case2_0122,bangkok_tou,2024,3,True,112.7,190.2,17.0
case2_0122,bangkok_tou,2024,4,True,88.2,202.1,21.3
case2_0122,bangkok_tou,2024,5,True,108.0,178.6,21.3
case2_0122,bangkok_tou,2024,6,True,76.5,167.2,19.1
case2_0122,bangkok_tou,2024,7,True,83.7,183.2,15.6
case2_0122,bangkok_tou,2024,8,True,98.6,182.3,18.8
case2_0122,bangkok_tou,2024,9,True,83.5,182.0,15.9
case2_0122,bangkok_tou,2024,10,True,91.0,187.3,17.3
case2_0122,bangkok_tou,2024,11,True,90.2,121.6,18.4
case2_0122,bangkok_tou,2024,12,True,89.3,129.6,17.6
case2_0122,bangkok_tou,2025,1,True,70.7,122.6,14.5
case2_0122,bangkok_tou,2025,2,True,61.0,163.7,16.1
case2_0122,bangkok_tou,2025,3,True,81.2,237.0,14.1
case2_0122,bangkok_tou,2025,4,True,93.8,219.0,18.6
case2_0122,bangkok_tou,2025,5,True,98.6,184.6,16.7
case2_0122,bangkok_tou,2025,6,True,125.8,187.6,15.4
case2_0122,bangkok_tou,2025,7,True,90.5,158.1,15.0
case2_0122,bangkok_tou,2025,8,True,88.1,160.9,17.2
case2_0122,bangkok_tou,2025,9,True,72.4,165.7,17.6
case2_0122,bangkok_tou,2025,10,True,73.5,131.8,16.2
case2_0122,bangkok_tou,2025,11,True,61.1,134.4,14.8
case2_0122,bangkok_tou,2025,12,True,65.5,111.3,15.5
case2_0122,bangkok_tou,2026,1,True,64.7,132.2,17.0
case2_0122,bangkok_tou,2026,2,True,88.3,158.1,17.6
case2_0122,bangkok_tou,2026,3,True,89.5,212.8,22.3
case2_0122,bangkok_tou,2026,4,True,110.7,248.4,20.3
case2_0122,bangkok_tou,2026,5,True,119.2,215.2,18.4
case2_0122,bangkok_tou,2026,6,True,106.4,221.1,18.6
case2_0122,bangkok_tou,2026,7,True,106.4,185.5,17.2
case2_0122,bangkok_tou,2026,8,True,94.1,155.3,16.8
case2_0123,bangkok_tou,2024,3,True,106.0,254.2,13.3
case2_0123,bangkok_tou,2024,4,True,107.6,227.0,14.2
case2_0123,bangkok_tou,2024,5,True,134.2,236.3,11.9
case2_0123,bangkok_tou,2024,6,True,86.5,226.9,12.8
case2_0123,bangkok_tou,2024,7,True,85.0,223.5,13.0
case2_0123,bangkok_tou,2024,8,True,75.3,203.3,11.0
case2_0123,bangkok_tou,2024,9,True,82.0,233.2,10.3
case2_0123,bangkok_tou,2024,10,True,66.5,197.0,12.4
case2_0123,bangkok_tou,2024,11,True,90.1,169.7,11.6
case2_0123,bangkok_tou,2024,12,True,68.6,148.6,9.2
case2_0123,bangkok_tou,2025,1,True,72.8,166.2,12.8
case2_0123,bangkok_tou,2025,2,True,78.4,187.1,12.2
case2_0123,bangkok_tou,2025,3,True,105.8,221.3,13.5
case2_0123,bangkok_tou,2025,4,True,126.3,259.8,11.6
case2_0123,bangkok_tou,2025,5,True,119.5,200.8,11.8
case2_0123,bangkok_tou,2025,6,True,80.0,176.2,12.5
case2_0123,bangkok_tou,2025,7,True,58.5,195.9,12.4
case2_0123,bangkok_tou,2025,8,True,101.0,192.3,12.4
case2_0123,bangkok_tou,2025,9,True,66.7,204.4,11.8
case2_0123,bangkok_tou,2025,10,True,84.3,159.3,13.1
case2_0123,bangkok_tou,2025,11,True,88.4,174.7,13.2
case2_0123,bangkok_tou,2025,12,True,79.0,143.5,9.8
case2_0123,bangkok_tou,2026,1,True,77.5,157.7,12.7
case2_0123,bangkok_tou,2026,2,True,88.6,170.5,10.8
case2_0123,bangkok_tou,2026,3,True,43.9,251.0,11.8
case2_0123,bangkok_tou,2026,4,True,101.6,270.7,13.8
case2_0123,bangkok_tou,2026,5,True,163.7,283.7,13.5
case2_0123,bangkok_tou,2026,6,True,108.6,304.0,13.0
case2_0123,bangkok_tou,2026,7,True,106.1,220.9,12.8
case2_0123,bangkok_tou,2026,8,True,98.2,235.6,15.4
case2_0124,bangkok_tou,2024,3,True,140.1,327.5,19.5
case2_0124,bangkok_tou,2024,4,True,154.7,411.4,18.6
case2_0124,bangkok_tou,2024,5,True,198.3,357.4,17.2
case2_0124,bangkok_tou,2024,6,True,136.0,348.0,21.4
case2_0124,bangkok_tou,2024,7,True,109.2,279.9,20.9
case2_0124,bangkok_tou,2024,8,True,117.3,249.7,16.3
case2_0124,bangkok_tou,2024,9,True,97.7,282.0,17.4
case2_0124,bangkok_tou,2024,10,True,112.4,260.1,16.5
case2_0124,bangkok_tou,2024,11,True,124.3,275.9,17.2
case2_0124,bangkok_tou,2024,12,True,79.2,274.1,16.4
case2_0124,bangkok_tou,2025,1,True,110.6,178.5,14.4
case2_0124,bangkok_tou,2025,2,True,102.9,277.5,16.7
case2_0124,bangkok_tou,2025,3,True,119.4,262.1,15.9
case2_0124,bangkok_tou,2025,4,True,148.4,355.8,19.5
case2_0124,bangkok_tou,2025,5,True,156.7,322.9,20.5
case2_0124,bangkok_tou,2025,6,True,153.0,291.1,22.9
case2_0124,bangkok_tou,2025,7,True,105.2,262.3,18.9
case2_0124,bangkok_tou,2025,8,True,131.1,263.8,17.4
case2_0124,bangkok_tou,2025,9,True,103.1,273.3,17.7
case2_0124,bangkok_tou,2025,10,True,127.3,207.7,15.7
case2_0124,bangkok_tou,2025,11,True,91.7,248.8,16.2
case2_0124,bangkok_tou,2025,12,True,92.6,207.8,15.7
case2_0124,bangkok_tou,2026,1,True,76.1,236.1,15.2
case2_0124,bangkok_tou,2026,2,True,101.4,242.9,13.9
case2_0124,bangkok_tou,2026,3,True,138.6,367.5,14.6
case2_0124,bangkok_tou,2026,4,True,177.1,343.1,17.8
case2_0124,bangkok_tou,2026,5,True,155.5,354.3,17.1
case2_0124,bangkok_tou,2026,6,True,139.0,289.7,18.8
case2_0124,bangkok_tou,2026,7,True,111.6,368.4,17.2
case2_0124,bangkok_tou,2026,8,True,127.1,298.1,17.7
case2_0125,bangkok_tou,2024,3,False,227.8,120.4,16.5
case2_0125,bangkok_tou,2024,4,False,197.3,158.1,16.8
case2_0125,bangkok_tou,2024,5,False,192.5,140.4,20.4
case2_0125,bangkok_tou,2024,6,False,162.1,144.9,18.3
case2_0125,bangkok_tou,2024,7,False,189.1,123.9,17.2
case2_0125,bangkok_tou,2024,8,False,200.4,123.5,15.4
case2_0125,bangkok_tou,2024,9,False,155.3,134.0,10.5
case2_0125,bangkok_tou,2024,10,False,183.2,106.9,11.8
case2_0125,bangkok_tou,2024,11,False,148.7,93.2,11.1
case2_0125,bangkok_tou,2024,12,False,147.9,94.8,13.7
case2_0125,bangkok_tou,2025,1,False,152.0,111.8,15.4
case2_0125,bangkok_tou,2025,2,False,178.8,132.2,14.3
case2_0125,bangkok_tou,2025,3,False,195.3,124.5,16.0
case2_0125,bangkok_tou,2025,4,False,239.9,151.2,14.8
case2_0125,bangkok_tou,2025,5,False,204.3,184.8,16.8
case2_0125,bangkok_tou,2025,6,False,214.7,140.2,16.2
case2_0125,bangkok_tou,2025,7,False,186.3,124.8,16.6
case2_0125,bangkok_tou,2025,8,False,154.2,136.5,15.2
case2_0125,bangkok_tou,2025,9,False,126.8,115.7,13.0
case2_0125,bangkok_tou,2025,10,False,140.9,81.2,14.9
case2_0125,bangkok_tou,2025,11,False,142.4,102.2,14.1
case2_0125,bangkok_tou,2025,12,False,119.2,87.1,15.9
case2_0125,bangkok_tou,2026,1,False,137.9,85.5,15.6
case2_0125,bangkok_tou,2026,2,False,161.0,134.6,17.3
case2_0125,bangkok_tou,2026,3,False,204.6,146.3,16.1
case2_0125,bangkok_tou,2026,4,False,178.9,155.2,18.2
case2_0125,bangkok_tou,2026,5,False,170.6,131.3,16.9
case2_0125,bangkok_tou,2026,6,False,203.4,103.5,17.3
case2_0125,bangkok_tou,2026,7,False,174.1,116.4,18.8
case2_0125,bangkok_tou,2026,8,False,182.9,117.5,17.0
case2_0126,bangkok_tou,2024,3,False,555.9,284.9,15.5
case2_0126,bangkok_tou,2024,4,False,466.1,244.9,15.3
case2_0126,bangkok_tou,2024,5,False,490.0,296.6,18.2
case2_0126,bangkok_tou,2024,6,False,383.4,234.8,14.7
case2_0126,bangkok_tou,2024,7,False,361.4,246.7,16.7
case2_0126,bangkok_tou,2024,8,False,431.2,245.5,15.3
case2_0126,bangkok_tou,2024,9,False,444.7,221.4,16.5
case2_0126,bangkok_tou,2024,10,False,365.3,286.1,16.6
case2_0126,bangkok_tou,2024,11,False,334.1,190.5,14.1
case2_0126,bangkok_tou,2024,12,False,264.9,144.1,15.9
case2_0126,bangkok_tou,2025,1,False,259.8,145.3,13.8
case2_0126,bangkok_tou,2025,2,False,393.2,240.1,15.9
case2_0126,bangkok_tou,2025,3,False,461.1,295.1,15.2
case2_0126,bangkok_tou,2025,4,False,524.7,309.8,14.5
case2_0126,bangkok_tou,2025,5,False,512.6,254.5,15.4
case2_0126,bangkok_tou,2025,6,False,468.4,286.3,18.6
case2_0126,bangkok_tou,2025,7,False,395.1,282.2,16.6
case2_0126,bangkok_tou,2025,8,False,395.4,232.6,15.6
case2_0126,bangkok_tou,2025,9,False,386.2,265.9,15.3
case2_0126,bangkok_tou,2025,10,False,422.4,210.9,16.9
case2_0126,bangkok_tou,2025,11,False,363.6,221.4,13.3
case2_0126,bangkok_tou,2025,12,False,300.2,232.4,16.1
case2_0126,bangkok_tou,2026,1,False,330.6,249.1,15.4
case2_0126,bangkok_tou,2026,2,False,334.4,208.5,18.8
case2_0126,bangkok_tou,2026,3,False,420.8,309.2,19.6
case2_0126,bangkok_tou,2026,4,False,493.3,296.2,19.7
case2_0126,bangkok_tou,2026,5,False,447.8,231.8,14.0
case2_0126,bangkok_tou,2026,6,False,496.4,273.1,13.2
case2_0126,bangkok_tou,2026,7,False,328.8,244.8,14.7
case2_0126,bangkok_tou,2026,8,False,382.5,327.4,20.1
case2_0127,bangkok_tou,2024,3,False,100.4,61.6,13.4
case2_0127,bangkok_tou,2024,4,False,117.8,55.4,12.1
case2_0127,bangkok_tou,2024,5,False,98.7,69.5,12.1
case2_0127,bangkok_tou,2024,6,False,72.4,63.1,10.8
case2_0127,bangkok_tou,2024,7,False,69.7,53.7,11.6
case2_0127,bangkok_tou,2024,8,False,68.8,59.3,11.7
case2_0127,bangkok_tou,2024,9,False,80.2,65.2,12.5
case2_0127,bangkok_tou,2024,10,False,83.8,49.2,12.6
case2_0127,bangkok_tou,2024,11,False,73.2,57.5,10.7
case2_0127,bangkok_tou,2024,12,False,50.2,44.6,13.9
case2_0127,bangkok_tou,2025,1,False,61.2,49.2,11.3
case2_0127,bangkok_tou,2025,2,False,56.3,57.7,13.4
case2_0127,bangkok_tou,2025,3,False,91.6,68.9,11.2
case2_0127,bangkok_tou,2025,4,False,141.2,90.9,13.6
case2_0127,bangkok_tou,2025,5,False,85.5,77.0,12.5
case2_0127,bangkok_tou,2025,6,False,90.6,65.4,12.2
case2_0127,bangkok_tou,2025,7,False,87.8,64.8,12.6
case2_0127,bangkok_tou,2025,8,False,84.3,57.0,11.8
case2_0127,bangkok_tou,2025,9,False,83.6,93.9,15.8
case2_0127,bangkok_tou,2025,10,False,71.3,54.0,14.9
case2_0127,bangkok_tou,2025,11,False,75.5,51.1,12.2
case2_0127,bangkok_tou,2025,12,False,59.1,51.7,10.7
case2_0127,bangkok_tou,2026,1,False,77.6,46.3,11.9
case2_0127,bangkok_tou,2026,2,False,64.2,60.3,10.9
case2_0127,bangkok_tou,2026,3,False,107.6,87.0,11.8
case2_0127,bangkok_tou,2026,4,False,124.2,94.8,12.1
case2_0127,bangkok_tou,2026,5,False,141.7,99.4,12.0
case2_0127,bangkok_tou,2026,6,False,116.7,86.5,13.8
case2_0127,bangkok_tou,2026,7,False,102.5,79.2,11.9
case2_0127,bangkok_tou,2026,8,False,91.4,87.0,13.1
case2_0128,bangkok_tou,2024,3,False,395.9,239.3,14.7
case2_0128,bangkok_tou,2024,4,False,425.8,208.1,15.1
case2_0128,bangkok_tou,2024,5,False,372.0,184.2,13.0
case2_0128,bangkok_tou,2024,6,False,319.9,230.4,13.3
case2_0128,bangkok_tou,2024,7,False,323.1,114.7,12.2
case2_0128,bangkok_tou,2024,8,False,299.1,187.0,11.4
case2_0128,bangkok_tou,2024,9,False,300.7,176.5,11.7
case2_0128,bangkok_tou,2024,10,False,264.9,138.5,12.6
case2_0128,bangkok_tou,2024,11,False,268.4,134.0,11.2
case2_0128,bangkok_tou,2024,12,False,183.1,127.2,11.7
case2_0128,bangkok_tou,2025,1,False,204.6,81.4,9.8
case2_0128,bangkok_tou,2025,2,False,286.0,156.0,11.2
case2_0128,bangkok_tou,2025,3,False,301.6,220.2,10.9
case2_0128,bangkok_tou,2025,4,False,463.8,175.2,11.8
case2_0128,bangkok_tou,2025,5,False,338.2,232.6,11.5
case2_0128,bangkok_tou,2025,6,False,335.6,180.5,9.9
case2_0128,bangkok_tou,2025,7,False,326.1,192.3,12.4
case2_0128,bangkok_tou,2025,8,False,305.2,148.0,9.6
case2_0128,bangkok_tou,2025,9,False,284.3,197.7,10.5
case2_0128,bangkok_tou,2025,10,False,331.5,179.6,10.8
case2_0128,bangkok_tou,2025,11,False,290.4,111.6,12.2
case2_0128,bangkok_tou,2025,12,False,291.0,122.4,12.2
case2_0128,bangkok_tou,2026,1,False,239.5,166.7,12.8
case2_0128,bangkok_tou,2026,2,False,276.8,145.9,11.8
case2_0128,bangkok_tou,2026,3,False,351.2,220.9,11.7
case2_0128,bangkok_tou,2026,4,False,396.0,268.0,11.5
case2_0128,bangkok_tou,2026,5,False,341.6,208.6,12.4
case2_0128,bangkok_tou,2026,6,False,309.9,219.6,12.4
case2_0128,bangkok_tou,2026,7,False,346.6,241.8,10.4
case2_0128,bangkok_tou,2026,8,False,347.1,196.7,11.3
case2_0129,bangkok_tou,2024,3,False,199.1,170.3,18.7
case2_0129,bangkok_tou,2024,4,False,227.4,193.0,16.5
case2_0129,bangkok_tou,2024,5,False,237.3,190.9,16.6
case2_0129,bangkok_tou,2024,6,False,219.0,188.3,12.3
case2_0129,bangkok_tou,2024,7,False,205.0,153.4,14.9
case2_0129,bangkok_tou,2024,8,False,168.2,132.4,17.2
case2_0129,bangkok_tou,2024,9,False,158.8,122.9,16.3
case2_0129,bangkok_tou,2024,10,False,137.4,119.4,21.1
case2_0129,bangkok_tou,2024,11,False,123.9,96.5,18.0
case2_0129,bangkok_tou,2024,12,False,119.4,82.4,15.2
case2_0129,bangkok_tou,2025,1,False,107.8,79.7,19.7
case2_0129,bangkok_tou,2025,2,False,166.0,112.1,21.7
case2_0129,bangkok_tou,2025,3,False,177.8,213.8,20.1
case2_0129,bangkok_tou,2025,4,False,235.3,200.2,19.0
case2_0129,bangkok_tou,2025,5,False,233.3,201.9,18.1
case2_0129,bangkok_tou,2025,6,False,189.0,156.5,17.7
case2_0129,bangkok_tou,2025,7,False,183.6,149.7,20.2
case2_0129,bangkok_tou,2025,8,False,175.7,153.4,16.4
case2_0129,bangkok_tou,2025,9,False,160.8,112.4,18.0
case2_0129,bangkok_tou,2025,10,False,132.0,122.0,18.8
case2_0129,bangkok_tou,2025,11,False,194.7,127.4,16.7
case2_0129,bangkok_tou,2025,12,False,141.1,107.5,19.4
case2_0129,bangkok_tou,2026,1,False,155.1,110.1,20.9
case2_0129,bangkok_tou,2026,2,False,178.5,137.4,23.2
case2_0129,bangkok_tou,2026,3,False,191.0,143.2,19.8
case2_0129,bangkok_tou,2026,4,False,235.9,201.2,20.8
case2_0129,bangkok_tou,2026,5,False,248.6,205.1,24.8
case2_0129,bangkok_tou,2026,6,False,195.2,165.1,19.6
case2_0129,bangkok_tou,2026,7,False,177.7,130.1,19.6
case2_0129,bangkok_tou,2026,8,False,178.8,128.1,18.2
case2_0130,bangkok_tou,2024,3,False,357.1,192.3,10.0
case2_0130,bangkok_tou,2024,4,False,371.1,264.8,8.5
case2_0130,bangkok_tou,2024,5,False,408.2,211.7,9.5
case2_0130,bangkok_tou,2024,6,False,387.2,228.8,8.3
case2_0130,bangkok_tou,2024,7,False,347.5,198.8,9.9
case2_0130,bangkok_tou,2024,8,False,356.0,154.2,7.7
case2_0130,bangkok_tou,2024,9,False,303.6,155.7,9.6
case2_0130,bangkok_tou,2024,10,False,294.3,160.5,8.1
case2_0130,bangkok_tou,2024,11,False,294.5,151.9,8.1
case2_0130,bangkok_tou,2024,12,False,250.7,131.4,8.8
case2_0130,bangkok_tou,2025,1,False,258.9,150.0,6.4
case2_0130,bangkok_tou,2025,2,False,296.3,182.7,8.0
case2_0130,bangkok_tou,2025,3,False,413.6,202.7,8.4
case2_0130,bangkok_tou,2025,4,False,503.4,223.5,10.5
case2_0130,bangkok_tou,2025,5,False,471.1,238.3,9.9
case2_0130,bangkok_tou,2025,6,False,388.4,233.8,9.3
case2_0130,bangkok_tou,2025,7,False,330.0,190.8,9.0
case2_0130,bangkok_tou,2025,8,False,311.0,152.4,9.4
case2_0130,bangkok_tou,2025,9,False,256.0,157.1,9.2
case2_0130,bangkok_tou,2025,10,False,302.4,162.1,7.6
case2_0130,bangkok_tou,2025,11,False,292.5,166.0,6.7
case2_0130,bangkok_tou,2025,12,False,267.9,123.5,7.1
case2_0130,bangkok_tou,2026,1,False,280.0,136.3,5.6
case2_0130,bangkok_tou,2026,2,False,311.5,195.8,8.2
case2_0130,bangkok_tou,2026,3,False,350.6,180.8,9.3
case2_0130,bangkok_tou,2026,4,False,474.2,283.8,8.9
case2_0130,bangkok_tou,2026,5,False,455.7,224.4,8.6
case2_0130,bangkok_tou,2026,6,False,365.1,178.0,8.6
case2_0130,bangkok_tou,2026,7,False,365.9,193.6,8.8
case2_0130,bangkok_tou,2026,8,False,374.9,185.9,9.8
case2_0131,bangkok_tou,2024,3,True,362.9,664.7,26.6
case2_0131,bangkok_tou,2024,4,True,420.3,774.4,26.5
case2_0131,bangkok_tou,2024,5,True,370.9,694.6,24.6
case2_0131,bangkok_tou,2024,6,True,485.5,628.2,26.9
case2_0131,bangkok_tou,2024,7,True,235.2,583.2,21.9
case2_0131,bangkok_tou,2024,8,True,402.8,673.1,26.2
case2_0131,bangkok_tou,2024,9,True,366.1,694.5,21.4
case2_0131,bangkok_tou,2024,10,True,361.3,695.2,22.7
case2_0131,bangkok_tou,2024,11,True,320.2,618.6,23.6
case2_0131,bangkok_tou,2024,12,True,279.3,485.0,21.8
case2_0131,bangkok_tou,2025,1,True,300.3,462.1,22.3
case2_0131,bangkok_tou,2025,2,True,263.3,510.4,24.5
case2_0131,bangkok_tou,2025,3,True,351.8,757.3,30.1
case2_0131,bangkok_tou,2025,4,True,353.8,691.9,32.0
case2_0131,bangkok_tou,2025,5,True,319.2,591.5,30.9
case2_0131,bangkok_tou,2025,6,True,321.1,747.3,27.3
case2_0131,bangkok_tou,2025,7,True,374.6,622.6,28.5
case2_0131,bangkok_tou,2025,8,True,304.0,625.8,31.6
case2_0131,bangkok_tou,2025,9,True,339.2,703.9,28.2
case2_0131,bangkok_tou,2025,10,True,284.8,535.4,25.5
case2_0131,bangkok_tou,2025,11,True,278.2,642.2,27.7
case2_0131,bangkok_tou,2025,12,True,270.3,497.4,22.7
case2_0131,bangkok_tou,2026,1,True,258.7,501.2,25.9
case2_0131,bangkok_tou,2026,2,True,404.0,541.0,30.4
case2_0131,bangkok_tou,2026,3,True,351.2,688.7,30.6
case2_0131,bangkok_tou,2026,4,True,437.9,938.5,27.7
case2_0131,bangkok_tou,2026,5,True,326.7,690.0,23.9
case2_0131,bangkok_tou,2026,6,True,328.3,700.8,25.4
case2_0131,bangkok_tou,2026,7,True,417.3,651.6,28.9
case2_0131,bangkok_tou,2026,8,True,339.6,708.2,29.3
case2_0132,bangkok_tou,2024,3,True,166.2,302.4,14.0
case2_0132,bangkok_tou,2024,4,True,152.0,337.5,12.9
case2_0132,bangkok_tou,2024,5,True,150.2,347.8,15.0
case2_0132,bangkok_tou,2024,6,True,140.4,315.5,12.5
case2_0132,bangkok_tou,2024,7,True,113.3,328.1,13.6
case2_0132,bangkok_tou,2024,8,True,99.8,278.5,13.4
case2_0132,bangkok_tou,2024,9,True,135.3,281.0,13.5
case2_0132,bangkok_tou,2024,10,True,86.1,240.9,12.9
case2_0132,bangkok_tou,2024,11,True,122.0,231.3,12.5
case2_0132,bangkok_tou,2024,12,True,79.2,188.4,11.7
case2_0132,bangkok_tou,2025,1,True,78.5,158.7,13.8
case2_0132,bangkok_tou,2025,2,True,87.7,281.3,13.9
case2_0132,bangkok_tou,2025,3,True,105.5,286.6,13.3
case2_0132,bangkok_tou,2025,4,True,137.4,303.7,15.0
case2_0132,bangkok_tou,2025,5,True,139.6,263.3,14.3
case2_0132,bangkok_tou,2025,6,True,137.9,261.9,12.5
case2_0132,bangkok_tou,2025,7,True,125.8,201.0,13.8
case2_0132,bangkok_tou,2025,8,True,112.1,203.7,14.8
case2_0132,bangkok_tou,2025,9,True,96.3,202.7,13.8
case2_0132,bangkok_tou,2025,10,True,95.9,214.0,15.1
case2_0132,bangkok_tou,2025,11,True,76.2,192.7,10.9
case2_0132,bangkok_tou,2025,12,True,84.3,186.1,11.8
case2_0132,bangkok_tou,2026,1,True,95.8,176.0,12.3
case2_0132,bangkok_tou,2026,2,True,101.4,226.7,10.0
case2_0132,bangkok_tou,2026,3,True,97.4,281.2,11.3
case2_0132,bangkok_tou,2026,4,True,126.4,278.2,12.9
case2_0132,bangkok_tou,2026,5,True,102.4,291.8,12.4
case2_0132,bangkok_tou,2026,6,True,128.6,252.5,13.3
case2_0132,bangkok_tou,2026,7,True,97.0,264.9,12.0
case2_0132,bangkok_tou,2026,8,True,117.1,262.4,12.2
case2_0133,bangkok_tou,2024,3,False,311.5,146.4,30.7
case2_0133,bangkok_tou,2024,4,False,357.2,230.2,35.2
case2_0133,bangkok_tou,2024,5,False,377.2,239.2,36.7
case2_0133,bangkok_tou,2024,6,False,355.4,214.8,29.7
case2_0133,bangkok_tou,2024,7,False,340.0,125.3,30.7
case2_0133,bangkok_tou,2024,8,False,272.7,190.4,32.3
case2_0133,bangkok_tou,2024,9,False,238.3,158.2,35.1
case2_0133,bangkok_tou,2024,10,False,269.0,126.3,27.4
case2_0133,bangkok_tou,2024,11,False,234.2,157.4,29.5
case2_0133,bangkok_tou,2024,12,False,214.2,131.4,29.0
case2_0133,bangkok_tou,2025,1,False,198.4,120.2,31.0
case2_0133,bangkok_tou,2025,2,False,286.6,205.6,32.3
case2_0133,bangkok_tou,2025,3,False,379.1,226.1,33.9
case2_0133,bangkok_tou,2025,4,False,426.9,232.7,32.5
case2_0133,bangkok_tou,2025,5,False,454.7,341.4,28.2
case2_0133,bangkok_tou,2025,6,False,362.2,289.7,36.6
case2_0133,bangkok_tou,2025,7,False,353.6,218.4,32.0
case2_0133,bangkok_tou,2025,8,False,316.1,256.7,30.5
case2_0133,bangkok_tou,2025,9,False,295.2,194.5,28.8
case2_0133,bangkok_tou,2025,10,False,320.9,174.3,31.1
case2_0133,bangkok_tou,2025,11,False,266.9,234.6,29.2
case2_0133,bangkok_tou,2025,12,False,251.5,190.8,23.4
case2_0133,bangkok_tou,2026,1,False,293.3,157.8,29.3
case2_0133,bangkok_tou,2026,2,False,392.4,220.7,27.5
case2_0133,bangkok_tou,2026,3,False,361.8,228.2,29.4
case2_0133,bangkok_tou,2026,4,False,552.7,304.8,33.9
case2_0133,bangkok_tou,2026,5,False,474.1,264.5,33.4
case2_0133,bangkok_tou,2026,6,False,389.5,225.9,28.5
case2_0133,bangkok_tou,2026,7,False,420.0,236.5,25.4
case2_0133,bangkok_tou,2026,8,False,372.2,211.2,27.0
case2_0134,bangkok_tou,2024,3,False,367.0,247.2,16.9
case2_0134,bangkok_tou,2024,4,False,457.4,335.8,19.3
case2_0134,bangkok_tou,2024,5,False,418.8,309.8,19.7
case2_0134,bangkok_tou,2024,6,False,438.9,231.6,23.0
case2_0134,bangkok_tou,2024,7,False,375.1,237.3,21.5
case2_0134,bangkok_tou,2024,8,False,302.0,214.4,18.2
case2_0134,bangkok_tou,2024,9,False,363.0,213.6,20.0
case2_0134,bangkok_tou,2024,10,False,370.1,200.9,17.7
case2_0134,bangkok_tou,2024,11,False,319.8,213.7,12.6
case2_0134,bangkok_tou,2024,12,False,238.2,168.3,16.7
case2_0134,bangkok_tou,2025,1,False,267.3,176.7,15.3
case2_0134,bangkok_tou,2025,2,False,406.4,238.2,19.4
case2_0134,bangkok_tou,2025,3,False,312.6,269.5,22.6
case2_0134,bangkok_tou,2025,4,False,404.8,326.9,20.5
case2_0134,bangkok_tou,2025,5,False,446.8,215.4,21.7
case2_0134,bangkok_tou,2025,6,False,457.0,236.0,20.9
case2_0134,bangkok_tou,2025,7,False,380.5,294.3,19.0
case2_0134,bangkok_tou,2025,8,False,320.5,276.4,19.1
case2_0134,bangkok_tou,2025,9,False,333.7,227.4,19.3
case2_0134,bangkok_tou,2025,10,False,340.0,181.6,17.7
case2_0134,bangkok_tou,2025,11,False,312.1,206.6,19.3
case2_0134,bangkok_tou,2025,12,False,251.0,228.7,18.1
case2_0134,bangkok_tou,2026,1,False,341.6,187.5,18.7
case2_0134,bangkok_tou,2026,2,False,324.1,275.2,20.5
case2_0134,bangkok_tou,2026,3,False,410.3,211.9,18.7
case2_0134,bangkok_tou,2026,4,False,409.2,324.3,21.1
case2_0134,bangkok_tou,2026,5,False,422.1,295.8,21.7
case2_0134,bangkok_tou,2026,6,False,404.4,283.5,25.2
case2_0134,bangkok_tou,2026,7,False,371.5,265.4,21.5
case2_0134,bangkok_tou,2026,8,False,354.1,218.3,20.9
case2_0135,bangkok_tou,2024,3,False,129.5,127.8,16.3
case2_0135,bangkok_tou,2024,4,False,134.7,138.2,17.8
case2_0135,bangkok_tou,2024,5,False,128.5,105.9,18.1
case2_0135,bangkok_tou,2024,6,False,145.2,114.2,15.7
case2_0135,bangkok_tou,2024,7,False,124.5,108.3,12.3
case2_0135,bangkok_tou,2024,8,False,104.2,98.6,12.7
case2_0135,bangkok_tou,2024,9,False,93.6,83.4,13.3
case2_0135,bangkok_tou,2024,10,False,92.2,111.4,15.2
case2_0135,bangkok_tou,2024,11,False,85.7,108.3,12.1
case2_0135,bangkok_tou,2024,12,False,96.0,89.3,11.9
case2_0135,bangkok_tou,2025,1,False,95.0,74.1,14.0
case2_0135,bangkok_tou,2025,2,False,97.8,124.3,15.5
case2_0135,bangkok_tou,2025,3,False,119.2,99.4,16.9
case2_0135,bangkok_tou,2025,4,False,120.9,109.0,12.2
case2_0135,bangkok_tou,2025,5,False,134.4,126.3,13.3
case2_0135,bangkok_tou,2025,6,False,101.5,106.6,14.4
case2_0135,bangkok_tou,2025,7,False,109.8,108.0,13.6
case2_0135,bangkok_tou,2025,8,False,96.0,119.5,14.1
case2_0135,bangkok_tou,2025,9,False,116.4,112.7,12.9
case2_0135,bangkok_tou,2025,10,False,96.1,105.1,14.6
case2_0135,bangkok_tou,2025,11,False,110.6,87.9,13.8
case2_0135,bangkok_tou,2025,12,False,94.4,76.3,12.6
case2_0135,bangkok_tou,2026,1,False,80.1,90.0,12.8
case2_0135,bangkok_tou,2026,2,False,109.7,80.5,12.2
case2_0135,bangkok_tou,2026,3,False,137.0,129.8,14.5
case2_0135,bangkok_tou,2026,4,False,114.3,138.6,14.8
case2_0135,bangkok_tou,2026,5,False,121.6,149.3,14.5
case2_0135,bangkok_tou,2026,6,False,117.7,103.2,12.2
case2_0135,bangkok_tou,2026,7,False,112.7,124.0,12.7
case2_0135,bangkok_tou,2026,8,False,127.9,115.9,14.6
case2_0136,bangkok_tou,2024,3,True,106.6,435.0,13.5
case2_0136,bangkok_tou,2024,4,True,153.3,518.8,14.5
case2_0136,bangkok_tou,2024,5,True,219.5,499.5,12.9
case2_0136,bangkok_tou,2024,6,True,84.0,542.2,13.0
case2_0136,bangkok_tou,2024,7,True,202.3,469.9,12.0
case2_0136,bangkok_tou,2024,8,True,137.4,407.9,14.6
case2_0136,bangkok_tou,2024,9,True,123.4,381.8,13.4
case2_0136,bangkok_tou,2024,10,True,108.4,454.3,13.1
case2_0136,bangkok_tou,2024,11,True,165.1,378.9,12.4
case2_0136,bangkok_tou,2024,12,True,112.9,268.5,11.6
case2_0136,bangkok_tou,2025,1,True,97.2,331.9,11.3
case2_0136,bangkok_tou,2025,2,True,148.4,425.8,11.3
case2_0136,bangkok_tou,2025,3,True,168.4,546.0,14.8
case2_0136,bangkok_tou,2025,4,True,190.3,542.9,13.5
case2_0136,bangkok_tou,2025,5,True,121.9,578.5,11.2
case2_0136,bangkok_tou,2025,6,True,121.5,563.7,11.7
case2_0136,bangkok_tou,2025,7,True,179.8,432.1,12.8
case2_0136,bangkok_tou,2025,8,True,126.7,441.3,13.9
case2_0136,bangkok_tou,2025,9,True,120.9,325.9,12.2
case2_0136,bangkok_tou,2025,10,True,107.3,356.6,11.5
case2_0136,bangkok_tou,2025,11,True,97.8,359.2,13.4
case2_0136,bangkok_tou,2025,12,True,98.3,313.3,11.9
case2_0136,bangkok_tou,2026,1,True,75.8,319.0,12.0
case2_0136,bangkok_tou,2026,2,True,102.2,378.0,13.2
case2_0136,bangkok_tou,2026,3,True,95.8,390.6,14.0
case2_0136,bangkok_tou,2026,4,True,195.9,417.6,14.8
case2_0136,bangkok_tou,2026,5,True,129.3,494.1,16.7
case2_0136,bangkok_tou,2026,6,True,138.0,422.7,14.0
case2_0136,bangkok_tou,2026,7,True,125.3,435.7,14.2
case2_0136,bangkok_tou,2026,8,True,148.5,430.5,13.4
case2_0137,bangkok_tou,2024,3,False,439.4,247.5,18.3
case2_0137,bangkok_tou,2024,4,False,469.0,329.3,18.8
case2_0137,bangkok_tou,2024,5,False,435.5,268.7,18.6
case2_0137,bangkok_tou,2024,6,False,447.1,283.6,18.0
case2_0137,bangkok_tou,2024,7,False,318.0,279.6,18.3
case2_0137,bangkok_tou,2024,8,False,367.2,214.1,17.3
case2_0137,bangkok_tou,2024,9,False,300.5,255.3,19.7
case2_0137,bangkok_tou,2024,10,False,264.1,192.0,18.9
case2_0137,bangkok_tou,2024,11,False,374.3,198.7,19.2
case2_0137,bangkok_tou,2024,12,False,315.5,178.0,16.0
case2_0137,bangkok_tou,2025,1,False,312.8,198.3,16.7
case2_0137,bangkok_tou,2025,2,False,439.8,256.2,17.5
case2_0137,bangkok_tou,2025,3,False,478.7,326.5,20.0
case2_0137,bangkok_tou,2025,4,False,454.4,435.2,17.8
case2_0137,bangkok_tou,2025,5,False,485.5,367.8,13.7
case2_0137,bangkok_tou,2025,6,False,505.9,306.2,16.6
case2_0137,bangkok_tou,2025,7,False,419.5,269.2,16.9
case2_0137,bangkok_tou,2025,8,False,307.2,257.9,15.4
case2_0137,bangkok_tou,2025,9,False,323.9,230.6,14.2
case2_0137,bangkok_tou,2025,10,False,325.2,186.5,17.8
case2_0137,bangkok_tou,2025,11,False,331.5,252.3,15.4
case2_0137,bangkok_tou,2025,12,False,264.9,162.3,17.8
case2_0137,bangkok_tou,2026,1,False,273.9,149.5,13.9
case2_0137,bangkok_tou,2026,2,False,334.7,221.2,16.5
case2_0137,bangkok_tou,2026,3,False,379.0,318.1,16.9
case2_0137,bangkok_tou,2026,4,False,558.3,309.4,19.6
case2_0137,bangkok_tou,2026,5,False,349.0,246.0,21.7
case2_0137,bangkok_tou,2026,6,False,317.5,231.0,18.9
case2_0137,bangkok_tou,2026,7,False,376.9,362.1,15.4
case2_0137,bangkok_tou,2026,8,False,406.4,269.6,16.3
case2_0138,bangkok_tou,2024,3,False,256.8,181.3,18.5
case2_0138,bangkok_tou,2024,4,False,270.6,192.6,20.2
case2_0138,bangkok_tou,2024,5,False,284.8,160.5,21.4
case2_0138,bangkok_tou,2024,6,False,238.2,144.1,19.1
case2_0138,bangkok_tou,2024,7,False,335.9,144.6,17.0
case2_0138,bangkok_tou,2024,8,False,289.4,115.1,15.9
case2_0138,bangkok_tou,2024,9,False,291.3,100.7,17.7
case2_0138,bangkok_tou,2024,10,False,202.6,118.9,19.7
case2_0138,bangkok_tou,2024,11,False,157.9,108.7,20.6
case2_0138,bangkok_tou,2024,12,False,169.4,96.3,21.6
case2_0138,bangkok_tou,2025,1,False,163.9,94.8,18.0
case2_0138,bangkok_tou,2025,2,False,173.8,99.7,22.5
case2_0138,bangkok_tou,2025,3,False,196.8,105.9,25.1
case2_0138,bangkok_tou,2025,4,False,292.5,134.8,25.2
case2_0138,bangkok_tou,2025,5,False,247.9,140.7,21.0
case2_0138,bangkok_tou,2025,6,False,233.2,144.1,22.9
case2_0138,bangkok_tou,2025,7,False,188.7,105.6,20.4
case2_0138,bangkok_tou,2025,8,False,253.4,125.8,21.1
case2_0138,bangkok_tou,2025,9,False,240.0,98.3,21.9
case2_0138,bangkok_tou,2025,10,False,158.4,107.7,20.4
case2_0138,bangkok_tou,2025,11,False,182.7,134.4,20.2
case2_0138,bangkok_tou,2025,12,False,128.2,94.9,19.0
case2_0138,bangkok_tou,2026,1,False,146.5,81.6,22.2
case2_0138,bangkok_tou,2026,2,False,157.9,83.8,23.8
case2_0138,bangkok_tou,2026,3,False,195.0,124.8,24.2
case2_0138,bangkok_tou,2026,4,False,181.2,100.6,26.6
case2_0138,bangkok_tou,2026,5,False,241.7,112.2,24.8
case2_0138,bangkok_tou,2026,6,False,265.6,116.2,25.2
case2_0138,bangkok_tou,2026,7,False,236.1,117.9,25.0
case2_0138,bangkok_tou,2026,8,False,202.9,102.1,23.0
case2_0139,bangkok_tou,2024,3,False,388.4,204.4,17.2
case2_0139,bangkok_tou,2024,4,False,423.5,254.8,19.8
case2_0139,bangkok_tou,2024,5,False,482.0,277.3,19.5
case2_0139,bangkok_tou,2024,6,False,333.1,235.9,17.4
case2_0139,bangkok_tou,2024,7,False,273.6,189.1,17.2
case2_0139,bangkok_tou,2024,8,False,308.3,209.5,18.7
case2_0139,bangkok_tou,2024,9,False,289.7,183.3,16.5
case2_0139,bangkok_tou,2024,10,False,283.9,188.0,18.8
case2_0139,bangkok_tou,2024,11,False,320.3,169.2,18.4
case2_0139,bangkok_tou,2024,12,False,252.9,198.0,17.0
case2_0139,bangkok_tou,2025,1,False,225.9,189.1,16.3
case2_0139,bangkok_tou,2025,2,False,381.0,261.4,19.3
case2_0139,bangkok_tou,2025,3,False,358.5,234.2,20.4
case2_0139,bangkok_tou,2025,4,False,397.4,389.9,21.0
case2_0139,bangkok_tou,2025,5,False,379.0,291.4,20.0
case2_0139,bangkok_tou,2025,6,False,365.4,222.7,18.5
case2_0139,bangkok_tou,2025,7,False,352.3,234.9,16.1
case2_0139,bangkok_tou,2025,8,False,363.2,231.5,17.8
case2_0139,bangkok_tou,2025,9,False,325.7,251.2,18.6
case2_0139,bangkok_tou,2025,10,False,299.9,228.3,17.5
case2_0139,bangkok_tou,2025,11,False,254.9,236.9,14.5
case2_0139,bangkok_tou,2025,12,False,232.1,155.5,17.4
case2_0139,bangkok_tou,2026,1,False,273.9,217.6,17.3
case2_0139,bangkok_tou,2026,2,False,318.9,223.6,19.5
case2_0139,bangkok_tou,2026,3,False,333.5,239.5,20.3
case2_0139,bangkok_tou,2026,4,False,378.4,240.9,17.4
case2_0139,bangkok_tou,2026,5,False,410.1,256.6,20.7
case2_0139,bangkok_tou,2026,6,False,344.1,286.7,16.1
case2_0139,bangkok_tou,2026,7,False,304.7,237.8,17.0
case2_0139,bangkok_tou,2026,8,False,348.3,174.9,15.3
case2_0140,bangkok_tou,2024,3,False,302.9,267.7,24.3
case2_0140,bangkok_tou,2024,4,False,268.2,272.8,21.3
case2_0140,bangkok_tou,2024,5,False,261.7,231.9,20.8
case2_0140,bangkok_tou,2024,6,False,253.3,239.6,20.3
case2_0140,bangkok_tou,2024,7,False,257.1,217.6,19.7
case2_0140,bangkok_tou,2024,8,False,152.3,195.4,21.5
case2_0140,bangkok_tou,2024,9,False,178.8,150.8,22.8
case2_0140,bangkok_tou,2024,10,False,191.1,179.1,19.6
case2_0140,bangkok_tou,2024,11,False,193.9,165.3,19.9
case2_0140,bangkok_tou,2024,12,False,152.2,150.3,17.8
case2_0140,bangkok_tou,2025,1,False,163.7,135.4,20.9
case2_0140,bangkok_tou,2025,2,False,217.1,188.3,17.6
case2_0140,bangkok_tou,2025,3,False,301.2,231.5,17.3
case2_0140,bangkok_tou,2025,4,False,317.7,305.1,21.2
case2_0140,bangkok_tou,2025,5,False,263.9,288.7,21.3
case2_0140,bangkok_tou,2025,6,False,215.1,189.7,20.8
case2_0140,bangkok_tou,2025,7,False,127.7,109.8,22.5
case2_0140,bangkok_tou,2025,8,False,111.8,115.5,21.7
case2_0140,bangkok_tou,2025,9,False,119.1,121.9,21.6
case2_0140,bangkok_tou,2025,10,False,173.4,115.0,19.5
case2_0140,bangkok_tou,2025,11,False,159.8,124.0,21.6
case2_0140,bangkok_tou,2025,12,False,133.5,101.7,17.5
case2_0140,bangkok_tou,2026,1,False,133.7,98.5,16.1
case2_0140,bangkok_tou,2026,2,False,140.8,116.1,22.0
case2_0140,bangkok_tou,2026,3,False,167.7,183.5,22.2
case2_0140,bangkok_tou,2026,4,False,194.1,184.9,23.3
case2_0140,bangkok_tou,2026,5,False,194.7,202.5,26.1
case2_0140,bangkok_tou,2026,6,False,173.9,162.6,25.1
case2_0140,bangkok_tou,2026,7,False,183.9,138.8,22.3
case2_0140,bangkok_tou,2026,8,False,127.5,117.9,22.2
case2_0141,bangkok_tou,2024,3,False,165.2,103.2,16.8
case2_0141,bangkok_tou,2024,4,False,226.0,140.6,16.7
case2_0141,bangkok_tou,2024,5,False,192.8,123.0,18.0
case2_0141,bangkok_tou,2024,6,False,171.0,132.4,18.8
case2_0141,bangkok_tou,2024,7,False,186.2,159.9,16.9
case2_0141,bangkok_tou,2024,8,False,163.3,118.8,16.2
case2_0141,bangkok_tou,2024,9,False,147.1,133.3,17.4
case2_0141,bangkok_tou,2024,10,False,148.1,104.6,16.9
case2_0141,bangkok_tou,2024,11,False,171.2,105.5,15.3
case2_0141,bangkok_tou,2024,12,False,110.7,108.8,13.4
case2_0141,bangkok_tou,2025,1,False,120.8,84.0,16.1
case2_0141,bangkok_tou,2025,2,False,142.0,120.4,13.5
case2_0141,bangkok_tou,2025,3,False,195.0,131.7,16.1
case2_0141,bangkok_tou,2025,4,False,189.8,140.1,16.6
case2_0141,bangkok_tou,2025,5,False,159.6,156.3,16.2
case2_0141,bangkok_tou,2025,6,False,163.6,163.6,14.8
case2_0141,bangkok_tou,2025,7,False,178.5,128.2,18.5
case2_0141,bangkok_tou,2025,8,False,125.0,101.3,15.8
case2_0141,bangkok_tou,2025,9,False,143.6,126.0,16.8
case2_0141,bangkok_tou,2025,10,False,133.6,105.4,16.0
case2_0141,bangkok_tou,2025,11,False,125.6,104.0,16.3
case2_0141,bangkok_tou,2025,12,False,132.4,68.8,15.4
case2_0141,bangkok_tou,2026,1,False,108.1,96.2,14.9
case2_0141,bangkok_tou,2026,2,False,154.9,128.3,16.4
case2_0141,bangkok_tou,2026,3,False,155.2,122.1,18.3
case2_0141,bangkok_tou,2026,4,False,191.1,129.8,15.9
case2_0141,bangkok_tou,2026,5,False,226.4,127.7,16.9
case2_0141,bangkok_tou,2026,6,False,196.6,117.0,13.8
case2_0141,bangkok_tou,2026,7,False,162.7,164.9,15.1
case2_0141,bangkok_tou,2026,8,False,163.2,120.6,13.6
case2_0142,bangkok_tou,2024,3,False,155.5,108.2,23.2
case2_0142,bangkok_tou,2024,4,False,174.4,135.5,30.0
case2_0142,bangkok_tou,2024,5,False,178.5,114.2,24.8
case2_0142,bangkok_tou,2024,6,False,191.8,100.9,18.8
case2_0142,bangkok_tou,2024,7,False,134.9,114.3,22.7
case2_0142,bangkok_tou,2024,8,False,163.1,89.1,22.7
case2_0142,bangkok_tou,2024,9,False,169.0,109.1,25.9
case2_0142,bangkok_tou,2024,10,False,135.8,95.5,26.2
case2_0142,bangkok_tou,2024,11,False,98.3,100.8,21.7
case2_0142,bangkok_tou,2024,12,False,85.8,67.7,20.5
case2_0142,bangkok_tou,2025,1,False,107.7,56.8,25.2
case2_0142,bangkok_tou,2025,2,False,89.9,67.4,21.8
case2_0142,bangkok_tou,2025,3,False,111.6,90.3,20.1
case2_0142,bangkok_tou,2025,4,False,148.2,127.6,25.3
case2_0142,bangkok_tou,2025,5,False,171.0,113.9,24.3
case2_0142,bangkok_tou,2025,6,False,131.0,96.7,26.8
case2_0142,bangkok_tou,2025,7,False,128.2,85.0,25.2
case2_0142,bangkok_tou,2025,8,False,140.5,82.3,24.8
case2_0142,bangkok_tou,2025,9,False,141.1,72.5,21.2
case2_0142,bangkok_tou,2025,10,False,147.5,90.4,23.1
case2_0142,bangkok_tou,2025,11,False,136.1,73.7,22.8
case2_0142,bangkok_tou,2025,12,False,111.9,77.1,20.4
case2_0142,bangkok_tou,2026,1,False,111.7,81.3,22.9
case2_0142,bangkok_tou,2026,2,False,140.5,95.9,24.1
case2_0142,bangkok_tou,2026,3,False,149.8,96.5,25.4
case2_0142,bangkok_tou,2026,4,False,163.2,125.4,24.5
case2_0142,bangkok_tou,2026,5,False,208.4,115.2,28.2
case2_0142,bangkok_tou,2026,6,False,144.1,94.2,22.5
case2_0142,bangkok_tou,2026,7,False,143.4,94.8,17.1
case2_0142,bangkok_tou,2026,8,False,150.2,105.8,21.4
case2_0143,bangkok_tou,2024,3,True,192.6,544.6,12.1
case2_0143,bangkok_tou,2024,4,True,265.7,670.9,11.9
case2_0143,bangkok_tou,2024,5,True,269.6,581.1,12.8
case2_0143,bangkok_tou,2024,6,True,183.1,521.9,13.0
case2_0143,bangkok_tou,2024,7,True,183.7,409.7,10.7
case2_0143,bangkok_tou,2024,8,True,181.7,404.1,10.9
case2_0143,bangkok_tou,2024,9,True,204.2,414.5,11.4
case2_0143,bangkok_tou,2024,10,True,158.9,390.7,11.0
case2_0143,bangkok_tou,2024,11,True,265.8,438.2,11.1
case2_0143,bangkok_tou,2024,12,True,167.5,350.9,11.5
case2_0143,bangkok_tou,2025,1,True,167.4,378.5,13.1
case2_0143,bangkok_tou,2025,2,True,162.0,418.1,11.0
case2_0143,bangkok_tou,2025,3,True,205.8,526.2,11.3
case2_0143,bangkok_tou,2025,4,True,254.3,597.3,12.3
case2_0143,bangkok_tou,2025,5,True,163.1,563.2,11.5
case2_0143,bangkok_tou,2025,6,True,310.4,521.0,9.8
case2_0143,bangkok_tou,2025,7,True,175.0,465.4,10.7
case2_0143,bangkok_tou,2025,8,True,154.9,472.7,9.2
case2_0143,bangkok_tou,2025,9,True,208.4,339.8,9.0
case2_0143,bangkok_tou,2025,10,True,201.9,481.9,9.5
case2_0143,bangkok_tou,2025,11,True,207.7,437.8,10.3
case2_0143,bangkok_tou,2025,12,True,146.4,298.1,9.2
case2_0143,bangkok_tou,2026,1,True,133.7,322.1,9.9
case2_0143,bangkok_tou,2026,2,True,148.5,291.9,9.3
case2_0143,bangkok_tou,2026,3,True,190.9,399.3,11.5
case2_0143,bangkok_tou,2026,4,True,352.1,536.6,11.1
case2_0143,bangkok_tou,2026,5,True,213.1,550.5,10.1
case2_0143,bangkok_tou,2026,6,True,247.8,513.1,11.3
case2_0143,bangkok_tou,2026,7,True,222.4,525.8,9.6
case2_0143,bangkok_tou,2026,8,True,219.3,440.5,10.5
case2_0144,bangkok_tou,2024,3,False,480.7,340.9,14.8
case2_0144,bangkok_tou,2024,4,False,665.6,480.2,17.3
case2_0144,bangkok_tou,2024,5,False,661.3,297.4,14.8
case2_0144,bangkok_tou,2024,6,False,473.2,342.7,13.4
case2_0144,bangkok_tou,2024,7,False,539.7,344.2,14.3
case2_0144,bangkok_tou,2024,8,False,439.6,336.0,9.8
case2_0144,bangkok_tou,2024,9,False,551.7,354.1,14.4
case2_0144,bangkok_tou,2024,10,False,470.9,298.6,11.9
case2_0144,bangkok_tou,2024,11,False,580.7,331.8,12.9
case2_0144,bangkok_tou,2024,12,False,513.7,274.7,11.2
case2_0144,bangkok_tou,2025,1,False,494.5,269.9,10.8
case2_0144,bangkok_tou,2025,2,False,458.9,328.8,12.8
case2_0144,bangkok_tou,2025,3,False,622.9,376.8,13.4
case2_0144,bangkok_tou,2025,4,False,732.2,496.4,16.0
case2_0144,bangkok_tou,2025,5,False,650.2,489.1,17.9
case2_0144,bangkok_tou,2025,6,False,526.6,371.0,11.9
case2_0144,bangkok_tou,2025,7,False,621.4,344.3,14.7
case2_0144,bangkok_tou,2025,8,False,585.3,244.7,15.8
case2_0144,bangkok_tou,2025,9,False,688.5,337.4,15.1
case2_0144,bangkok_tou,2025,10,False,554.2,401.6,12.9
case2_0144,bangkok_tou,2025,11,False,513.6,397.7,14.5
case2_0144,bangkok_tou,2025,12,False,423.9,243.0,14.6
case2_0144,bangkok_tou,2026,1,False,329.7,214.1,13.9
case2_0144,bangkok_tou,2026,2,False,585.0,311.3,13.4
case2_0144,bangkok_tou,2026,3,False,554.6,310.3,14.0
case2_0144,bangkok_tou,2026,4,False,626.3,427.6,17.3
case2_0144,bangkok_tou,2026,5,False,753.2,489.8,16.4
case2_0144,bangkok_tou,2026,6,False,723.7,402.5,13.6
case2_0144,bangkok_tou,2026,7,False,598.5,301.8,13.3
case2_0144,bangkok_tou,2026,8,False,544.9,421.8,12.8
case2_0145,bangkok_tou,2024,3,True,87.9,211.8,20.7
case2_0145,bangkok_tou,2024,4,True,105.5,252.7,20.2
case2_0145,bangkok_tou,2024,5,True,100.9,216.3,21.8
case2_0145,bangkok_tou,2024,6,True,102.1,224.9,22.3
case2_0145,bangkok_tou,2024,7,True,61.6,174.6,22.3
case2_0145,bangkok_tou,2024,8,True,128.7,146.7,19.2
case2_0145,bangkok_tou,2024,9,True,100.8,204.6,18.6
case2_0145,bangkok_tou,2024,10,True,73.0,174.0,18.9
case2_0145,bangkok_tou,2024,11,True,74.9,132.5,20.9
case2_0145,bangkok_tou,2024,12,True,62.5,149.3,19.3
case2_0145,bangkok_tou,2025,1,True,59.9,150.2,18.6
case2_0145,bangkok_tou,2025,2,True,80.6,148.9,17.2
case2_0145,bangkok_tou,2025,3,True,101.2,179.5,22.7
case2_0145,bangkok_tou,2025,4,True,121.3,217.6,23.1
case2_0145,bangkok_tou,2025,5,True,97.8,194.0,19.3
case2_0145,bangkok_tou,2025,6,True,64.4,179.7,24.4
case2_0145,bangkok_tou,2025,7,True,80.5,173.4,20.7
case2_0145,bangkok_tou,2025,8,True,89.7,169.2,18.3
case2_0145,bangkok_tou,2025,9,True,92.5,179.0,11.6
case2_0145,bangkok_tou,2025,10,True,59.1,171.1,14.9
case2_0145,bangkok_tou,2025,11,True,66.0,146.6,15.7
case2_0145,bangkok_tou,2025,12,True,60.3,122.2,14.0
case2_0145,bangkok_tou,2026,1,True,68.4,122.4,15.4
case2_0145,bangkok_tou,2026,2,True,64.8,130.1,14.6
case2_0145,bangkok_tou,2026,3,True,81.2,201.3,19.0
case2_0145,bangkok_tou,2026,4,True,111.3,259.2,18.9
case2_0145,bangkok_tou,2026,5,True,108.2,213.2,17.6
case2_0145,bangkok_tou,2026,6,True,89.5,201.2,17.0
case2_0145,bangkok_tou,2026,7,True,83.7,149.2,17.2
case2_0145,bangkok_tou,2026,8,True,71.2,153.7,16.0
case2_0146,bangkok_tou,2024,3,True,166.1,403.1,12.1
case2_0146,bangkok_tou,2024,4,True,156.7,442.5,12.5
case2_0146,bangkok_tou,2024,5,True,160.0,330.8,12.3
case2_0146,bangkok_tou,2024,6,True,158.1,347.0,10.1
case2_0146,bangkok_tou,2024,7,True,126.1,282.5,11.9
case2_0146,bangkok_tou,2024,8,True,144.9,330.5,11.7
case2_0146,bangkok_tou,2024,9,True,142.2,328.5,10.8
case2_0146,bangkok_tou,2024,10,True,133.0,283.1,12.4
case2_0146,bangkok_tou,2024,11,True,124.8,333.5,10.5
case2_0146,bangkok_tou,2024,12,True,102.7,248.1,9.3
case2_0146,bangkok_tou,2025,1,True,116.0,288.6,9.9
case2_0146,bangkok_tou,2025,2,True,107.5,369.9,11.8
case2_0146,bangkok_tou,2025,3,True,178.4,385.8,11.0
case2_0146,bangkok_tou,2025,4,True,193.8,403.1,12.9
case2_0146,bangkok_tou,2025,5,True,232.2,408.9,13.1
case2_0146,bangkok_tou,2025,6,True,203.5,364.0,10.5
case2_0146,bangkok_tou,2025,7,True,111.4,342.9,11.3
case2_0146,bangkok_tou,2025,8,True,145.9,338.1,12.4
case2_0146,bangkok_tou,2025,9,True,163.3,269.2,10.3
case2_0146,bangkok_tou,2025,10,True,124.0,280.3,12.1
case2_0146,bangkok_tou,2025,11,True,109.9,303.7,12.0
case2_0146,bangkok_tou,2025,12,True,105.7,268.9,10.9
case2_0146,bangkok_tou,2026,1,True,93.3,237.9,11.6
case2_0146,bangkok_tou,2026,2,True,122.1,272.9,12.2
case2_0146,bangkok_tou,2026,3,True,236.0,388.6,11.5
case2_0146,bangkok_tou,2026,4,True,229.1,429.1,12.6
case2_0146,bangkok_tou,2026,5,True,157.5,419.8,14.3
case2_0146,bangkok_tou,2026,6,True,189.1,398.6,11.0
case2_0146,bangkok_tou,2026,7,True,151.2,343.1,10.5
case2_0146,bangkok_tou,2026,8,True,187.6,347.5,9.6
case2_0147,bangkok_tou,2024,3,False,167.7,106.4,17.2
case2_0147,bangkok_tou,2024,4,False,187.6,128.1,20.0
case2_0147,bangkok_tou,2024,5,False,160.3,125.9,17.3
case2_0147,bangkok_tou,2024,6,False,130.2,123.4,14.3
case2_0147,bangkok_tou,2024,7,False,128.4,88.2,15.9
case2_0147,bangkok_tou,2024,8,False,158.5,105.5,16.2
case2_0147,bangkok_tou,2024,9,False,145.7,108.0,14.5
case2_0147,bangkok_tou,2024,10,False,147.3,83.9,15.8
case2_0147,bangkok_tou,2024,11,False,115.6,88.6,13.1
case2_0147,bangkok_tou,2024,12,False,134.5,80.0,13.4
case2_0147,bangkok_tou,2025,1,False,111.5,75.9,15.6
case2_0147,bangkok_tou,2025,2,False,128.9,95.8,14.0
case2_0147,bangkok_tou,2025,3,False,139.0,101.2,14.6
case2_0147,bangkok_tou,2025,4,False,159.3,115.8,15.3
case2_0147,bangkok_tou,2025,5,False,207.1,112.1,13.2
case2_0147,bangkok_tou,2025,6,False,161.1,85.4,13.0
case2_0147,bangkok_tou,2025,7,False,184.2,106.9,10.9
case2_0147,bangkok_tou,2025,8,False,167.2,97.0,12.4
case2_0147,bangkok_tou,2025,9,False,126.1,97.4,14.1
case2_0147,bangkok_tou,2025,10,False,132.5,96.7,14.7
case2_0147,bangkok_tou,2025,11,False,132.4,95.1,13.9
case2_0147,bangkok_tou,2025,12,False,103.4,60.6,14.8
case2_0147,bangkok_tou,2026,1,False,100.8,63.9,13.5
case2_0147,bangkok_tou,2026,2,False,165.2,77.0,14.0
case2_0147,bangkok_tou,2026,3,False,167.2,125.0,17.5
case2_0147,bangkok_tou,2026,4,False,176.7,140.1,14.9
case2_0147,bangkok_tou,2026,5,False,186.7,136.8,14.2
case2_0147,bangkok_tou,2026,6,False,190.4,113.5,14.1
case2_0147,bangkok_tou,2026,7,False,191.3,86.6,15.0
case2_0147,bangkok_tou,2026,8,False,121.6,84.8,13.6
case2_0148,bangkok_tou,2024,3,False,186.3,155.1,27.6
case2_0148,bangkok_tou,2024,4,False,197.9,166.8,27.1
case2_0148,bangkok_tou,2024,5,False,200.4,145.0,23.2
case2_0148,bangkok_tou,2024,6,False,197.4,183.2,28.3
case2_0148,bangkok_tou,2024,7,False,174.2,158.1,23.2
case2_0148,bangkok_tou,2024,8,False,213.5,141.6,27.3
case2_0148,bangkok_tou,2024,9,False,182.4,139.8,26.0
case2_0148,bangkok_tou,2024,10,False,168.0,139.1,21.3
case2_0148,bangkok_tou,2024,11,False,180.4,139.7,25.8
case2_0148,bangkok_tou,2024,12,False,158.7,91.7,22.3
case2_0148,bangkok_tou,2025,1,False,133.6,78.8,25.9
case2_0148,bangkok_tou,2025,2,False,147.3,113.2,25.0
case2_0148,bangkok_tou,2025,3,False,187.7,119.3,31.6
case2_0148,bangkok_tou,2025,4,False,240.9,165.3,27.7
case2_0148,bangkok_tou,2025,5,False,249.5,166.3,27.7
case2_0148,bangkok_tou,2025,6,False,245.1,143.0,27.4
case2_0148,bangkok_tou,2025,7,False,186.9,132.8,23.4
case2_0148,bangkok_tou,2025,8,False,214.9,118.5,20.7
case2_0148,bangkok_tou,2025,9,False,150.6,148.4,24.0
case2_0148,bangkok_tou,2025,10,False,201.5,111.7,24.3
case2_0148,bangkok_tou,2025,11,False,180.1,139.4,24.6
case2_0148,bangkok_tou,2025,12,False,130.4,97.2,19.1
case2_0148,bangkok_tou,2026,1,False,127.7,96.9,20.3
case2_0148,bangkok_tou,2026,2,False,141.7,87.0,24.8
case2_0148,bangkok_tou,2026,3,False,168.8,162.1,24.3
case2_0148,bangkok_tou,2026,4,False,211.7,144.2,27.9
case2_0148,bangkok_tou,2026,5,False,206.3,157.8,28.1
case2_0148,bangkok_tou,2026,6,False,257.1,131.1,30.7
case2_0148,bangkok_tou,2026,7,False,196.4,175.8,28.5
case2_0148,bangkok_tou,2026,8,False,208.8,138.9,26.0
case2_0149,bangkok_tou,2024,3,False,223.3,115.6,13.1
case2_0149,bangkok_tou,2024,4,False,246.0,176.7,16.5
case2_0149,bangkok_tou,2024,5,False,232.6,141.6,16.7
case2_0149,bangkok_tou,2024,6,False,245.0,118.1,13.4
case2_0149,bangkok_tou,2024,7,False,240.6,129.9,15.1
case2_0149,bangkok_tou,2024,8,False,167.2,103.7,15.0
case2_0149,bangkok_tou,2024,9,False,210.7,101.6,13.8
case2_0149,bangkok_tou,2024,10,False,146.9,76.4,13.6
case2_0149,bangkok_tou,2024,11,False,142.6,97.0,14.6
case2_0149,bangkok_tou,2024,12,False,155.0,82.1,13.0
case2_0149,bangkok_tou,2025,1,False,148.1,105.2,15.7
case2_0149,bangkok_tou,2025,2,False,185.3,133.1,17.2
case2_0149,bangkok_tou,2025,3,False,214.5,113.8,16.9
case2_0149,bangkok_tou,2025,4,False,254.8,161.4,18.4
case2_0149,bangkok_tou,2025,5,False,270.9,134.6,17.1
case2_0149,bangkok_tou,2025,6,False,204.1,108.2,18.1
case2_0149,bangkok_tou,2025,7,False,176.4,140.1,19.5
case2_0149,bangkok_tou,2025,8,False,185.4,140.9,16.8
case2_0149,bangkok_tou,2025,9,False,182.0,103.3,16.2
case2_0149,bangkok_tou,2025,10,False,222.3,117.6,14.8
case2_0149,bangkok_tou,2025,11,False,167.3,93.7,12.6
case2_0149,bangkok_tou,2025,12,False,158.4,92.1,13.4
case2_0149,bangkok_tou,2026,1,False,185.4,96.2,16.5
case2_0149,bangkok_tou,2026,2,False,220.7,126.1,18.8
case2_0149,bangkok_tou,2026,3,False,252.9,137.9,14.7
case2_0149,bangkok_tou,2026,4,False,249.6,154.9,18.2
case2_0149,bangkok_tou,2026,5,False,222.1,148.8,20.0
case2_0149,bangkok_tou,2026,6,False,216.3,124.5,17.1
case2_0149,bangkok_tou,2026,7,False,242.1,103.9,16.8
case2_0149,bangkok_tou,2026,8,False,219.0,146.2,14.1
